customer_id,tenure_months,monthly_charges,total_charges,support_tickets_90d,usage_drop_pct,late_payments_12m,satisfaction_score,contract_type,payment_method,internet_service,tech_support,senior_citizen,dependents,autopay,churn
CUST-00001,7,67.47,525.07,2,-6.5,1,9.0,One year,Bank transfer,Fiber optic,Yes,0,0,1,0
CUST-00002,56,65.17,3961.38,1,33.4,1,4.7,One year,Credit card,Fiber optic,No,0,0,1,1
CUST-00003,48,99.53,5060.84,1,15.0,0,4.8,Month-to-month,Electronic check,Fiber optic,No,0,0,0,1
CUST-00004,32,100.93,3231.69,2,21.3,2,8.9,One year,Electronic check,None,Yes,0,0,1,0
CUST-00005,32,63.02,1432.45,2,14.4,1,6.6,Two year,Credit card,Fiber optic,No,0,0,0,0
CUST-00006,62,66.71,3859.58,1,23.6,1,3.1,Two year,Electronic check,Fiber optic,Yes,0,1,0,0
CUST-00007,7,93.15,842.88,3,-6.3,0,5.8,Month-to-month,Credit card,Fiber optic,No,0,0,1,0
CUST-00008,51,54.83,2408.77,1,9.3,0,6.3,Two year,Electronic check,DSL,No,0,0,1,0
CUST-00009,15,66.51,915.98,3,16.1,0,6.5,Month-to-month,Credit card,Fiber optic,Yes,0,0,0,0
CUST-00010,7,80.51,648.19,1,28.7,0,8.5,Month-to-month,Credit card,Fiber optic,Yes,0,1,0,0
CUST-00011,38,105.89,4391.21,0,50.8,0,5.4,Month-to-month,Electronic check,DSL,Yes,0,0,0,1
CUST-00012,71,61.07,4192.22,2,14.5,0,8.8,Month-to-month,Electronic check,DSL,No,0,0,1,0
CUST-00013,53,26.41,1238.86,1,-2.6,0,7.6,Month-to-month,Electronic check,DSL,No,1,0,0,0
CUST-00014,55,24.34,1325.59,1,-11.1,1,4.8,Month-to-month,Electronic check,DSL,No,0,0,1,0
CUST-00015,52,42.74,2310.21,1,-6.5,0,6.5,One year,Bank transfer,DSL,No,0,0,0,0
CUST-00016,57,41.23,2311.55,1,-4.4,0,8.0,One year,Credit card,None,No,0,0,1,0
CUST-00017,37,73.67,2988.11,2,-35.0,1,7.2,One year,Credit card,DSL,No,1,0,0,0
CUST-00018,10,44.71,247.31,3,-2.8,1,7.8,Month-to-month,Electronic check,DSL,No,0,1,0,0
CUST-00019,61,58.32,3587.56,3,19.5,0,6.0,Month-to-month,Credit card,Fiber optic,Yes,0,0,0,0
CUST-00020,33,56.33,1970.19,2,9.2,1,8.1,One year,Electronic check,None,No,1,0,0,0
CUST-00021,37,65.67,2329.73,1,3.9,0,6.4,One year,Electronic check,DSL,No,0,1,1,0
CUST-00022,27,115.03,3315.74,1,-18.0,0,10.0,Month-to-month,Electronic check,DSL,No,0,0,1,0
CUST-00023,14,96.53,1388.66,1,24.8,1,4.7,Two year,Bank transfer,Fiber optic,No,0,1,1,0
CUST-00024,67,78.45,5453.36,4,16.2,2,10.0,One year,Electronic check,Fiber optic,Yes,0,1,1,0
CUST-00025,57,65.09,3758.66,0,7.8,0,5.4,One year,Electronic check,None,No,0,1,0,0
CUST-00026,47,65.87,3189.99,1,-27.2,1,9.4,One year,Bank transfer,Fiber optic,No,0,1,0,0
CUST-00027,29,87.18,2370.12,5,0.1,2,8.6,One year,Mailed check,DSL,Yes,0,1,1,0
CUST-00028,60,94.36,5503.91,0,14.9,1,5.5,One year,Credit card,Fiber optic,No,1,0,0,0
CUST-00029,40,52.59,2409.7,1,7.5,1,8.2,One year,Mailed check,Fiber optic,No,0,0,1,0
CUST-00030,32,79.02,2687.52,3,11.1,1,6.2,Month-to-month,Electronic check,Fiber optic,No,0,0,0,1
CUST-00031,33,21.11,440.89,1,19.0,0,7.6,Month-to-month,Mailed check,DSL,No,0,0,0,0
CUST-00032,17,83.93,1472.03,1,10.5,1,7.4,Month-to-month,Electronic check,Fiber optic,No,1,0,0,1
CUST-00033,7,99.34,101.94,4,18.4,0,6.5,Two year,Electronic check,Fiber optic,Yes,1,0,0,1
CUST-00034,40,70.16,2662.91,1,-5.5,0,6.3,Month-to-month,Electronic check,DSL,No,0,0,0,0
CUST-00035,64,128.86,8487.3,2,-11.6,1,7.7,Month-to-month,Bank transfer,DSL,No,0,1,0,0
CUST-00036,5,53.33,235.36,0,15.6,1,5.5,Month-to-month,Electronic check,DSL,No,0,0,1,0
CUST-00037,62,84.09,5243.06,1,18.9,3,5.5,Month-to-month,Credit card,None,No,0,0,0,0
CUST-00038,60,77.0,3865.9,2,16.3,1,8.8,Two year,Credit card,Fiber optic,Yes,0,0,0,0
CUST-00039,20,75.19,1405.74,4,10.1,0,7.9,One year,Electronic check,DSL,No,0,0,1,0
CUST-00040,46,74.8,3525.37,1,2.8,0,4.7,Month-to-month,Credit card,Fiber optic,No,0,0,1,0
CUST-00041,12,81.0,1088.32,2,11.4,0,5.3,Two year,Electronic check,Fiber optic,No,1,0,0,0
CUST-00042,55,101.74,5836.29,3,14.1,1,3.3,Two year,Electronic check,None,No,0,0,0,0
CUST-00043,51,116.58,5893.02,2,15.0,2,8.7,One year,Electronic check,Fiber optic,No,0,1,0,0
CUST-00044,26,77.94,1985.03,0,49.7,0,8.3,One year,Electronic check,DSL,No,0,0,1,0
CUST-00045,5,100.83,171.12,0,-6.7,0,5.1,One year,Electronic check,Fiber optic,No,0,1,0,0
CUST-00046,70,58.35,4033.37,4,59.6,0,8.3,One year,Electronic check,Fiber optic,Yes,1,1,1,0
CUST-00047,33,99.45,2966.46,0,-12.1,1,10.0,Two year,Electronic check,DSL,No,0,0,0,0
CUST-00048,65,56.66,3220.93,2,14.2,0,4.3,One year,Credit card,DSL,No,0,1,1,0
CUST-00049,49,108.54,5047.17,1,-11.1,0,6.0,Month-to-month,Credit card,DSL,No,0,0,0,0
CUST-00050,57,139.9,8351.47,1,12.9,0,4.3,Month-to-month,Mailed check,Fiber optic,Yes,0,0,1,0
CUST-00051,55,74.58,4034.26,0,23.7,2,8.8,Month-to-month,Electronic check,Fiber optic,No,0,1,0,0
CUST-00052,15,20.0,354.97,0,8.5,0,6.9,Month-to-month,Electronic check,DSL,No,0,0,1,0
CUST-00053,27,62.65,1563.18,2,23.6,2,6.4,One year,Bank transfer,Fiber optic,No,0,1,0,0
CUST-00054,34,112.49,3377.02,1,1.2,1,7.5,Two year,Credit card,Fiber optic,Yes,0,1,0,0
CUST-00055,36,93.49,3599.67,2,-24.8,1,6.1,Month-to-month,Electronic check,DSL,No,0,0,0,0
CUST-00056,4,84.97,20.0,4,18.0,2,6.4,Month-to-month,Credit card,Fiber optic,No,0,0,0,0
CUST-00057,40,106.24,4110.9,1,8.5,0,7.6,One year,Mailed check,DSL,Yes,0,0,0,0
CUST-00058,12,91.56,1085.07,4,0.3,0,6.0,Month-to-month,Electronic check,None,No,0,0,0,1
CUST-00059,54,112.1,6111.02,0,1.4,1,6.3,Month-to-month,Mailed check,None,No,1,0,0,1
CUST-00060,50,103.74,5005.38,2,14.5,1,6.8,One year,Electronic check,Fiber optic,No,0,1,1,0
CUST-00061,67,120.61,7621.38,2,-5.0,0,7.3,Month-to-month,Bank transfer,DSL,No,0,0,0,0
CUST-00062,54,88.05,4554.43,2,14.0,2,8.2,One year,Electronic check,DSL,Yes,0,1,1,0
CUST-00063,27,103.35,2603.26,1,27.0,1,8.1,One year,Credit card,DSL,No,0,1,0,1
CUST-00064,70,69.4,4664.73,3,41.0,0,4.4,One year,Electronic check,Fiber optic,No,0,1,1,0
CUST-00065,30,61.16,2077.31,0,30.5,0,9.6,Month-to-month,Bank transfer,None,Yes,1,0,0,0
CUST-00066,24,125.79,2715.56,1,10.6,0,7.2,Month-to-month,Electronic check,DSL,No,0,0,1,0
CUST-00067,66,84.05,5622.54,2,12.1,1,6.5,Month-to-month,Bank transfer,Fiber optic,No,0,1,1,0
CUST-00068,27,100.54,2754.15,3,1.6,1,5.5,Month-to-month,Credit card,Fiber optic,Yes,0,0,0,1
CUST-00069,6,81.46,728.87,3,0.5,1,10.0,Month-to-month,Electronic check,Fiber optic,Yes,0,0,0,0
CUST-00070,34,61.58,2060.44,2,22.0,0,10.0,One year,Bank transfer,Fiber optic,Yes,0,1,0,0
CUST-00071,58,78.31,4739.76,1,3.1,3,10.0,Month-to-month,Mailed check,Fiber optic,No,0,0,1,0
CUST-00072,14,118.21,1611.88,0,13.9,1,7.3,Two year,Mailed check,Fiber optic,Yes,1,0,1,1
CUST-00073,34,93.55,3289.3,3,-7.4,0,7.7,Two year,Mailed check,DSL,No,0,0,0,0
CUST-00074,10,30.08,20.0,3,29.9,0,9.8,Month-to-month,Electronic check,DSL,No,0,0,0,0
CUST-00075,50,71.97,2938.93,2,2.8,2,6.7,Month-to-month,Bank transfer,Fiber optic,No,0,0,0,0
CUST-00076,35,127.9,4570.89,3,25.4,2,8.1,Month-to-month,Credit card,Fiber optic,No,0,0,0,1
CUST-00077,24,72.01,1836.04,2,-3.3,1,7.5,One year,Mailed check,Fiber optic,No,0,0,0,0
CUST-00078,17,27.59,587.91,1,-4.1,0,10.0,Month-to-month,Electronic check,Fiber optic,Yes,0,0,1,0
CUST-00079,41,131.01,5240.18,2,29.2,0,9.7,Month-to-month,Mailed check,DSL,Yes,0,0,1,0
CUST-00080,49,97.11,5130.82,1,-2.0,0,6.9,One year,Bank transfer,Fiber optic,Yes,0,0,0,0
CUST-00081,68,76.04,5055.75,2,-17.1,0,9.8,Month-to-month,Credit card,Fiber optic,No,0,0,0,0
CUST-00082,32,67.6,2268.42,3,-8.6,1,7.1,Month-to-month,Bank transfer,Fiber optic,No,0,1,0,0
CUST-00083,12,108.31,1448.38,4,21.7,0,6.1,Month-to-month,Electronic check,DSL,Yes,1,0,1,1
CUST-00084,60,62.82,4198.89,1,20.2,5,6.6,Month-to-month,Electronic check,None,No,0,0,0,0
CUST-00085,46,110.15,4987.64,0,-4.2,0,7.4,One year,Electronic check,None,Yes,0,0,0,0
CUST-00086,51,93.18,4588.88,1,-2.1,0,5.7,One year,Credit card,Fiber optic,No,0,0,0,0
CUST-00087,8,84.85,304.26,3,18.8,0,6.2,Month-to-month,Bank transfer,DSL,Yes,0,0,0,0
CUST-00088,23,82.07,2275.7,0,29.1,0,4.5,One year,Bank transfer,DSL,No,0,0,1,0
CUST-00089,56,73.1,4198.95,2,6.9,0,5.6,Month-to-month,Credit card,Fiber optic,No,0,0,0,0
CUST-00090,60,107.28,6550.07,2,16.9,0,7.5,Month-to-month,Bank transfer,DSL,No,0,0,0,0
CUST-00091,32,53.77,2499.82,3,22.0,0,9.0,One year,Electronic check,Fiber optic,Yes,0,1,1,0
CUST-00092,58,32.59,1971.48,1,42.4,1,8.7,Month-to-month,Electronic check,Fiber optic,No,0,0,1,0
CUST-00093,61,95.2,5481.62,1,-10.5,0,7.9,One year,Bank transfer,None,No,0,0,0,0
CUST-00094,28,95.67,2629.78,2,-2.7,1,4.3,Month-to-month,Bank transfer,Fiber optic,Yes,0,1,1,0
CUST-00095,65,91.45,5700.55,1,-0.1,0,5.6,Month-to-month,Mailed check,DSL,Yes,0,1,1,0
CUST-00096,21,89.42,1778.85,2,21.2,0,6.7,Month-to-month,Mailed check,None,No,0,0,1,1
CUST-00097,18,69.02,1141.71,3,4.0,2,8.8,One year,Bank transfer,Fiber optic,No,0,0,1,0
CUST-00098,50,100.05,4855.74,2,13.0,4,6.1,Month-to-month,Electronic check,None,No,0,0,1,0
CUST-00099,46,76.72,3180.8,2,9.9,0,4.9,Two year,Credit card,Fiber optic,No,0,0,0,0
CUST-00100,11,64.36,1106.09,2,8.0,0,9.7,Month-to-month,Electronic check,DSL,No,0,0,1,0
CUST-00101,60,69.27,4230.91,2,9.7,0,5.8,Month-to-month,Bank transfer,Fiber optic,No,1,0,0,0
CUST-00102,15,134.58,1962.33,1,24.5,0,5.1,Two year,Mailed check,DSL,Yes,0,0,0,1
CUST-00103,58,29.42,1895.77,2,-7.5,1,7.5,Month-to-month,Mailed check,Fiber optic,Yes,0,1,0,0
CUST-00104,1,91.99,209.76,2,5.6,2,7.0,Month-to-month,Mailed check,DSL,No,0,0,0,1
CUST-00105,58,30.98,1865.76,1,-11.4,0,6.2,Month-to-month,Electronic check,DSL,No,1,0,0,0
CUST-00106,57,74.97,4444.54,0,11.6,0,7.1,Month-to-month,Bank transfer,Fiber optic,No,0,0,1,0
CUST-00107,57,65.86,3787.5,0,4.9,0,5.4,One year,Credit card,None,No,0,1,1,0
CUST-00108,48,20.0,1127.56,2,25.1,1,6.2,One year,Electronic check,None,No,1,0,1,0
CUST-00109,34,88.89,3210.54,1,7.9,1,7.0,Month-to-month,Credit card,DSL,Yes,0,0,0,0
CUST-00110,51,67.36,3476.04,1,0.9,1,3.4,One year,Bank transfer,DSL,No,0,1,1,0
CUST-00111,20,20.0,344.9,0,4.1,0,8.8,Month-to-month,Mailed check,Fiber optic,Yes,1,0,1,0
CUST-00112,57,101.51,6168.67,0,35.6,0,4.6,One year,Bank transfer,Fiber optic,Yes,1,0,0,0
CUST-00113,41,118.18,4725.9,3,-17.1,2,5.4,One year,Electronic check,Fiber optic,No,0,0,1,0
CUST-00114,34,119.72,4168.31,3,-2.0,1,8.9,Two year,Mailed check,Fiber optic,Yes,0,0,1,0
CUST-00115,37,88.05,3361.33,6,8.6,2,8.1,Two year,Credit card,Fiber optic,No,0,1,0,0
CUST-00116,41,79.29,3098.5,0,-2.2,0,7.3,Two year,Bank transfer,Fiber optic,No,0,0,0,0
CUST-00117,3,115.19,143.61,1,15.9,0,4.0,Two year,Mailed check,DSL,No,0,0,1,0
CUST-00118,11,125.11,1287.75,1,7.1,1,6.0,Two year,Credit card,Fiber optic,No,0,0,1,0
CUST-00119,18,109.74,1852.27,1,12.1,1,6.7,One year,Credit card,Fiber optic,No,1,1,0,0
CUST-00120,9,51.64,100.23,2,9.9,0,6.8,Month-to-month,Bank transfer,DSL,No,0,0,1,0
CUST-00121,32,83.64,2513.61,3,6.4,1,9.2,One year,Credit card,Fiber optic,No,0,0,0,0
CUST-00122,49,90.31,4491.75,1,-12.7,2,10.0,One year,Credit card,DSL,Yes,0,1,0,0
CUST-00123,48,27.33,1628.33,2,10.8,0,8.2,Two year,Credit card,DSL,No,0,0,0,0
CUST-00124,34,91.14,3237.36,2,-20.2,1,6.1,One year,Mailed check,Fiber optic,No,0,1,0,0
CUST-00125,62,141.64,8131.8,1,-2.8,0,9.3,Month-to-month,Electronic check,Fiber optic,No,0,1,0,0
CUST-00126,41,95.92,4093.05,0,15.8,3,6.0,Month-to-month,Credit card,DSL,Yes,0,1,0,0
CUST-00127,6,119.26,576.02,5,27.0,0,2.4,Month-to-month,Credit card,DSL,Yes,0,0,0,1
CUST-00128,56,83.12,4767.99,1,45.6,0,4.9,Month-to-month,Electronic check,DSL,Yes,0,1,0,0
CUST-00129,42,75.95,3186.37,3,1.1,0,2.8,One year,Credit card,DSL,No,0,1,1,0
CUST-00130,46,88.68,4031.11,0,-5.8,0,6.4,Month-to-month,Credit card,DSL,No,0,0,0,0
CUST-00131,41,55.16,2236.0,4,16.4,0,6.8,Month-to-month,Bank transfer,Fiber optic,Yes,1,0,0,0
CUST-00132,40,51.01,2034.79,2,37.9,1,4.2,Month-to-month,Electronic check,Fiber optic,No,0,0,0,0
CUST-00133,7,113.46,1130.32,0,32.5,0,5.6,Two year,Electronic check,DSL,No,0,0,1,1
CUST-00134,41,116.43,4768.71,1,-8.6,1,4.5,Month-to-month,Electronic check,Fiber optic,No,0,0,1,0
CUST-00135,58,50.25,3185.88,1,5.8,1,6.9,Month-to-month,Bank transfer,DSL,Yes,0,0,1,0
CUST-00136,22,105.1,2547.18,1,21.6,0,5.6,Month-to-month,Credit card,DSL,No,1,0,0,1
CUST-00137,44,75.57,3491.84,4,22.7,1,8.9,Month-to-month,Bank transfer,DSL,Yes,1,0,0,0
CUST-00138,3,87.51,20.0,1,17.5,0,7.4,One year,Bank transfer,Fiber optic,No,1,1,1,0
CUST-00139,26,90.89,2642.3,1,0.8,0,10.0,Two year,Bank transfer,DSL,Yes,0,0,0,0
CUST-00140,32,105.84,3272.4,0,17.3,1,6.3,Month-to-month,Credit card,DSL,Yes,0,0,0,0
CUST-00141,71,80.32,5881.65,0,22.9,0,10.0,Two year,Mailed check,Fiber optic,Yes,0,1,1,0
CUST-00142,16,117.48,1636.55,0,-6.9,0,7.1,One year,Credit card,DSL,No,0,0,0,0
CUST-00143,20,86.66,1436.93,4,29.3,1,6.1,Month-to-month,Credit card,Fiber optic,Yes,0,0,0,0
CUST-00144,30,95.48,3358.5,1,23.9,3,10.0,Month-to-month,Electronic check,DSL,No,0,0,1,0
CUST-00145,72,54.67,3696.99,3,-3.9,0,3.8,Month-to-month,Mailed check,Fiber optic,No,1,0,0,0
CUST-00146,62,138.44,8869.81,3,22.8,4,6.1,Month-to-month,Mailed check,DSL,No,0,0,0,1
CUST-00147,3,91.16,303.09,3,21.0,0,4.1,Month-to-month,Mailed check,DSL,Yes,0,0,1,1
CUST-00148,17,97.96,1560.29,0,21.6,1,3.8,Two year,Credit card,Fiber optic,Yes,0,1,0,0
CUST-00149,60,32.97,1966.99,1,33.2,0,3.4,Month-to-month,Electronic check,None,No,1,0,0,0
CUST-00150,5,54.96,20.0,1,7.8,0,8.2,Two year,Bank transfer,None,Yes,0,1,0,0
CUST-00151,62,112.66,6981.48,2,13.3,0,4.7,Month-to-month,Electronic check,Fiber optic,No,0,0,0,0
CUST-00152,21,86.03,1535.94,1,-34.2,0,6.6,Month-to-month,Bank transfer,Fiber optic,No,1,0,1,0
CUST-00153,67,24.41,1536.61,1,25.9,0,8.7,One year,Bank transfer,DSL,Yes,0,1,0,0
CUST-00154,22,107.07,2586.86,1,24.3,1,7.9,Two year,Mailed check,Fiber optic,Yes,0,1,1,0
CUST-00155,32,62.77,2072.19,1,29.7,1,7.8,Two year,Bank transfer,Fiber optic,No,0,0,1,0
CUST-00156,48,117.52,5270.42,3,-7.0,0,9.3,Month-to-month,Bank transfer,Fiber optic,No,0,0,1,0
CUST-00157,10,75.54,968.27,3,23.4,0,10.0,Month-to-month,Credit card,Fiber optic,No,1,0,0,0
CUST-00158,41,83.73,3431.16,1,24.3,1,4.8,Month-to-month,Electronic check,DSL,Yes,0,1,0,0
CUST-00159,37,111.01,3971.82,0,-2.4,1,8.0,Month-to-month,Electronic check,Fiber optic,No,0,1,1,0
CUST-00160,57,52.87,3200.26,2,24.9,0,6.6,Month-to-month,Credit card,Fiber optic,No,0,0,0,0
CUST-00161,72,50.2,3572.6,2,15.4,1,6.8,One year,Electronic check,None,No,1,1,0,0
CUST-00162,48,72.5,3188.58,1,-19.2,1,4.4,Month-to-month,Electronic check,Fiber optic,No,0,0,1,0
CUST-00163,30,101.16,3496.75,2,17.4,1,6.1,Two year,Bank transfer,Fiber optic,No,0,0,0,0
CUST-00164,30,40.74,1217.88,2,-4.3,1,6.3,One year,Electronic check,DSL,Yes,0,1,1,0
CUST-00165,31,31.3,949.95,0,-18.8,1,9.7,Month-to-month,Electronic check,DSL,Yes,0,0,0,0
CUST-00166,59,101.06,5861.26,2,13.9,0,5.0,Month-to-month,Bank transfer,None,No,0,0,0,0
CUST-00167,24,61.12,1761.87,3,7.0,0,2.8,One year,Mailed check,Fiber optic,No,0,0,0,1
CUST-00168,13,67.02,740.04,1,30.5,1,7.1,Month-to-month,Electronic check,DSL,No,0,1,1,1
CUST-00169,25,26.01,264.01,1,10.9,1,4.8,Month-to-month,Bank transfer,DSL,No,0,1,0,0
CUST-00170,2,58.99,20.0,0,20.5,0,6.8,Month-to-month,Bank transfer,DSL,No,0,0,1,0
CUST-00171,8,77.79,954.01,0,16.1,1,8.3,Month-to-month,Credit card,Fiber optic,No,0,0,1,1
CUST-00172,7,104.05,936.38,3,24.3,1,6.9,One year,Bank transfer,Fiber optic,No,0,0,0,0
CUST-00173,56,56.41,3095.21,1,-6.2,1,6.3,Month-to-month,Credit card,DSL,No,0,0,0,0
CUST-00174,53,124.41,6937.04,3,11.2,0,6.8,Month-to-month,Mailed check,DSL,No,0,0,0,0
CUST-00175,51,58.83,3187.32,2,5.7,1,8.6,One year,Electronic check,Fiber optic,No,0,0,1,0
CUST-00176,34,58.87,1934.93,1,18.5,0,5.0,One year,Credit card,DSL,No,0,0,1,0
CUST-00177,52,121.05,6253.12,2,12.1,0,8.4,Month-to-month,Electronic check,Fiber optic,No,0,1,0,0
CUST-00178,12,83.92,1089.37,4,-1.8,0,5.3,Month-to-month,Credit card,DSL,Yes,0,0,1,0
CUST-00179,65,62.54,3857.13,2,2.6,2,8.2,Month-to-month,Credit card,Fiber optic,No,0,1,1,0
CUST-00180,37,73.66,2726.55,2,34.4,0,4.3,Month-to-month,Bank transfer,Fiber optic,Yes,0,0,0,1
CUST-00181,68,115.89,7957.65,3,-19.1,1,8.1,Month-to-month,Bank transfer,DSL,Yes,0,0,0,0
CUST-00182,11,119.05,887.81,1,19.3,0,6.9,One year,Bank transfer,Fiber optic,No,1,0,0,1
CUST-00183,36,55.13,1937.35,2,27.9,1,7.3,Month-to-month,Electronic check,Fiber optic,No,0,1,0,0
CUST-00184,51,76.81,3841.55,1,17.3,0,8.8,Two year,Bank transfer,Fiber optic,No,0,0,0,0
CUST-00185,36,80.52,3155.74,3,39.5,2,5.6,Month-to-month,Credit card,DSL,No,0,0,1,0
CUST-00186,33,50.39,1201.75,2,23.0,0,7.1,Month-to-month,Bank transfer,None,No,0,1,0,0
CUST-00187,12,76.44,821.9,0,14.1,0,7.6,Two year,Bank transfer,DSL,Yes,1,1,1,0
CUST-00188,28,78.15,2067.76,1,0.5,3,6.6,Two year,Bank transfer,DSL,No,0,1,1,0
CUST-00189,18,109.93,2218.76,0,14.4,1,8.4,Month-to-month,Credit card,DSL,No,0,0,0,0
CUST-00190,22,111.81,2448.93,0,18.9,1,7.7,Month-to-month,Bank transfer,DSL,Yes,0,0,1,0
CUST-00191,50,68.78,3888.02,2,8.1,0,6.1,One year,Credit card,Fiber optic,Yes,0,0,1,0
CUST-00192,46,72.01,3478.01,3,-3.9,0,9.4,One year,Mailed check,Fiber optic,Yes,1,0,0,0
CUST-00193,44,96.6,4147.84,1,-11.3,2,8.1,Month-to-month,Electronic check,DSL,Yes,0,0,0,0
CUST-00194,27,61.61,1723.38,1,11.0,0,5.6,Month-to-month,Electronic check,None,No,0,1,0,0
CUST-00195,70,94.48,6525.08,1,-15.7,1,5.6,Month-to-month,Mailed check,None,Yes,0,1,1,0
CUST-00196,7,75.54,743.63,1,0.5,0,6.7,One year,Credit card,Fiber optic,No,0,0,1,0
CUST-00197,25,50.86,938.45,2,-30.9,0,7.9,Month-to-month,Bank transfer,None,No,0,0,0,0
CUST-00198,9,51.21,254.97,2,21.3,0,3.1,Month-to-month,Electronic check,Fiber optic,No,0,0,0,0
CUST-00199,25,118.52,3076.92,1,26.5,0,5.7,Two year,Bank transfer,DSL,No,0,0,0,1
CUST-00200,70,73.62,5459.84,1,9.3,2,6.1,Two year,Credit card,DSL,No,0,0,1,0
CUST-00201,27,123.93,2795.62,2,37.3,0,4.5,One year,Bank transfer,Fiber optic,No,1,1,0,1
CUST-00202,66,63.62,4542.54,2,29.6,1,5.3,Month-to-month,Credit card,DSL,Yes,0,1,0,0
CUST-00203,36,86.15,3066.37,2,15.7,1,7.3,Month-to-month,Electronic check,Fiber optic,No,0,0,1,0
CUST-00204,51,144.99,6923.52,3,6.2,1,6.2,One year,Bank transfer,None,No,0,1,0,1
CUST-00205,33,48.39,846.44,2,2.4,2,6.4,One year,Electronic check,Fiber optic,No,0,1,0,0
CUST-00206,20,24.86,114.85,3,17.0,1,4.6,Month-to-month,Bank transfer,DSL,No,0,1,0,0
CUST-00207,56,114.02,6380.19,6,5.7,0,6.7,Month-to-month,Mailed check,Fiber optic,Yes,0,0,0,1
CUST-00208,70,54.85,3823.03,1,16.8,1,4.4,Two year,Electronic check,Fiber optic,No,0,0,1,0
CUST-00209,19,77.42,1629.28,1,18.0,0,9.7,Month-to-month,Credit card,Fiber optic,Yes,0,0,1,0
CUST-00210,57,61.59,3373.26,1,4.3,0,10.0,Two year,Electronic check,Fiber optic,No,0,0,0,0
CUST-00211,19,85.51,1347.68,6,25.5,0,6.2,Month-to-month,Bank transfer,Fiber optic,No,0,0,0,1
CUST-00212,52,51.38,2568.49,1,4.3,0,5.1,One year,Electronic check,Fiber optic,Yes,0,0,1,0
CUST-00213,57,72.96,4167.12,0,8.3,0,8.6,Month-to-month,Bank transfer,None,No,0,1,0,1
CUST-00214,33,90.59,3047.16,2,-7.6,0,8.2,Month-to-month,Mailed check,Fiber optic,No,0,0,1,0
CUST-00215,54,49.77,2490.29,0,3.7,1,10.0,Two year,Electronic check,DSL,Yes,0,0,1,0
CUST-00216,20,58.4,1393.36,1,42.5,2,10.0,One year,Electronic check,DSL,No,0,0,1,0
CUST-00217,6,68.27,254.27,1,-6.4,0,3.5,Month-to-month,Electronic check,DSL,Yes,0,0,1,0
CUST-00218,7,37.99,48.5,2,15.0,0,9.2,Month-to-month,Bank transfer,Fiber optic,Yes,0,0,1,0
CUST-00219,33,66.17,2048.01,1,0.7,0,6.7,Month-to-month,Electronic check,Fiber optic,Yes,1,0,1,0
CUST-00220,65,81.33,5555.16,5,-27.4,1,8.1,One year,Mailed check,Fiber optic,No,0,0,1,0
CUST-00221,10,66.81,634.9,0,16.9,2,8.5,Month-to-month,Credit card,Fiber optic,Yes,0,0,0,0
CUST-00222,33,70.4,2149.57,1,-0.9,0,8.4,Month-to-month,Credit card,DSL,No,0,0,0,0
CUST-00223,51,77.44,4180.97,2,13.1,2,8.9,Month-to-month,Electronic check,DSL,No,0,1,1,0
CUST-00224,15,59.64,1430.29,2,23.8,1,6.1,One year,Bank transfer,DSL,No,0,0,0,0
CUST-00225,52,97.35,5114.62,2,11.8,1,5.4,Month-to-month,Credit card,DSL,No,0,1,1,0
CUST-00226,23,118.21,3027.29,0,13.3,0,9.2,Two year,Bank transfer,DSL,No,0,0,1,0
CUST-00227,59,65.0,4094.02,0,-5.9,0,5.5,One year,Credit card,Fiber optic,Yes,0,0,0,0
CUST-00228,42,91.59,3695.37,0,19.3,1,10.0,Two year,Credit card,DSL,No,0,0,0,0
CUST-00229,40,71.29,2858.26,0,5.0,1,5.7,Month-to-month,Mailed check,Fiber optic,No,0,1,0,0
CUST-00230,13,88.23,826.35,0,-24.0,2,6.4,Month-to-month,Bank transfer,None,Yes,0,1,0,0
CUST-00231,34,121.84,4091.32,6,21.2,0,6.8,Two year,Credit card,DSL,Yes,0,0,1,0
CUST-00232,62,92.24,5562.33,4,26.1,0,4.3,Month-to-month,Electronic check,DSL,Yes,0,0,0,0
CUST-00233,2,28.34,20.0,0,31.7,1,4.3,Two year,Bank transfer,DSL,Yes,0,0,0,0
CUST-00234,55,90.71,4801.58,1,42.7,0,8.7,Month-to-month,Credit card,DSL,No,0,1,0,0
CUST-00235,36,112.52,3978.95,1,20.4,0,4.0,Two year,Bank transfer,DSL,No,0,0,0,1
CUST-00236,52,71.8,3866.66,2,16.2,4,10.0,One year,Electronic check,None,No,1,1,0,0
CUST-00237,48,105.88,5052.37,1,25.5,1,6.9,One year,Bank transfer,Fiber optic,Yes,0,0,0,0
CUST-00238,32,58.68,1411.67,2,-6.2,3,5.2,One year,Electronic check,DSL,No,0,0,0,0
CUST-00239,23,36.4,650.67,0,-18.8,1,7.9,Month-to-month,Bank transfer,Fiber optic,Yes,0,0,1,0
CUST-00240,46,81.95,3389.85,1,0.4,0,2.7,Month-to-month,Electronic check,Fiber optic,No,0,0,1,0
CUST-00241,11,28.82,378.04,3,28.4,0,6.5,Month-to-month,Bank transfer,Fiber optic,Yes,0,0,0,0
CUST-00242,43,71.29,3191.3,3,-2.6,0,6.7,Two year,Bank transfer,Fiber optic,No,0,0,1,0
CUST-00243,7,114.03,862.35,1,15.4,0,4.8,Month-to-month,Electronic check,Fiber optic,No,0,0,0,1
CUST-00244,47,24.53,956.06,0,17.2,1,6.0,Month-to-month,Credit card,Fiber optic,No,0,0,0,0
CUST-00245,46,42.17,2001.53,2,11.9,1,9.8,Month-to-month,Electronic check,DSL,Yes,0,0,0,0
CUST-00246,7,49.1,226.17,6,-12.4,0,7.4,Two year,Credit card,DSL,No,0,0,1,0
CUST-00247,55,76.23,3908.09,0,13.5,0,7.8,Two year,Mailed check,Fiber optic,Yes,1,1,0,0
CUST-00248,30,67.76,2218.28,1,1.3,0,5.7,Two year,Mailed check,DSL,No,0,1,0,0
CUST-00249,57,117.18,6883.77,2,35.2,0,4.7,Month-to-month,Bank transfer,None,No,0,0,0,0
CUST-00250,3,104.72,551.38,1,26.2,0,6.7,One year,Bank transfer,Fiber optic,Yes,0,0,0,0
CUST-00251,13,91.87,1042.22,2,1.8,1,2.7,Month-to-month,Bank transfer,Fiber optic,No,0,1,0,0
CUST-00252,36,82.08,3249.72,1,36.3,1,5.1,One year,Bank transfer,None,No,0,1,0,0
CUST-00253,14,89.01,1122.74,1,13.5,0,4.8,Two year,Electronic check,Fiber optic,No,0,1,1,0
CUST-00254,24,53.86,1456.02,1,-18.7,0,3.4,Month-to-month,Electronic check,None,No,0,0,1,0
CUST-00255,48,102.0,4768.27,2,6.7,0,8.3,Month-to-month,Mailed check,None,No,1,0,0,0
CUST-00256,11,46.86,459.46,1,34.2,1,6.9,Month-to-month,Electronic check,Fiber optic,No,0,0,1,0
CUST-00257,49,101.39,4362.82,2,-5.1,2,6.0,Month-to-month,Bank transfer,DSL,No,0,1,0,0
CUST-00258,8,111.21,814.2,2,6.9,2,8.3,Month-to-month,Electronic check,None,Yes,0,0,0,1
CUST-00259,13,83.9,1113.47,3,-13.8,1,4.1,Month-to-month,Electronic check,Fiber optic,Yes,0,0,0,0
CUST-00260,43,73.07,3039.5,2,-11.2,1,4.7,Month-to-month,Electronic check,Fiber optic,No,0,0,0,0
CUST-00261,58,89.21,5613.23,3,-5.3,1,9.1,Month-to-month,Bank transfer,Fiber optic,No,0,0,0,0
CUST-00262,13,20.0,20.0,3,-11.6,0,10.0,One year,Bank transfer,DSL,Yes,0,0,1,0
CUST-00263,22,86.46,1761.22,1,-1.9,1,8.3,One year,Mailed check,DSL,No,0,0,0,0
CUST-00264,67,74.83,4787.39,0,35.8,0,7.9,Two year,Credit card,DSL,No,0,0,0,0
CUST-00265,72,76.58,5372.82,1,7.4,0,6.1,Month-to-month,Credit card,Fiber optic,No,0,1,0,0
CUST-00266,42,97.78,4364.61,2,20.6,1,6.1,One year,Bank transfer,DSL,Yes,0,0,1,0
CUST-00267,33,75.91,2874.54,2,25.5,0,7.5,Two year,Electronic check,DSL,No,1,0,0,0
CUST-00268,25,46.07,976.55,1,-9.7,1,9.6,Month-to-month,Credit card,Fiber optic,No,0,0,1,0
CUST-00269,45,74.04,3151.05,2,-5.3,0,7.9,One year,Bank transfer,None,No,0,0,0,0
CUST-00270,43,79.89,3145.99,1,20.3,1,8.8,Two year,Credit card,Fiber optic,Yes,1,0,0,0
CUST-00271,22,81.22,2113.41,1,-2.1,0,5.5,One year,Electronic check,Fiber optic,No,0,0,0,0
CUST-00272,2,82.53,445.31,3,19.2,1,8.2,Month-to-month,Bank transfer,Fiber optic,No,0,0,0,1
CUST-00273,11,107.1,1151.6,2,34.8,0,5.9,Month-to-month,Electronic check,DSL,No,0,1,1,1
CUST-00274,70,47.59,2982.28,1,-15.3,2,7.4,Month-to-month,Electronic check,DSL,Yes,0,1,1,0
CUST-00275,31,82.92,2243.85,1,2.3,1,8.2,One year,Credit card,None,Yes,0,0,0,0
CUST-00276,35,114.12,4036.86,0,4.8,0,6.1,One year,Credit card,DSL,No,0,0,0,0
CUST-00277,34,29.43,1137.95,1,-0.4,1,5.3,Month-to-month,Mailed check,None,Yes,0,1,0,0
CUST-00278,57,83.03,4216.17,1,-1.7,0,7.8,Month-to-month,Credit card,DSL,Yes,0,0,0,0
CUST-00279,5,61.61,227.72,0,0.1,1,6.9,Month-to-month,Credit card,None,No,0,0,0,0
CUST-00280,6,67.62,810.29,2,7.8,0,7.3,One year,Credit card,None,Yes,1,1,0,0
CUST-00281,20,52.67,999.02,3,10.6,0,8.3,Month-to-month,Credit card,DSL,No,0,0,0,0
CUST-00282,36,73.25,3009.41,0,23.3,1,9.5,Month-to-month,Credit card,Fiber optic,No,0,0,0,0
CUST-00283,49,129.56,6510.7,1,7.6,0,8.3,One year,Electronic check,None,Yes,0,0,0,0
CUST-00284,36,42.6,1262.53,2,25.9,1,8.1,Month-to-month,Mailed check,DSL,No,0,0,0,0
CUST-00285,32,45.25,1374.83,0,-1.5,2,6.2,One year,Bank transfer,DSL,No,1,0,0,0
CUST-00286,68,41.55,2793.23,2,-11.2,1,6.5,Month-to-month,Electronic check,DSL,No,0,0,1,0
CUST-00287,12,126.37,1278.31,3,3.1,0,7.9,Month-to-month,Bank transfer,Fiber optic,Yes,0,0,0,1
CUST-00288,42,65.05,2489.63,1,15.4,0,6.4,Two year,Credit card,Fiber optic,No,0,0,1,0
CUST-00289,40,77.28,3467.89,1,21.8,0,7.9,Month-to-month,Credit card,Fiber optic,No,0,1,1,0
CUST-00290,35,66.72,2090.86,3,31.4,2,5.6,Month-to-month,Electronic check,DSL,No,0,1,0,0
CUST-00291,59,51.56,3311.65,1,12.6,1,10.0,Two year,Bank transfer,DSL,Yes,0,0,0,0
CUST-00292,20,71.42,1319.28,1,20.0,0,7.4,One year,Credit card,DSL,No,0,0,1,0
CUST-00293,69,146.83,10124.86,3,29.9,1,7.3,Month-to-month,Credit card,DSL,Yes,0,0,0,0
CUST-00294,24,116.98,2947.98,2,-4.5,1,6.2,One year,Electronic check,Fiber optic,No,0,0,0,1
CUST-00295,40,54.12,2015.16,2,4.6,0,10.0,Month-to-month,Credit card,DSL,Yes,0,0,0,0
CUST-00296,38,96.13,3794.92,0,52.3,0,4.8,One year,Credit card,Fiber optic,No,1,1,0,1
CUST-00297,62,54.72,2881.03,2,21.7,0,5.8,One year,Electronic check,DSL,No,0,0,0,0
CUST-00298,32,28.26,1014.25,2,16.2,0,8.6,Month-to-month,Electronic check,DSL,Yes,0,1,0,0
CUST-00299,21,106.55,1620.42,1,22.3,0,7.5,One year,Bank transfer,Fiber optic,Yes,0,1,0,0
CUST-00300,2,110.48,164.25,1,-13.4,0,6.1,Month-to-month,Credit card,DSL,No,0,1,1,0
CUST-00301,27,107.29,3110.39,3,-2.3,1,6.1,Month-to-month,Mailed check,Fiber optic,No,0,0,1,1
CUST-00302,60,64.84,4045.97,2,-8.2,0,6.6,Month-to-month,Mailed check,None,No,0,0,1,0
CUST-00303,1,73.33,20.0,3,14.7,0,7.3,Two year,Credit card,Fiber optic,Yes,0,0,1,0
CUST-00304,65,98.99,6141.93,1,2.1,0,9.9,One year,Bank transfer,DSL,No,0,0,0,0
CUST-00305,40,88.96,3386.23,1,9.5,0,8.2,Two year,Electronic check,DSL,No,1,1,0,0
CUST-00306,11,66.98,783.33,1,3.0,0,8.9,Month-to-month,Credit card,None,No,0,0,1,0
CUST-00307,22,32.67,210.76,3,-18.0,0,6.3,Month-to-month,Bank transfer,DSL,No,0,1,1,0
CUST-00308,40,81.19,3244.29,1,22.2,1,8.0,One year,Credit card,DSL,No,0,0,1,1
CUST-00309,23,108.21,2566.69,1,-20.2,0,4.3,Month-to-month,Mailed check,DSL,No,0,0,1,0
CUST-00310,8,44.47,285.0,2,-3.6,1,7.4,Two year,Electronic check,DSL,No,0,0,0,0
CUST-00311,48,95.89,4734.05,4,-13.0,0,7.3,One year,Bank transfer,Fiber optic,Yes,0,0,0,0
CUST-00312,49,87.28,4332.65,0,-6.1,0,10.0,Two year,Bank transfer,None,No,0,0,1,0
CUST-00313,9,99.0,755.59,3,11.2,1,9.9,Month-to-month,Bank transfer,DSL,No,0,0,0,0
CUST-00314,21,102.42,1666.77,1,27.8,0,6.6,Month-to-month,Electronic check,DSL,No,0,0,0,0
CUST-00315,18,58.55,1087.25,2,-17.0,1,5.6,Month-to-month,Credit card,Fiber optic,Yes,0,0,1,0
CUST-00316,48,32.73,1332.77,0,-0.9,1,5.7,Two year,Electronic check,Fiber optic,No,1,0,1,0
CUST-00317,53,63.06,3197.59,4,-20.0,1,6.6,Month-to-month,Bank transfer,Fiber optic,No,1,0,0,0
CUST-00318,53,102.9,5573.48,3,-1.7,0,9.4,One year,Mailed check,Fiber optic,Yes,0,0,0,0
CUST-00319,68,62.82,4626.09,2,9.2,2,7.8,One year,Bank transfer,DSL,No,1,0,0,0
CUST-00320,56,58.57,3270.4,4,20.3,0,8.0,Two year,Electronic check,Fiber optic,No,0,0,1,0
CUST-00321,24,27.0,786.52,1,-25.9,3,8.6,Two year,Credit card,DSL,No,0,0,1,0
CUST-00322,8,127.07,655.44,2,16.8,0,5.3,Two year,Electronic check,Fiber optic,Yes,1,0,1,1
CUST-00323,45,101.12,4611.78,2,-7.6,1,5.8,Month-to-month,Electronic check,Fiber optic,Yes,0,1,0,0
CUST-00324,66,99.56,6555.98,3,-11.5,1,8.0,Two year,Mailed check,DSL,No,0,0,0,0
CUST-00325,71,105.1,7769.41,0,9.1,2,5.7,Month-to-month,Credit card,DSL,No,0,0,0,0
CUST-00326,17,94.15,1465.44,1,18.0,3,4.4,One year,Electronic check,Fiber optic,No,0,0,0,0
CUST-00327,18,71.16,1220.47,1,6.4,0,5.2,Month-to-month,Credit card,None,No,0,0,1,0
CUST-00328,3,73.41,484.93,0,-9.5,1,9.0,Two year,Bank transfer,Fiber optic,Yes,0,0,1,0
CUST-00329,11,66.03,703.32,2,6.4,0,6.4,Month-to-month,Mailed check,DSL,Yes,0,0,1,0
CUST-00330,40,151.77,5793.59,5,-3.6,0,7.5,Two year,Bank transfer,DSL,No,1,0,1,1
CUST-00331,40,93.57,4380.71,0,17.7,0,5.2,Month-to-month,Credit card,Fiber optic,No,1,0,0,0
CUST-00332,27,65.01,1485.62,1,25.2,0,7.8,One year,Electronic check,DSL,No,0,0,0,0
CUST-00333,23,91.03,2077.51,5,24.2,0,6.6,Month-to-month,Electronic check,Fiber optic,Yes,0,0,0,0
CUST-00334,60,49.7,3068.67,2,7.7,2,7.9,Month-to-month,Electronic check,Fiber optic,Yes,1,1,1,0
CUST-00335,34,120.13,4151.32,2,26.0,1,6.2,Two year,Credit card,Fiber optic,Yes,0,0,1,0
CUST-00336,59,59.49,3462.47,2,-8.3,2,8.0,One year,Bank transfer,DSL,No,1,1,1,0
CUST-00337,70,92.03,6395.91,1,36.5,1,6.2,Month-to-month,Electronic check,Fiber optic,Yes,0,0,1,0
CUST-00338,23,107.85,2421.82,0,-8.4,3,7.0,One year,Electronic check,Fiber optic,No,1,1,1,0
CUST-00339,15,88.77,1052.57,2,-24.5,0,6.6,One year,Bank transfer,Fiber optic,Yes,0,0,0,0
CUST-00340,69,80.65,6102.4,0,29.8,0,7.1,One year,Electronic check,DSL,Yes,0,1,0,0
CUST-00341,46,78.3,3546.8,2,-3.4,0,7.6,Month-to-month,Credit card,Fiber optic,Yes,1,0,1,0
CUST-00342,21,76.42,1754.05,2,9.9,0,6.2,Two year,Credit card,DSL,No,0,0,0,0
CUST-00343,45,61.85,2699.59,1,-8.5,0,6.9,Month-to-month,Credit card,Fiber optic,Yes,1,0,1,0
CUST-00344,38,65.41,2396.89,2,45.8,1,7.4,One year,Mailed check,Fiber optic,No,0,0,0,0
CUST-00345,66,119.43,7768.52,1,37.1,0,8.0,Month-to-month,Credit card,DSL,No,0,0,1,0
CUST-00346,19,74.96,1036.78,1,32.7,1,7.0,One year,Bank transfer,DSL,No,0,0,1,0
CUST-00347,72,56.0,3991.84,3,9.4,1,5.5,Month-to-month,Credit card,DSL,No,1,0,1,0
CUST-00348,68,63.54,4218.97,3,23.7,1,7.3,Month-to-month,Electronic check,None,No,0,1,0,0
CUST-00349,14,108.81,1816.22,2,7.2,1,8.3,Two year,Electronic check,None,Yes,0,1,0,0
CUST-00350,12,96.92,863.86,5,26.0,1,4.7,Two year,Bank transfer,DSL,No,0,0,1,1
CUST-00351,39,93.69,3509.62,1,1.4,1,4.7,Two year,Electronic check,Fiber optic,No,0,1,1,0
CUST-00352,4,70.79,58.55,2,33.4,0,5.9,One year,Credit card,Fiber optic,No,0,1,0,0
CUST-00353,22,94.05,2429.73,1,0.6,1,6.8,Month-to-month,Electronic check,None,No,0,0,0,0
CUST-00354,32,59.98,1702.01,1,2.4,1,3.1,One year,Bank transfer,DSL,Yes,1,1,0,0
CUST-00355,70,70.73,5091.67,0,0.5,0,8.1,Month-to-month,Bank transfer,DSL,No,0,1,1,0
CUST-00356,72,105.15,7813.34,2,11.1,1,6.8,Month-to-month,Electronic check,DSL,Yes,0,0,0,0
CUST-00357,11,102.48,1090.75,2,1.8,0,2.9,Month-to-month,Electronic check,DSL,No,0,0,0,1
CUST-00358,65,50.51,2938.95,1,15.8,3,5.1,Month-to-month,Bank transfer,DSL,No,0,0,0,0
CUST-00359,7,54.05,37.31,1,0.3,0,6.6,Month-to-month,Electronic check,Fiber optic,No,0,0,0,0
CUST-00360,54,81.04,4591.1,1,20.7,0,3.9,Month-to-month,Electronic check,Fiber optic,No,0,0,1,1
CUST-00361,61,126.33,7390.98,1,32.3,0,8.8,One year,Electronic check,Fiber optic,No,0,1,1,0
CUST-00362,65,24.36,1681.41,1,9.2,0,7.4,Two year,Bank transfer,None,Yes,0,0,0,0
CUST-00363,17,85.79,1487.02,0,43.5,0,8.3,Month-to-month,Credit card,Fiber optic,Yes,0,0,0,1
CUST-00364,65,39.47,2659.83,2,26.0,2,5.2,Month-to-month,Credit card,None,No,0,1,1,0
CUST-00365,9,60.24,660.06,1,42.2,0,7.8,Month-to-month,Bank transfer,DSL,Yes,0,0,1,0
CUST-00366,38,67.8,2342.98,1,7.0,2,5.9,One year,Credit card,None,No,0,0,0,0
CUST-00367,34,66.23,2007.94,2,-18.6,0,6.8,Month-to-month,Mailed check,None,No,0,0,1,0
CUST-00368,23,63.05,1628.88,1,-3.3,0,7.7,One year,Bank transfer,Fiber optic,No,0,0,1,0
CUST-00369,2,78.2,20.0,3,-1.7,1,7.0,Month-to-month,Mailed check,DSL,Yes,0,1,0,0
CUST-00370,56,63.01,2841.02,1,-7.2,1,8.6,One year,Credit card,DSL,No,0,0,1,0
CUST-00371,25,37.05,1088.44,1,-27.1,0,7.4,One year,Electronic check,Fiber optic,No,0,0,0,0
CUST-00372,48,99.84,4533.25,1,24.4,1,6.3,Month-to-month,Bank transfer,Fiber optic,Yes,0,0,0,0
CUST-00373,30,99.08,3089.18,5,-21.8,0,8.6,Two year,Mailed check,DSL,Yes,0,0,1,0
CUST-00374,27,101.61,3091.68,0,22.9,4,9.0,Month-to-month,Electronic check,None,No,0,0,1,1
CUST-00375,64,34.86,2235.23,3,43.0,1,7.3,Month-to-month,Electronic check,Fiber optic,No,0,1,0,0
CUST-00376,7,86.37,853.53,4,-4.5,3,9.5,One year,Electronic check,Fiber optic,No,0,0,1,1
CUST-00377,54,96.93,5272.67,4,14.2,0,6.7,Month-to-month,Electronic check,None,No,0,1,1,0
CUST-00378,54,49.13,3049.88,4,1.6,2,6.9,Two year,Electronic check,Fiber optic,No,0,1,1,0
CUST-00379,28,78.26,1925.75,1,21.2,1,7.1,Month-to-month,Bank transfer,None,No,0,1,1,0
CUST-00380,19,74.74,1418.01,3,-11.1,0,6.9,Two year,Credit card,Fiber optic,No,0,0,1,0
CUST-00381,1,129.58,297.87,3,5.9,2,6.5,One year,Electronic check,Fiber optic,Yes,0,0,1,1
CUST-00382,68,131.89,8920.92,1,25.9,4,5.8,One year,Credit card,Fiber optic,Yes,0,0,0,1
CUST-00383,69,31.4,2454.65,2,7.2,0,5.3,Month-to-month,Mailed check,Fiber optic,No,0,1,0,0
CUST-00384,18,147.83,2552.93,2,-18.1,0,7.3,Month-to-month,Bank transfer,Fiber optic,No,1,0,1,1
CUST-00385,3,52.37,674.45,2,27.9,0,9.3,Two year,Mailed check,DSL,No,0,1,1,0
CUST-00386,9,105.46,1479.69,2,-12.7,0,8.6,One year,Bank transfer,Fiber optic,Yes,0,0,0,1
CUST-00387,5,105.17,596.37,3,9.3,0,7.8,Two year,Electronic check,None,Yes,0,1,1,0
CUST-00388,60,50.12,3145.35,2,17.3,0,9.3,Month-to-month,Electronic check,Fiber optic,No,0,1,0,0
CUST-00389,65,91.81,6265.57,4,9.9,1,7.1,One year,Bank transfer,DSL,Yes,0,0,1,0
CUST-00390,12,74.99,603.08,3,48.6,0,5.3,Two year,Mailed check,DSL,No,0,1,0,0
CUST-00391,54,93.52,4722.08,0,19.7,0,6.5,One year,Electronic check,Fiber optic,No,0,0,1,0
CUST-00392,13,84.46,1412.08,3,4.8,0,7.0,Month-to-month,Bank transfer,DSL,No,0,0,1,0
CUST-00393,27,111.5,3079.0,1,17.6,2,6.2,Two year,Credit card,Fiber optic,Yes,0,0,1,0
CUST-00394,44,80.11,3468.21,1,11.4,2,8.2,Month-to-month,Mailed check,DSL,No,0,0,0,0
CUST-00395,52,73.3,3814.38,1,8.7,0,8.8,Month-to-month,Mailed check,DSL,No,0,0,0,0
CUST-00396,63,108.69,6250.96,2,11.9,0,4.0,Month-to-month,Electronic check,Fiber optic,No,0,0,0,0
CUST-00397,4,94.25,329.36,0,1.1,1,6.8,Two year,Electronic check,DSL,Yes,0,0,0,0
CUST-00398,15,98.49,1289.09,2,11.4,1,1.9,Two year,Electronic check,Fiber optic,Yes,0,1,0,1
CUST-00399,21,59.39,1476.71,0,-0.1,2,6.9,Two year,Electronic check,None,Yes,0,0,1,0
CUST-00400,23,48.73,1369.55,3,-22.3,1,6.9,Month-to-month,Mailed check,DSL,No,0,0,0,0
CUST-00401,72,62.1,4615.37,4,26.2,0,10.0,One year,Credit card,Fiber optic,Yes,0,0,0,0
CUST-00402,56,60.62,3493.58,2,-1.0,0,9.8,Month-to-month,Mailed check,Fiber optic,No,0,0,1,0
CUST-00403,24,100.01,2025.9,5,10.3,0,8.8,Month-to-month,Bank transfer,Fiber optic,Yes,0,1,1,1
CUST-00404,70,105.33,7520.76,2,-4.2,1,5.4,Two year,Bank transfer,DSL,No,0,1,0,0
CUST-00405,36,73.66,2809.11,1,-3.7,0,5.3,Month-to-month,Electronic check,DSL,Yes,0,0,1,0
CUST-00406,37,118.07,4679.89,1,-8.6,0,5.1,Month-to-month,Bank transfer,DSL,No,0,0,0,0
CUST-00407,32,116.32,4251.79,5,23.2,1,9.8,One year,Credit card,Fiber optic,Yes,0,0,0,0
CUST-00408,11,84.82,509.88,2,27.0,0,5.5,One year,Credit card,DSL,No,0,1,0,0
CUST-00409,68,54.99,3642.2,4,8.4,1,6.4,Month-to-month,Credit card,DSL,No,0,1,0,0
CUST-00410,2,122.11,58.65,1,-0.6,1,5.5,One year,Credit card,DSL,Yes,0,0,1,0
CUST-00411,13,76.29,1034.9,2,-19.1,1,4.8,Two year,Electronic check,Fiber optic,No,0,1,1,0
CUST-00412,17,81.53,1389.36,1,20.7,0,7.7,Month-to-month,Electronic check,Fiber optic,Yes,0,1,0,0
CUST-00413,21,68.49,1379.77,1,-2.8,1,7.4,Two year,Credit card,Fiber optic,No,0,1,1,0
CUST-00414,10,53.09,787.8,2,-9.9,0,3.1,One year,Bank transfer,DSL,No,0,1,1,0
CUST-00415,2,36.88,20.0,3,8.5,2,4.8,Month-to-month,Electronic check,DSL,No,0,1,0,1
CUST-00416,49,95.72,4430.0,2,2.7,1,7.6,Month-to-month,Electronic check,Fiber optic,Yes,0,0,0,0
CUST-00417,70,56.06,3668.14,0,-16.3,0,7.0,Month-to-month,Mailed check,DSL,Yes,0,0,0,0
CUST-00418,9,163.67,1382.95,2,-14.1,0,6.4,One year,Credit card,Fiber optic,No,0,0,0,1
CUST-00419,22,47.59,739.83,2,13.4,1,8.2,Month-to-month,Electronic check,Fiber optic,Yes,0,1,0,0
CUST-00420,37,42.79,1571.09,3,-2.5,1,4.5,Month-to-month,Credit card,DSL,No,0,0,0,0
CUST-00421,67,92.28,6141.39,1,16.2,1,6.0,Month-to-month,Electronic check,Fiber optic,No,0,0,0,0
CUST-00422,50,120.82,5844.37,3,10.3,0,8.0,Two year,Electronic check,DSL,Yes,1,1,0,0
CUST-00423,56,79.81,4687.8,2,24.8,1,5.9,Month-to-month,Electronic check,DSL,Yes,1,0,0,0
CUST-00424,42,94.02,3933.96,4,-5.3,0,7.7,Month-to-month,Electronic check,Fiber optic,Yes,1,0,0,0
CUST-00425,31,26.38,1083.44,4,11.7,0,5.0,Two year,Mailed check,DSL,No,1,1,0,0
CUST-00426,15,59.03,836.69,2,18.2,0,5.6,Month-to-month,Electronic check,Fiber optic,No,1,0,0,0
CUST-00427,63,47.94,3014.17,2,-2.0,1,3.9,One year,Bank transfer,DSL,No,0,0,0,0
CUST-00428,58,24.94,1305.82,3,26.0,3,3.4,Month-to-month,Credit card,Fiber optic,No,0,0,0,0
CUST-00429,2,81.28,160.8,3,-18.7,1,6.2,Month-to-month,Electronic check,Fiber optic,No,0,0,0,0
CUST-00430,52,20.0,1218.06,2,-5.3,2,7.9,Month-to-month,Bank transfer,Fiber optic,No,1,0,0,0
CUST-00431,7,40.98,184.03,1,-19.3,1,6.9,Two year,Bank transfer,Fiber optic,No,0,0,0,0
CUST-00432,54,62.96,3529.44,2,-3.8,1,9.2,One year,Electronic check,Fiber optic,Yes,0,0,1,0
CUST-00433,60,54.72,3080.01,3,5.5,0,6.4,Month-to-month,Electronic check,DSL,Yes,0,0,1,0
CUST-00434,10,89.1,1080.76,3,21.3,1,3.3,One year,Credit card,DSL,No,0,1,1,0
CUST-00435,32,86.56,2624.94,2,5.5,0,7.7,Two year,Bank transfer,Fiber optic,No,0,0,1,0
CUST-00436,9,103.03,1140.19,4,-1.5,1,5.2,Month-to-month,Electronic check,Fiber optic,No,0,0,1,1
CUST-00437,41,99.07,4077.11,2,-16.8,0,7.3,Month-to-month,Bank transfer,Fiber optic,Yes,1,1,0,0
CUST-00438,67,109.94,7746.22,4,-11.4,0,3.0,Month-to-month,Credit card,DSL,No,0,0,1,0
CUST-00439,6,77.95,179.18,2,13.0,0,6.6,Month-to-month,Credit card,DSL,Yes,0,0,0,0
CUST-00440,29,86.5,2139.46,0,22.1,0,8.4,Two year,Mailed check,DSL,Yes,1,0,0,0
CUST-00441,71,92.32,6400.67,2,1.3,0,8.1,One year,Credit card,DSL,No,0,1,0,0
CUST-00442,22,81.97,1457.19,7,27.4,0,6.6,Two year,Electronic check,DSL,No,0,0,0,0
CUST-00443,10,66.88,323.12,1,-7.2,1,7.0,Two year,Electronic check,Fiber optic,No,0,0,1,0
CUST-00444,36,68.69,2628.23,1,1.8,0,6.2,One year,Bank transfer,DSL,No,0,0,0,0
CUST-00445,37,55.11,2038.03,3,3.1,0,6.6,One year,Bank transfer,Fiber optic,No,0,0,0,0
CUST-00446,48,89.81,4190.96,4,32.5,0,8.2,Two year,Bank transfer,DSL,Yes,0,1,1,0
CUST-00447,23,75.37,1636.77,3,10.1,0,5.8,One year,Credit card,DSL,Yes,0,0,1,1
CUST-00448,69,59.43,3951.36,1,-20.8,1,5.9,Two year,Electronic check,Fiber optic,Yes,0,0,0,0
CUST-00449,38,59.46,2672.07,5,23.2,2,4.3,Two year,Mailed check,Fiber optic,No,0,0,0,0
CUST-00450,21,44.11,742.43,2,37.5,2,8.3,Month-to-month,Bank transfer,Fiber optic,No,1,0,1,0
CUST-00451,70,105.41,7048.17,2,4.0,0,6.5,One year,Credit card,DSL,No,0,1,0,0
CUST-00452,67,80.2,5572.41,3,-6.4,1,4.8,One year,Bank transfer,Fiber optic,No,1,0,0,0
CUST-00453,36,53.84,1884.3,0,21.8,0,8.6,Month-to-month,Credit card,Fiber optic,Yes,0,0,0,0
CUST-00454,2,100.64,710.97,2,39.4,2,6.9,Month-to-month,Mailed check,DSL,Yes,1,0,0,1
CUST-00455,43,62.31,2547.78,1,21.6,1,5.7,Month-to-month,Electronic check,DSL,No,0,0,0,0
CUST-00456,40,38.62,1756.3,1,-18.0,2,8.6,Month-to-month,Bank transfer,DSL,Yes,0,1,1,0
CUST-00457,11,106.59,1443.04,3,20.1,0,6.4,Month-to-month,Credit card,DSL,Yes,0,0,0,0
CUST-00458,46,62.96,2765.83,1,14.5,1,4.2,Month-to-month,Credit card,None,No,0,0,0,1
CUST-00459,61,66.55,3873.82,7,-7.3,1,8.7,One year,Credit card,Fiber optic,No,0,0,0,0
CUST-00460,8,79.15,818.54,3,28.6,0,5.5,One year,Electronic check,Fiber optic,No,0,0,0,0
CUST-00461,53,109.99,5973.19,1,15.0,1,10.0,Month-to-month,Credit card,DSL,Yes,0,1,1,0
CUST-00462,11,78.56,511.51,2,29.0,0,6.2,Month-to-month,Credit card,Fiber optic,No,0,0,1,1
CUST-00463,54,44.42,2116.57,2,-9.0,1,3.4,Month-to-month,Electronic check,DSL,No,1,0,0,0
CUST-00464,31,93.23,2256.02,2,14.4,0,10.0,Month-to-month,Credit card,None,No,1,0,1,0
CUST-00465,1,64.42,213.27,3,-6.3,1,6.9,One year,Bank transfer,DSL,Yes,0,1,0,0
CUST-00466,70,130.86,9094.74,1,12.0,1,7.5,One year,Electronic check,Fiber optic,No,0,0,0,0
CUST-00467,12,77.97,895.1,3,31.6,1,7.7,Month-to-month,Electronic check,None,No,0,0,0,0
CUST-00468,43,20.0,437.14,2,-14.8,1,4.6,Month-to-month,Credit card,Fiber optic,No,0,0,1,0
CUST-00469,14,88.01,957.61,4,-13.9,3,3.1,Two year,Electronic check,Fiber optic,No,0,0,1,1
CUST-00470,68,132.45,8887.11,3,23.3,0,10.0,Two year,Electronic check,Fiber optic,No,0,0,1,0
CUST-00471,54,122.13,6426.94,4,7.8,0,4.2,One year,Credit card,Fiber optic,No,1,1,1,1
CUST-00472,58,129.27,7527.12,0,26.7,1,10.0,Month-to-month,Electronic check,Fiber optic,No,0,1,0,0
CUST-00473,32,49.45,1728.27,2,-4.9,0,7.9,Month-to-month,Electronic check,Fiber optic,No,0,1,1,0
CUST-00474,34,103.54,4087.76,0,8.8,1,7.3,Month-to-month,Mailed check,DSL,Yes,0,0,0,0
CUST-00475,46,57.78,2652.88,0,19.0,0,6.2,Month-to-month,Bank transfer,DSL,No,0,0,0,0
CUST-00476,57,84.28,5082.81,1,11.4,1,10.0,One year,Electronic check,DSL,No,0,0,0,0
CUST-00477,61,42.36,2376.47,2,-20.6,0,5.8,Month-to-month,Electronic check,DSL,No,0,0,1,0
CUST-00478,2,59.96,20.0,6,53.2,0,5.8,Two year,Electronic check,DSL,No,0,0,1,0
CUST-00479,48,59.07,2747.28,2,11.4,2,8.2,One year,Credit card,None,Yes,0,0,1,0
CUST-00480,8,103.16,425.85,1,-13.4,1,5.8,Two year,Bank transfer,Fiber optic,Yes,0,0,1,0
CUST-00481,21,100.42,2112.49,2,13.0,1,5.2,Two year,Electronic check,Fiber optic,No,1,0,1,0
CUST-00482,60,85.75,4949.89,0,14.9,2,6.9,Month-to-month,Mailed check,DSL,Yes,0,0,1,0
CUST-00483,19,40.19,275.04,1,23.9,0,8.2,One year,Credit card,Fiber optic,Yes,0,1,0,0
CUST-00484,58,69.27,4451.67,2,22.8,1,10.0,Two year,Credit card,Fiber optic,No,0,0,1,0
CUST-00485,34,57.11,1807.35,0,4.6,1,10.0,Month-to-month,Credit card,Fiber optic,No,1,0,0,0
CUST-00486,17,102.35,1330.55,1,-19.6,2,3.8,Month-to-month,Mailed check,DSL,No,0,0,0,0
CUST-00487,25,110.99,2999.29,4,15.4,1,8.9,Month-to-month,Bank transfer,Fiber optic,No,0,0,1,0
CUST-00488,39,107.58,4013.47,2,-18.3,0,5.2,Month-to-month,Electronic check,DSL,No,0,0,0,0
CUST-00489,56,56.85,3456.14,2,27.4,1,5.3,One year,Electronic check,DSL,Yes,1,0,1,0
CUST-00490,44,20.0,696.65,4,-3.7,1,6.0,Month-to-month,Electronic check,Fiber optic,Yes,0,0,1,0
CUST-00491,68,28.53,1804.82,2,18.2,1,5.9,Month-to-month,Credit card,DSL,No,0,1,1,0
CUST-00492,63,117.81,7508.24,3,-2.5,0,5.1,One year,Credit card,DSL,No,1,0,0,0
CUST-00493,55,66.76,3820.1,1,0.1,1,2.8,Two year,Electronic check,Fiber optic,No,1,0,1,0
CUST-00494,44,56.98,2699.24,0,-4.8,0,9.6,Month-to-month,Electronic check,DSL,No,0,0,1,0
CUST-00495,21,123.99,2581.35,1,19.5,1,8.6,One year,Credit card,DSL,Yes,0,0,1,0
CUST-00496,30,113.42,3534.75,2,-1.9,0,7.0,Two year,Bank transfer,DSL,No,0,0,0,0
CUST-00497,9,78.68,894.53,1,20.3,1,5.3,Month-to-month,Credit card,Fiber optic,Yes,0,1,1,0
CUST-00498,27,69.78,1934.2,3,-1.5,2,9.2,One year,Mailed check,Fiber optic,No,0,1,0,0
CUST-00499,67,74.3,4942.44,2,4.3,1,6.9,Month-to-month,Credit card,DSL,No,0,0,0,0
CUST-00500,31,84.36,2253.84,5,8.6,0,6.0,One year,Electronic check,DSL,No,1,1,1,0
CUST-00501,9,122.8,1254.99,2,10.5,1,4.0,Two year,Credit card,Fiber optic,No,0,0,0,1
CUST-00502,47,89.83,4232.55,2,-6.8,0,8.0,Month-to-month,Credit card,None,No,0,0,0,0
CUST-00503,70,98.33,6779.7,4,19.3,0,6.4,Two year,Credit card,DSL,No,0,1,1,0
CUST-00504,63,110.74,7296.06,3,3.7,0,7.5,Month-to-month,Electronic check,DSL,Yes,0,1,1,0
CUST-00505,20,45.25,548.04,2,16.7,0,7.3,Two year,Credit card,DSL,No,0,0,1,0
CUST-00506,33,99.14,3682.63,4,7.7,0,8.2,Month-to-month,Credit card,DSL,No,0,0,0,0
CUST-00507,39,69.75,2714.68,5,17.4,2,7.4,Month-to-month,Bank transfer,Fiber optic,No,0,0,1,0
CUST-00508,18,20.0,439.38,2,1.4,0,6.5,Two year,Electronic check,Fiber optic,Yes,0,1,0,0
CUST-00509,20,20.0,301.24,3,-4.6,0,8.0,One year,Electronic check,DSL,Yes,0,0,0,0
CUST-00510,18,49.49,474.05,2,14.8,0,8.7,Month-to-month,Credit card,DSL,No,0,0,0,0
CUST-00511,72,92.87,6651.74,3,0.1,1,9.8,One year,Electronic check,DSL,Yes,0,0,0,0
CUST-00512,54,81.19,4467.95,0,31.3,0,5.0,Month-to-month,Bank transfer,Fiber optic,No,0,0,1,0
CUST-00513,61,83.16,5241.82,3,9.1,2,9.0,Two year,Bank transfer,Fiber optic,Yes,0,1,0,0
CUST-00514,59,132.63,7775.66,1,-14.0,1,4.2,Month-to-month,Electronic check,Fiber optic,Yes,0,0,1,0
CUST-00515,70,42.47,2424.77,1,-1.4,2,8.8,Month-to-month,Credit card,Fiber optic,No,0,1,0,0
CUST-00516,8,77.23,232.42,2,-8.0,0,5.9,Month-to-month,Electronic check,DSL,No,1,0,0,0
CUST-00517,64,86.52,6050.28,5,25.2,1,8.5,One year,Bank transfer,Fiber optic,No,0,1,1,0
CUST-00518,5,57.38,20.0,3,20.4,1,9.7,Month-to-month,Electronic check,DSL,Yes,0,0,0,0
CUST-00519,35,78.79,3114.41,4,7.0,1,7.4,Month-to-month,Bank transfer,DSL,Yes,0,0,0,0
CUST-00520,43,33.2,1194.08,2,12.6,0,7.0,One year,Credit card,Fiber optic,No,0,0,0,0
CUST-00521,26,117.48,3008.87,2,6.6,0,6.9,Month-to-month,Mailed check,DSL,Yes,0,0,0,1
CUST-00522,11,58.91,804.31,0,21.8,2,6.3,One year,Electronic check,None,Yes,0,0,1,0
CUST-00523,14,134.88,1683.27,1,16.3,2,9.1,Month-to-month,Electronic check,Fiber optic,No,0,0,0,1
CUST-00524,60,77.09,5023.45,3,19.2,0,6.9,Two year,Electronic check,Fiber optic,Yes,0,1,0,0
CUST-00525,23,106.79,2475.1,0,4.9,0,3.2,One year,Electronic check,Fiber optic,No,1,0,0,0
CUST-00526,23,76.51,1874.94,1,-2.1,0,8.7,One year,Bank transfer,None,No,0,0,1,0
CUST-00527,67,77.14,5101.48,4,18.6,0,8.6,Month-to-month,Mailed check,None,Yes,0,0,1,0
CUST-00528,11,61.65,842.83,2,32.8,1,7.2,Two year,Bank transfer,DSL,No,0,0,0,0
CUST-00529,66,81.34,5763.14,2,25.7,2,5.7,One year,Electronic check,Fiber optic,No,1,1,0,0
CUST-00530,67,86.9,5789.48,1,33.3,0,5.0,Two year,Mailed check,None,No,0,0,0,0
CUST-00531,44,56.04,2898.19,3,10.6,0,5.7,Month-to-month,Credit card,DSL,No,0,1,1,0
CUST-00532,12,74.5,741.1,0,-7.5,1,7.5,One year,Bank transfer,DSL,No,0,0,0,0
CUST-00533,12,60.92,922.06,0,-6.1,1,3.8,One year,Credit card,None,Yes,0,0,0,0
CUST-00534,21,142.39,3112.47,0,30.1,1,7.9,Two year,Credit card,Fiber optic,No,0,1,1,0
CUST-00535,42,75.49,2903.43,2,-21.8,3,7.2,Month-to-month,Credit card,DSL,No,0,0,1,0
CUST-00536,12,121.27,1508.69,2,32.1,2,9.4,Month-to-month,Electronic check,Fiber optic,Yes,1,0,0,1
CUST-00537,33,72.52,2395.0,0,-4.6,1,8.4,Two year,Bank transfer,None,No,0,0,0,0
CUST-00538,9,85.26,554.04,2,38.8,1,5.8,Month-to-month,Credit card,DSL,Yes,0,0,0,0
CUST-00539,39,41.0,1688.5,1,6.9,1,4.1,One year,Mailed check,Fiber optic,Yes,0,0,0,0
CUST-00540,2,65.48,167.53,2,19.6,0,5.6,Month-to-month,Credit card,DSL,No,0,0,1,0
CUST-00541,52,83.89,4344.13,2,46.2,0,9.6,Two year,Electronic check,Fiber optic,Yes,1,1,1,0
CUST-00542,4,122.41,472.5,2,2.7,0,7.6,Month-to-month,Mailed check,Fiber optic,Yes,0,0,1,1
CUST-00543,15,84.22,1240.8,0,2.4,1,8.2,Month-to-month,Bank transfer,Fiber optic,Yes,0,1,0,0
CUST-00544,13,116.74,1425.7,5,-3.1,1,6.0,Two year,Bank transfer,DSL,No,1,1,1,0
CUST-00545,60,95.94,5791.36,6,-8.0,1,8.0,Month-to-month,Electronic check,None,Yes,0,0,0,0
CUST-00546,4,123.57,333.3,1,2.7,1,4.4,Month-to-month,Credit card,DSL,No,1,0,0,1
CUST-00547,31,76.35,3031.05,2,-0.9,0,8.8,Two year,Bank transfer,Fiber optic,No,0,0,0,0
CUST-00548,43,144.93,5879.66,3,-12.0,1,5.0,Month-to-month,Mailed check,Fiber optic,No,0,0,0,1
CUST-00549,38,64.41,2301.4,1,4.6,0,3.5,Month-to-month,Bank transfer,Fiber optic,No,0,1,0,0
CUST-00550,50,56.54,2700.56,1,15.2,2,10.0,One year,Electronic check,Fiber optic,No,0,1,1,0
CUST-00551,58,44.12,3069.08,4,-6.3,1,7.3,Month-to-month,Credit card,DSL,Yes,0,0,0,0
CUST-00552,29,143.27,3824.8,1,5.4,0,7.3,Two year,Electronic check,Fiber optic,No,0,1,0,0
CUST-00553,60,100.94,6162.88,1,30.5,0,3.7,Two year,Electronic check,Fiber optic,Yes,0,0,0,0
CUST-00554,23,68.64,1640.82,4,-14.7,0,8.2,Two year,Mailed check,Fiber optic,No,0,0,1,0
CUST-00555,71,112.97,8104.27,2,38.9,0,8.7,Two year,Mailed check,None,No,0,1,0,0
CUST-00556,37,97.26,3907.71,2,-2.8,1,6.7,Two year,Credit card,Fiber optic,Yes,0,0,0,0
CUST-00557,53,133.05,7355.61,0,11.2,0,8.7,Month-to-month,Electronic check,DSL,No,0,0,1,0
CUST-00558,64,34.66,2105.5,1,28.5,0,9.2,One year,Credit card,Fiber optic,No,1,0,0,0
CUST-00559,58,70.57,4141.56,2,33.3,0,8.0,Two year,Credit card,DSL,No,0,0,0,0
CUST-00560,62,65.05,3567.07,3,15.5,1,3.2,One year,Bank transfer,DSL,No,0,0,0,0
CUST-00561,39,22.74,911.63,3,-3.1,1,5.0,Two year,Bank transfer,Fiber optic,No,1,0,1,0
CUST-00562,4,107.69,232.26,2,-4.5,0,10.0,Two year,Bank transfer,Fiber optic,No,1,1,0,0
CUST-00563,36,70.43,2488.88,2,-1.2,1,7.2,Month-to-month,Electronic check,Fiber optic,No,1,0,1,0
CUST-00564,14,98.71,960.6,1,38.2,1,7.3,Month-to-month,Bank transfer,None,Yes,0,1,0,0
CUST-00565,65,144.07,9465.77,0,1.9,0,5.6,Month-to-month,Electronic check,DSL,No,0,0,1,0
CUST-00566,18,68.11,801.84,0,13.2,2,6.0,Two year,Credit card,DSL,No,0,1,1,0
CUST-00567,17,66.21,1162.64,0,-8.7,1,9.2,Two year,Mailed check,Fiber optic,No,1,1,1,0
CUST-00568,18,81.32,1157.13,0,-10.5,1,9.8,One year,Bank transfer,DSL,No,0,1,1,0
CUST-00569,47,105.64,4752.67,2,8.4,0,8.5,Month-to-month,Mailed check,DSL,No,0,1,1,0
CUST-00570,42,62.13,2898.14,2,2.8,0,8.1,Month-to-month,Credit card,Fiber optic,No,0,0,0,0
CUST-00571,69,60.33,4309.75,2,4.0,2,8.2,Month-to-month,Credit card,Fiber optic,No,1,0,1,0
CUST-00572,30,107.6,3515.3,1,-15.7,1,7.0,Month-to-month,Mailed check,Fiber optic,No,0,0,1,0
CUST-00573,21,88.6,2250.53,3,6.8,0,4.9,Two year,Bank transfer,Fiber optic,No,0,0,0,0
CUST-00574,4,20.75,20.0,2,32.8,1,4.5,Month-to-month,Credit card,None,No,0,0,0,0
CUST-00575,1,43.69,418.43,2,-5.6,0,9.5,One year,Electronic check,None,No,0,0,0,0
CUST-00576,27,120.03,2874.43,1,22.4,0,7.0,Two year,Mailed check,DSL,No,0,1,1,0
CUST-00577,67,89.25,6166.28,1,-35.0,0,8.0,Two year,Credit card,Fiber optic,No,0,0,1,0
CUST-00578,38,56.66,2029.75,0,-4.8,0,7.5,Month-to-month,Credit card,Fiber optic,Yes,0,0,1,0
CUST-00579,65,73.23,4527.37,2,-22.6,1,7.6,Month-to-month,Electronic check,Fiber optic,Yes,0,0,0,0
CUST-00580,8,78.37,780.58,6,27.8,0,7.7,Month-to-month,Electronic check,None,No,0,1,1,1
CUST-00581,7,98.6,926.44,1,22.1,0,8.4,Month-to-month,Electronic check,Fiber optic,No,1,1,0,0
CUST-00582,61,39.97,2666.99,1,-8.5,3,5.7,Month-to-month,Electronic check,Fiber optic,No,0,0,1,0
CUST-00583,8,54.45,489.31,2,12.6,2,9.2,Month-to-month,Bank transfer,DSL,No,0,0,0,0
CUST-00584,4,85.64,375.55,2,27.2,1,5.8,One year,Electronic check,DSL,No,0,1,1,0
CUST-00585,30,75.2,2387.72,1,29.7,2,7.5,Month-to-month,Mailed check,DSL,No,0,0,1,0
CUST-00586,67,94.01,6374.61,0,1.5,0,5.0,One year,Credit card,DSL,Yes,0,1,0,0
CUST-00587,50,43.57,2313.84,2,-27.3,0,6.8,Month-to-month,Bank transfer,DSL,No,0,0,0,0
CUST-00588,8,88.0,755.0,1,-6.4,2,5.9,Month-to-month,Credit card,None,No,0,0,0,0
CUST-00589,61,108.56,6832.86,2,20.3,1,7.1,Month-to-month,Credit card,Fiber optic,No,0,0,0,0
CUST-00590,61,91.63,5182.63,2,41.6,0,8.4,Month-to-month,Mailed check,Fiber optic,No,0,0,1,0
CUST-00591,58,81.9,4717.38,1,7.1,0,7.2,Month-to-month,Credit card,Fiber optic,No,0,0,1,0
CUST-00592,65,75.32,4549.84,1,-1.7,2,10.0,One year,Credit card,DSL,Yes,0,0,1,0
CUST-00593,18,54.62,1052.34,0,46.4,1,8.5,Month-to-month,Electronic check,DSL,No,0,0,1,0
CUST-00594,71,75.98,5805.06,4,14.5,0,6.7,Month-to-month,Credit card,DSL,No,0,0,0,0
CUST-00595,24,113.27,2599.96,2,-11.6,1,6.9,Month-to-month,Credit card,DSL,No,0,1,0,0
CUST-00596,58,74.67,4362.67,2,6.1,1,7.8,Month-to-month,Electronic check,DSL,Yes,0,0,0,0
CUST-00597,42,53.09,2418.9,0,24.0,0,8.4,One year,Electronic check,None,No,0,1,1,0
CUST-00598,57,64.22,3143.61,1,6.9,0,4.9,One year,Mailed check,Fiber optic,No,1,0,1,0
CUST-00599,46,83.62,3715.99,3,20.7,0,8.2,One year,Mailed check,None,No,0,0,1,0
CUST-00600,47,67.54,3265.51,2,-17.7,1,4.9,One year,Credit card,DSL,No,0,0,0,0
CUST-00601,45,91.59,3397.3,2,-14.9,1,8.1,Month-to-month,Electronic check,Fiber optic,No,1,0,1,0
CUST-00602,57,92.64,5036.28,1,-3.8,1,9.1,Month-to-month,Bank transfer,Fiber optic,No,1,1,0,0
CUST-00603,54,102.89,5831.27,0,3.5,0,7.6,One year,Electronic check,DSL,Yes,0,0,0,0
CUST-00604,10,117.86,1429.35,2,13.3,0,2.9,One year,Credit card,DSL,Yes,0,0,1,1
CUST-00605,60,105.88,6446.38,3,18.2,0,3.9,Two year,Electronic check,DSL,No,0,1,1,0
CUST-00606,39,51.84,2242.31,1,47.5,1,8.1,One year,Electronic check,Fiber optic,No,0,1,1,0
CUST-00607,24,52.7,1318.58,3,-3.8,0,2.7,One year,Bank transfer,Fiber optic,No,0,0,0,0
CUST-00608,38,75.88,3022.29,1,3.0,1,8.2,Two year,Credit card,DSL,No,0,0,0,0
CUST-00609,70,65.37,4496.99,1,-3.4,0,8.9,One year,Mailed check,None,No,0,0,1,0
CUST-00610,62,46.13,2889.01,2,25.3,0,9.1,Two year,Bank transfer,Fiber optic,Yes,0,0,1,0
CUST-00611,61,65.63,3845.34,4,26.1,1,6.7,Month-to-month,Electronic check,DSL,Yes,0,0,1,0
CUST-00612,34,64.71,2516.01,2,0.8,1,7.9,Month-to-month,Electronic check,Fiber optic,No,0,0,0,0
CUST-00613,57,59.19,3754.22,1,41.1,2,7.5,One year,Credit card,Fiber optic,No,1,0,0,0
CUST-00614,28,69.16,2281.46,2,-3.3,3,4.4,Month-to-month,Electronic check,DSL,Yes,0,0,0,0
CUST-00615,50,111.0,5447.97,2,24.5,1,8.4,Month-to-month,Credit card,DSL,No,0,1,1,0
CUST-00616,47,83.58,3689.82,2,31.3,2,9.6,One year,Bank transfer,DSL,Yes,1,1,1,0
CUST-00617,18,147.21,2969.02,1,-13.8,2,8.3,Month-to-month,Bank transfer,DSL,No,0,0,0,1
CUST-00618,20,82.77,1791.38,2,17.2,2,6.2,Month-to-month,Electronic check,Fiber optic,No,0,0,1,0
CUST-00619,5,69.88,431.55,0,-35.0,0,8.4,Month-to-month,Mailed check,Fiber optic,Yes,0,0,1,0
CUST-00620,11,78.12,700.91,0,21.2,1,9.4,Month-to-month,Credit card,DSL,No,0,0,1,0
CUST-00621,32,85.18,2832.18,2,-9.6,2,9.2,One year,Bank transfer,DSL,No,1,0,1,0
CUST-00622,35,90.19,2885.33,1,17.1,3,8.9,Month-to-month,Bank transfer,Fiber optic,No,0,0,0,0
CUST-00623,12,136.15,1792.32,4,20.1,0,4.2,Month-to-month,Bank transfer,None,No,0,0,0,1
CUST-00624,31,54.33,2028.95,2,25.9,1,7.8,One year,Bank transfer,None,No,0,0,0,0
CUST-00625,44,102.05,4897.96,2,22.2,2,8.3,Two year,Credit card,Fiber optic,No,1,0,0,0
CUST-00626,17,83.82,1602.07,4,8.9,0,9.0,Month-to-month,Bank transfer,Fiber optic,No,0,0,1,0
CUST-00627,25,34.01,504.74,2,1.9,1,8.0,Month-to-month,Electronic check,Fiber optic,Yes,0,1,0,0
CUST-00628,27,99.58,2737.99,2,6.8,4,9.9,Month-to-month,Mailed check,None,No,0,1,0,0
CUST-00629,37,113.49,4734.05,5,-9.9,0,3.8,Month-to-month,Credit card,Fiber optic,Yes,0,0,1,1
CUST-00630,27,54.0,1240.85,0,4.6,2,8.1,One year,Electronic check,Fiber optic,Yes,0,0,1,0
CUST-00631,54,77.75,4183.7,6,3.3,0,8.0,Month-to-month,Electronic check,None,No,0,0,0,0
CUST-00632,24,29.69,1065.94,2,-4.6,1,8.7,Month-to-month,Bank transfer,Fiber optic,No,0,0,0,0
CUST-00633,32,42.75,1522.28,0,-19.9,0,9.9,Two year,Credit card,None,Yes,0,0,0,0
CUST-00634,28,107.34,3625.56,2,-12.4,1,5.5,Month-to-month,Mailed check,DSL,Yes,0,1,0,0
CUST-00635,14,64.94,725.94,1,-35.0,0,9.8,Month-to-month,Electronic check,Fiber optic,Yes,1,0,0,0
CUST-00636,50,46.95,2100.06,4,3.1,0,8.6,Two year,Bank transfer,DSL,No,1,1,0,0
CUST-00637,17,84.42,1741.17,0,13.8,1,6.8,Month-to-month,Electronic check,DSL,No,0,0,1,0
CUST-00638,22,63.37,1095.17,1,-34.9,0,5.5,Month-to-month,Bank transfer,DSL,No,0,0,1,0
CUST-00639,58,64.82,3710.37,1,11.8,0,7.5,Month-to-month,Credit card,DSL,Yes,0,0,1,0
CUST-00640,69,98.7,6793.89,5,6.0,1,7.6,Two year,Electronic check,DSL,Yes,0,0,0,0
CUST-00641,49,45.47,2487.03,4,-10.8,2,7.7,Two year,Mailed check,DSL,No,0,0,0,0
CUST-00642,66,52.65,3628.47,2,1.1,0,6.0,Month-to-month,Electronic check,DSL,Yes,0,0,0,0
CUST-00643,62,82.31,5217.49,0,24.8,1,8.2,One year,Credit card,None,Yes,1,0,1,0
CUST-00644,35,105.14,3579.29,0,-7.6,0,6.4,Month-to-month,Credit card,DSL,No,0,0,1,0
CUST-00645,56,112.67,6613.27,1,9.3,1,9.3,Month-to-month,Bank transfer,None,No,0,1,1,0
CUST-00646,24,59.38,2431.58,3,13.5,0,10.0,Two year,Credit card,Fiber optic,No,0,1,0,0
CUST-00647,34,104.25,3717.32,0,-5.2,0,5.6,Month-to-month,Credit card,Fiber optic,Yes,0,0,0,1
CUST-00648,39,56.04,2210.48,1,24.1,0,7.2,Month-to-month,Credit card,DSL,Yes,0,1,0,0
CUST-00649,70,129.13,8714.63,1,14.5,0,8.8,Month-to-month,Credit card,Fiber optic,No,0,0,1,0
CUST-00650,62,46.25,2708.13,6,4.0,0,7.6,Two year,Credit card,None,No,0,1,1,0
CUST-00651,36,115.2,4093.77,3,45.8,1,4.7,Two year,Electronic check,Fiber optic,No,1,0,0,1
CUST-00652,47,59.62,2668.49,1,24.2,0,8.7,One year,Credit card,DSL,Yes,1,0,1,0
CUST-00653,15,134.37,2011.53,1,-19.0,2,6.0,Two year,Mailed check,DSL,No,1,0,0,0
CUST-00654,58,94.56,5928.98,1,1.8,0,7.5,One year,Credit card,None,No,0,0,0,0
CUST-00655,40,49.55,2293.79,0,47.5,0,5.3,Two year,Credit card,Fiber optic,No,0,0,0,0
CUST-00656,39,63.38,2432.11,2,-7.7,0,8.5,One year,Mailed check,None,No,0,1,1,0
CUST-00657,56,99.87,5290.65,3,9.1,2,6.3,One year,Electronic check,Fiber optic,No,0,0,1,1
CUST-00658,46,107.47,5277.96,2,27.7,0,8.7,Two year,Credit card,Fiber optic,No,0,1,0,0
CUST-00659,6,76.02,443.86,5,18.4,0,6.7,Month-to-month,Mailed check,Fiber optic,Yes,0,0,1,0
CUST-00660,21,79.25,1232.62,1,20.7,0,6.2,Month-to-month,Electronic check,None,No,0,0,0,0
CUST-00661,13,99.23,1468.1,1,19.8,0,7.8,Two year,Electronic check,Fiber optic,No,1,0,1,0
CUST-00662,53,81.69,4585.99,7,8.4,1,5.2,Two year,Electronic check,Fiber optic,Yes,0,0,0,0
CUST-00663,3,41.78,20.0,3,-4.7,0,10.0,Month-to-month,Mailed check,Fiber optic,No,0,0,0,0
CUST-00664,15,55.24,622.46,1,15.0,1,7.4,One year,Mailed check,DSL,No,0,0,1,0
CUST-00665,44,84.58,3693.91,2,1.6,1,6.1,Two year,Mailed check,Fiber optic,No,0,1,0,0
CUST-00666,51,112.03,5897.16,2,0.3,1,6.4,Month-to-month,Bank transfer,Fiber optic,Yes,0,1,1,0
CUST-00667,37,123.25,4431.31,0,31.7,0,7.1,Month-to-month,Credit card,Fiber optic,No,0,0,1,0
CUST-00668,62,99.83,5981.42,5,1.9,1,8.9,Month-to-month,Electronic check,DSL,No,0,0,1,0
CUST-00669,67,86.04,5946.47,3,35.3,0,5.5,Month-to-month,Mailed check,Fiber optic,No,0,0,0,0
CUST-00670,10,98.97,872.62,1,12.1,0,6.4,Month-to-month,Mailed check,DSL,No,0,0,1,0
CUST-00671,69,59.33,4229.28,2,5.5,0,7.0,Month-to-month,Credit card,None,No,0,0,0,0
CUST-00672,45,73.71,3039.07,3,-21.1,0,9.9,One year,Electronic check,DSL,Yes,0,0,0,0
CUST-00673,46,54.92,2188.24,5,41.9,3,8.9,Month-to-month,Mailed check,DSL,No,1,0,0,0
CUST-00674,7,43.04,490.1,4,7.9,1,10.0,Month-to-month,Mailed check,Fiber optic,No,0,0,1,0
CUST-00675,45,87.34,3993.43,1,-28.3,0,7.2,One year,Mailed check,DSL,Yes,0,0,0,0
CUST-00676,53,83.19,4639.68,2,23.8,0,9.7,Month-to-month,Bank transfer,Fiber optic,Yes,0,1,0,0
CUST-00677,42,97.25,3951.35,0,7.2,2,9.4,Two year,Bank transfer,DSL,No,0,1,1,0
CUST-00678,7,93.29,454.25,2,-6.9,4,8.4,Month-to-month,Bank transfer,Fiber optic,No,0,1,1,0
CUST-00679,38,84.79,3562.2,1,22.9,0,8.5,Two year,Bank transfer,DSL,No,0,1,0,0
CUST-00680,68,93.59,5983.38,3,-32.8,2,6.0,Month-to-month,Mailed check,DSL,Yes,0,0,0,0
CUST-00681,53,76.8,4383.27,1,-3.4,2,10.0,Two year,Electronic check,DSL,Yes,0,1,1,0
CUST-00682,10,89.56,1225.73,1,3.2,0,6.7,Month-to-month,Credit card,Fiber optic,Yes,1,0,1,0
CUST-00683,70,57.67,4251.92,1,21.6,0,8.1,Two year,Mailed check,Fiber optic,No,0,0,1,0
CUST-00684,70,88.35,6012.55,1,43.8,0,8.3,Month-to-month,Electronic check,Fiber optic,Yes,0,1,0,1
CUST-00685,13,96.72,1053.23,2,4.1,1,4.6,One year,Bank transfer,DSL,No,0,1,0,1
CUST-00686,58,59.25,3383.99,2,15.4,1,7.0,Month-to-month,Credit card,Fiber optic,No,1,0,1,0
CUST-00687,30,79.45,2059.74,5,52.0,1,7.5,Month-to-month,Bank transfer,DSL,Yes,1,0,1,0
CUST-00688,43,60.54,2362.8,2,8.1,1,6.9,Month-to-month,Bank transfer,DSL,No,0,1,1,0
CUST-00689,33,63.26,2248.76,3,15.5,1,7.0,One year,Credit card,Fiber optic,No,0,0,0,0
CUST-00690,57,46.5,2812.84,1,-11.8,1,9.8,Month-to-month,Electronic check,Fiber optic,Yes,0,1,1,0
CUST-00691,72,113.44,7905.29,2,39.3,0,5.6,One year,Credit card,DSL,No,0,0,0,0
CUST-00692,58,107.84,6423.75,4,-3.4,1,4.8,Month-to-month,Mailed check,DSL,No,0,1,0,0
CUST-00693,68,93.05,6440.98,1,12.3,2,6.0,Month-to-month,Electronic check,Fiber optic,Yes,0,0,1,0
CUST-00694,69,133.22,9569.65,1,11.8,1,8.4,One year,Electronic check,Fiber optic,No,0,0,1,1
CUST-00695,7,72.7,651.18,1,9.4,1,8.6,Month-to-month,Electronic check,None,No,0,1,0,0
CUST-00696,19,162.89,3359.56,2,1.1,1,8.2,Month-to-month,Credit card,Fiber optic,No,0,0,1,1
CUST-00697,52,71.63,3844.03,2,11.9,0,8.7,Two year,Bank transfer,Fiber optic,No,0,1,0,0
CUST-00698,43,85.15,3906.43,1,36.1,1,7.6,Month-to-month,Bank transfer,DSL,No,1,0,0,0
CUST-00699,4,66.86,20.0,2,44.5,1,6.2,One year,Credit card,Fiber optic,No,1,0,0,1
CUST-00700,7,88.43,588.57,2,5.2,0,5.4,Month-to-month,Bank transfer,Fiber optic,No,0,0,1,0
CUST-00701,38,101.4,3843.45,2,0.8,0,4.8,One year,Credit card,DSL,Yes,0,0,1,0
CUST-00702,45,74.81,3305.51,2,-4.9,3,6.7,One year,Credit card,None,No,0,1,0,0
CUST-00703,13,127.75,1771.72,3,51.0,2,8.5,One year,Bank transfer,DSL,No,0,0,0,0
CUST-00704,13,84.7,1259.69,0,10.1,0,7.5,One year,Mailed check,DSL,No,0,1,0,0
CUST-00705,10,85.57,953.76,2,25.8,1,7.1,Month-to-month,Bank transfer,Fiber optic,No,0,0,0,0
CUST-00706,41,52.55,2110.31,2,19.1,1,5.2,Month-to-month,Bank transfer,DSL,Yes,0,1,0,0
CUST-00707,1,89.72,20.0,4,43.3,0,10.0,Month-to-month,Electronic check,DSL,No,0,0,1,0
CUST-00708,42,74.25,3392.8,3,4.0,1,5.6,One year,Credit card,DSL,Yes,0,0,1,0
CUST-00709,35,60.97,2221.38,2,-9.7,3,7.3,Month-to-month,Credit card,Fiber optic,No,0,0,0,0
CUST-00710,34,56.26,1658.19,1,37.8,0,8.9,Month-to-month,Credit card,Fiber optic,No,0,0,1,0
CUST-00711,49,152.81,7439.27,4,22.5,0,7.2,Month-to-month,Bank transfer,DSL,No,1,1,1,1
CUST-00712,38,70.62,2247.74,0,15.3,1,5.6,One year,Mailed check,DSL,No,0,1,0,0
CUST-00713,53,37.2,1980.44,1,32.6,0,8.6,Month-to-month,Electronic check,None,No,0,0,1,0
CUST-00714,56,58.45,3223.61,2,16.2,0,4.7,Two year,Credit card,Fiber optic,No,0,0,0,0
CUST-00715,67,76.56,4985.9,1,33.1,1,10.0,Two year,Bank transfer,None,Yes,0,0,0,0
CUST-00716,58,93.31,5808.13,0,11.9,0,7.6,Month-to-month,Electronic check,Fiber optic,No,0,0,0,0
CUST-00717,38,93.53,3265.1,1,22.4,0,6.6,Two year,Bank transfer,Fiber optic,No,0,0,1,1
CUST-00718,36,96.95,3666.8,1,16.4,1,4.6,One year,Electronic check,None,Yes,0,1,0,0
CUST-00719,17,59.94,1565.66,2,2.8,0,5.0,Month-to-month,Electronic check,DSL,Yes,0,0,0,0
CUST-00720,44,87.53,4120.64,1,4.7,0,7.0,One year,Bank transfer,Fiber optic,No,1,0,1,0
CUST-00721,11,53.47,580.29,3,1.7,1,10.0,Month-to-month,Mailed check,DSL,No,0,1,0,0
CUST-00722,68,60.65,3840.68,3,12.2,0,7.5,Two year,Mailed check,Fiber optic,Yes,0,0,1,0
CUST-00723,61,52.3,2849.78,0,0.7,1,7.7,Two year,Mailed check,None,No,1,1,0,0
CUST-00724,9,44.73,299.68,3,15.0,3,7.8,One year,Electronic check,DSL,Yes,1,0,0,0
CUST-00725,57,107.8,5972.85,5,14.4,0,10.0,One year,Electronic check,DSL,No,1,1,1,0
CUST-00726,9,97.28,695.63,2,11.3,1,6.3,One year,Electronic check,Fiber optic,No,0,1,0,0
CUST-00727,52,105.35,5396.62,2,11.6,1,9.9,Month-to-month,Credit card,Fiber optic,No,0,0,0,0
CUST-00728,7,79.1,528.14,2,-1.1,1,6.4,Month-to-month,Mailed check,DSL,No,0,1,0,0
CUST-00729,36,99.75,3712.3,3,3.5,1,5.8,One year,Bank transfer,Fiber optic,No,0,1,0,0
CUST-00730,48,28.68,1067.19,1,-18.7,0,7.0,Two year,Credit card,Fiber optic,No,0,1,1,0
CUST-00731,53,102.17,5244.45,3,6.1,0,6.9,One year,Electronic check,DSL,No,0,0,0,1
CUST-00732,31,82.96,2531.84,0,-7.8,0,8.1,Month-to-month,Credit card,DSL,No,1,0,1,0
CUST-00733,67,95.56,6353.65,4,9.6,1,2.9,Month-to-month,Mailed check,Fiber optic,Yes,0,0,0,1
CUST-00734,56,88.64,5422.95,0,-3.4,0,7.4,Month-to-month,Credit card,DSL,No,0,1,1,0
CUST-00735,15,50.36,813.46,3,-24.8,1,6.0,One year,Credit card,None,No,0,0,1,0
CUST-00736,49,36.05,1363.05,2,44.0,1,5.8,Month-to-month,Bank transfer,Fiber optic,No,0,1,0,0
CUST-00737,53,58.06,3181.73,3,4.3,2,4.8,Month-to-month,Bank transfer,Fiber optic,No,0,0,1,0
CUST-00738,25,93.82,2481.92,3,31.2,0,6.4,Two year,Bank transfer,Fiber optic,No,0,1,1,0
CUST-00739,54,97.32,5224.0,2,-0.4,0,6.2,Two year,Credit card,Fiber optic,No,1,0,1,0
CUST-00740,65,39.7,2277.15,0,35.2,1,6.3,Month-to-month,Credit card,DSL,No,0,0,0,0
CUST-00741,59,50.53,3420.78,0,-10.4,1,4.2,One year,Electronic check,Fiber optic,No,0,1,1,0
CUST-00742,55,57.75,2908.78,1,10.8,1,7.3,Month-to-month,Bank transfer,DSL,No,0,0,0,0
CUST-00743,46,68.0,3293.19,1,-9.5,1,5.7,One year,Electronic check,DSL,No,0,0,0,0
CUST-00744,20,39.86,847.21,1,49.6,0,4.2,Month-to-month,Electronic check,DSL,Yes,0,1,0,0
CUST-00745,58,38.18,2364.64,1,4.0,0,6.1,Month-to-month,Electronic check,Fiber optic,No,0,0,1,0
CUST-00746,27,54.99,1911.44,0,21.3,0,5.7,One year,Mailed check,Fiber optic,No,0,0,0,0
CUST-00747,39,80.42,3276.79,3,15.2,0,7.2,Month-to-month,Electronic check,Fiber optic,Yes,0,0,0,0
CUST-00748,23,44.94,893.95,3,7.6,0,6.1,One year,Mailed check,Fiber optic,No,0,0,1,0
CUST-00749,23,74.76,1995.98,1,16.3,1,4.5,Month-to-month,Electronic check,Fiber optic,No,0,1,0,1
CUST-00750,12,107.64,1133.91,1,29.7,1,5.5,Month-to-month,Bank transfer,Fiber optic,Yes,1,0,1,0
CUST-00751,70,41.55,2949.39,1,18.7,0,4.0,Two year,Credit card,DSL,No,0,0,1,0
CUST-00752,11,72.22,471.15,0,10.6,0,9.1,Month-to-month,Electronic check,DSL,No,1,0,1,0
CUST-00753,7,106.69,488.51,0,16.3,0,9.4,Month-to-month,Mailed check,Fiber optic,No,0,0,0,0
CUST-00754,68,66.29,4520.57,1,38.6,0,9.7,Month-to-month,Credit card,Fiber optic,Yes,0,0,0,0
CUST-00755,40,61.94,2569.62,1,1.3,0,6.0,Month-to-month,Electronic check,Fiber optic,No,1,1,0,0
CUST-00756,32,110.58,3112.96,4,-21.7,1,9.4,One year,Mailed check,DSL,Yes,0,0,1,0
CUST-00757,54,69.43,3873.54,3,-9.5,0,7.8,Month-to-month,Electronic check,DSL,Yes,0,0,0,0
CUST-00758,28,108.93,2845.18,1,-8.4,0,5.6,Two year,Electronic check,DSL,Yes,0,0,0,0
CUST-00759,10,90.01,1220.02,1,-6.1,0,6.0,Month-to-month,Mailed check,Fiber optic,Yes,0,1,0,0
CUST-00760,53,68.4,3537.21,0,-5.6,0,6.8,Month-to-month,Electronic check,Fiber optic,No,0,1,0,0
CUST-00761,13,91.43,907.68,5,7.6,0,7.3,Month-to-month,Credit card,DSL,Yes,0,1,1,0
CUST-00762,40,86.97,3497.75,2,12.0,1,7.8,Month-to-month,Electronic check,Fiber optic,No,0,1,0,1
CUST-00763,69,106.58,7124.96,3,11.8,2,7.1,Month-to-month,Mailed check,Fiber optic,No,0,0,0,0
CUST-00764,68,62.65,4577.44,0,-3.7,0,6.5,Month-to-month,Bank transfer,DSL,Yes,0,0,0,0
CUST-00765,26,79.15,2058.03,0,23.9,1,9.5,Month-to-month,Electronic check,DSL,No,0,1,1,0
CUST-00766,57,76.28,4310.04,3,16.6,0,6.9,One year,Mailed check,DSL,No,0,1,1,0
CUST-00767,45,97.72,4545.35,1,33.3,1,6.8,Two year,Credit card,DSL,No,0,0,0,0
CUST-00768,35,49.29,1473.91,2,21.5,0,6.7,Month-to-month,Credit card,DSL,No,0,1,1,0
CUST-00769,11,106.48,848.99,2,2.4,0,6.9,Month-to-month,Bank transfer,DSL,Yes,0,1,0,0
CUST-00770,28,91.06,2651.77,2,28.9,0,4.6,One year,Credit card,Fiber optic,No,0,0,1,0
CUST-00771,47,41.13,1658.19,0,12.4,0,5.3,Month-to-month,Electronic check,DSL,Yes,1,1,0,0
CUST-00772,72,111.83,7776.76,2,20.8,0,10.0,Month-to-month,Bank transfer,Fiber optic,Yes,0,1,0,0
CUST-00773,1,140.55,349.74,3,19.5,1,4.1,Two year,Bank transfer,DSL,Yes,0,0,0,1
CUST-00774,52,106.05,5645.87,1,6.0,0,7.6,Month-to-month,Bank transfer,Fiber optic,Yes,0,0,0,0
CUST-00775,61,117.96,6882.1,0,9.7,0,7.7,Month-to-month,Electronic check,DSL,No,1,0,1,0
CUST-00776,69,80.39,5392.13,3,5.9,1,8.9,Month-to-month,Credit card,DSL,No,0,1,1,0
CUST-00777,31,31.48,749.95,1,-5.6,0,7.8,Month-to-month,Electronic check,Fiber optic,Yes,0,0,0,0
CUST-00778,9,26.36,681.32,2,-26.3,1,10.0,Two year,Bank transfer,DSL,No,0,0,0,0
CUST-00779,20,85.14,1929.3,1,-3.1,0,7.5,Month-to-month,Credit card,DSL,No,0,0,1,0
CUST-00780,62,61.42,3702.83,1,11.2,0,9.5,Month-to-month,Electronic check,DSL,No,1,0,1,0
CUST-00781,64,52.39,3497.01,1,25.4,2,9.0,Month-to-month,Bank transfer,Fiber optic,No,0,0,1,0
CUST-00782,46,76.24,3167.99,3,20.7,2,9.9,Two year,Electronic check,DSL,Yes,0,0,1,0
CUST-00783,9,95.24,689.0,2,3.5,0,7.1,Month-to-month,Electronic check,None,No,0,0,0,0
CUST-00784,9,37.32,362.1,3,-2.9,0,7.8,Month-to-month,Credit card,Fiber optic,No,0,0,1,0
CUST-00785,35,65.43,2403.11,2,5.1,0,6.4,Month-to-month,Bank transfer,DSL,No,0,0,1,0
CUST-00786,43,120.28,5147.68,2,-7.6,1,7.4,Month-to-month,Bank transfer,Fiber optic,No,1,1,1,0
CUST-00787,3,47.89,205.67,2,-25.8,0,7.5,Two year,Electronic check,DSL,No,1,0,0,0
CUST-00788,50,102.35,5137.08,1,-16.7,0,3.4,Month-to-month,Bank transfer,DSL,No,0,1,0,0
CUST-00789,40,64.43,2536.31,0,30.0,0,6.8,Month-to-month,Electronic check,None,No,0,1,0,0
CUST-00790,1,93.28,20.0,4,37.7,1,8.7,Two year,Electronic check,DSL,No,0,0,0,1
CUST-00791,7,108.73,654.54,5,20.1,0,4.7,Two year,Bank transfer,DSL,No,0,0,0,1
CUST-00792,33,98.76,3317.06,0,7.1,1,5.3,Month-to-month,Credit card,DSL,No,0,0,1,0
CUST-00793,53,103.46,5586.08,2,-14.3,0,9.2,Month-to-month,Electronic check,DSL,No,0,1,0,0
CUST-00794,60,45.76,2795.19,2,5.4,0,9.5,Two year,Electronic check,DSL,Yes,0,0,1,0
CUST-00795,32,109.18,3199.11,6,17.8,1,6.0,Month-to-month,Credit card,Fiber optic,No,0,0,1,1
CUST-00796,22,54.12,940.91,3,21.3,1,7.4,Month-to-month,Electronic check,Fiber optic,Yes,0,1,0,0
CUST-00797,70,85.27,6068.62,1,19.0,3,7.0,Month-to-month,Electronic check,DSL,No,1,1,0,0
CUST-00798,34,85.23,3265.74,3,27.4,2,9.2,One year,Mailed check,Fiber optic,No,0,1,0,0
CUST-00799,23,91.58,2144.44,2,39.1,3,6.1,Month-to-month,Electronic check,DSL,Yes,0,0,1,0
CUST-00800,32,87.43,2694.84,0,1.5,0,6.4,Month-to-month,Credit card,DSL,Yes,0,1,1,0
CUST-00801,1,54.37,110.46,2,52.9,2,9.5,One year,Credit card,Fiber optic,Yes,1,0,0,1
CUST-00802,22,40.2,600.19,1,-24.3,0,5.3,Two year,Electronic check,Fiber optic,No,0,1,0,0
CUST-00803,38,102.43,4219.58,3,-4.5,1,6.2,Month-to-month,Bank transfer,DSL,No,0,1,1,1
CUST-00804,67,83.2,5621.05,3,11.2,2,7.3,Month-to-month,Bank transfer,DSL,No,0,0,1,0
CUST-00805,54,110.18,5782.36,3,16.8,1,9.8,One year,Electronic check,DSL,No,1,0,0,0
CUST-00806,57,76.75,4333.05,4,5.1,0,5.0,Month-to-month,Electronic check,Fiber optic,No,0,0,0,0
CUST-00807,40,38.66,1414.64,2,0.1,0,5.8,One year,Mailed check,Fiber optic,No,1,0,1,0
CUST-00808,8,105.05,1168.32,3,43.2,1,8.2,Month-to-month,Electronic check,Fiber optic,Yes,0,1,1,0
CUST-00809,29,67.63,1910.71,1,-0.7,2,8.4,Two year,Credit card,Fiber optic,No,0,1,0,0
CUST-00810,72,87.58,6344.6,2,-8.3,2,7.5,Month-to-month,Bank transfer,None,No,0,0,0,0
CUST-00811,4,59.87,382.91,1,35.1,0,6.9,Month-to-month,Credit card,DSL,Yes,0,0,0,0
CUST-00812,64,124.04,7753.37,2,21.6,0,7.3,Month-to-month,Bank transfer,Fiber optic,No,1,0,0,1
CUST-00813,50,53.46,2721.43,1,25.5,0,4.4,Month-to-month,Credit card,Fiber optic,No,0,1,1,0
CUST-00814,21,68.55,1508.16,3,11.1,2,7.3,One year,Bank transfer,DSL,Yes,0,0,0,0
CUST-00815,57,81.01,4229.05,4,-14.0,0,9.8,One year,Bank transfer,Fiber optic,Yes,0,1,0,0
CUST-00816,61,47.42,2955.79,5,9.4,0,4.7,Two year,Credit card,Fiber optic,No,0,0,0,0
CUST-00817,4,87.25,337.56,1,-16.2,2,5.7,One year,Mailed check,DSL,Yes,1,0,0,0
CUST-00818,8,123.13,1017.53,2,11.9,0,6.4,Month-to-month,Electronic check,Fiber optic,No,0,0,0,0
CUST-00819,48,64.27,3093.87,1,18.5,0,6.5,Two year,Electronic check,DSL,Yes,0,0,0,0
CUST-00820,72,89.06,6477.11,3,25.2,1,10.0,Month-to-month,Credit card,Fiber optic,No,0,1,0,0
CUST-00821,2,20.0,374.34,1,6.5,0,5.4,One year,Electronic check,Fiber optic,No,0,1,0,0
CUST-00822,48,76.91,3396.8,1,20.0,1,5.1,Month-to-month,Mailed check,Fiber optic,Yes,0,0,1,0
CUST-00823,10,69.23,606.76,3,-6.5,2,8.5,Month-to-month,Electronic check,Fiber optic,No,0,1,1,0
CUST-00824,47,55.08,2755.41,2,23.5,0,5.9,One year,Electronic check,Fiber optic,Yes,0,1,1,0
CUST-00825,45,108.28,4992.83,2,18.8,1,8.5,Two year,Electronic check,None,No,1,1,0,0
CUST-00826,7,68.87,596.94,3,-4.8,0,6.7,Month-to-month,Electronic check,Fiber optic,No,0,0,0,0
CUST-00827,50,73.03,4339.89,1,16.5,2,7.9,One year,Credit card,DSL,No,0,0,1,0
CUST-00828,65,67.44,4537.13,2,25.4,0,4.3,Month-to-month,Bank transfer,Fiber optic,No,0,0,1,0
CUST-00829,63,24.33,1815.52,2,9.3,0,7.9,Month-to-month,Mailed check,Fiber optic,No,0,1,0,0
CUST-00830,3,46.3,62.13,4,-5.2,0,7.5,Month-to-month,Bank transfer,DSL,No,0,0,1,0
CUST-00831,18,104.91,1640.15,3,10.8,0,6.6,Month-to-month,Credit card,DSL,Yes,0,1,1,0
CUST-00832,18,20.0,281.42,2,16.8,1,4.9,Month-to-month,Credit card,Fiber optic,Yes,0,1,0,0
CUST-00833,33,56.54,2043.81,1,-5.3,0,7.5,One year,Electronic check,Fiber optic,Yes,0,0,1,0
CUST-00834,11,66.81,836.62,2,-8.1,1,8.4,Month-to-month,Mailed check,DSL,No,0,0,1,0
CUST-00835,62,126.82,7963.65,2,16.3,0,6.1,Month-to-month,Bank transfer,Fiber optic,Yes,0,0,1,0
CUST-00836,56,99.52,5519.53,1,21.2,1,6.2,Month-to-month,Bank transfer,DSL,No,1,0,1,1
CUST-00837,59,62.4,3588.15,3,42.4,0,8.5,Month-to-month,Bank transfer,Fiber optic,Yes,0,0,0,0
CUST-00838,15,114.53,1672.99,1,18.7,0,10.0,One year,Bank transfer,DSL,No,0,0,0,0
CUST-00839,2,57.27,295.66,4,-11.3,1,8.8,One year,Electronic check,DSL,Yes,0,0,0,0
CUST-00840,66,106.25,7222.68,1,40.6,0,7.5,Month-to-month,Electronic check,Fiber optic,No,0,1,0,0
CUST-00841,21,39.95,587.39,1,24.9,0,6.7,One year,Mailed check,Fiber optic,Yes,0,0,0,0
CUST-00842,48,108.05,5376.99,3,-24.1,1,7.1,One year,Credit card,None,No,0,0,0,0
CUST-00843,66,66.63,4234.9,0,-8.5,1,4.7,Month-to-month,Mailed check,Fiber optic,Yes,0,1,1,0
CUST-00844,3,49.2,264.83,2,0.1,2,6.8,Month-to-month,Credit card,Fiber optic,No,0,0,0,0
CUST-00845,1,71.92,23.93,2,21.4,1,9.1,Month-to-month,Credit card,Fiber optic,Yes,0,0,0,0
CUST-00846,1,85.77,477.22,1,-30.1,3,7.2,Month-to-month,Mailed check,Fiber optic,No,0,0,1,1
CUST-00847,12,64.15,665.28,0,6.1,2,6.0,Month-to-month,Bank transfer,DSL,No,0,0,0,0
CUST-00848,4,93.51,418.69,4,20.5,1,5.8,Month-to-month,Mailed check,DSL,No,0,0,0,1
CUST-00849,60,61.68,3852.45,3,-35.0,2,7.0,Month-to-month,Bank transfer,DSL,Yes,0,1,0,0
CUST-00850,44,95.37,3977.79,2,19.9,0,4.9,Month-to-month,Credit card,Fiber optic,Yes,0,0,0,0
CUST-00851,71,90.38,6398.77,1,21.9,1,5.5,Month-to-month,Bank transfer,DSL,No,0,0,0,0
CUST-00852,58,76.29,4358.17,0,-5.5,1,9.9,Two year,Electronic check,None,No,0,0,0,0
CUST-00853,70,65.64,4466.35,2,-10.5,0,5.2,Two year,Electronic check,Fiber optic,No,0,1,0,0
CUST-00854,18,82.24,1370.39,1,-5.8,0,5.7,Two year,Mailed check,DSL,Yes,0,0,0,0
CUST-00855,21,93.41,2239.61,1,-34.8,0,7.6,One year,Credit card,Fiber optic,No,0,0,0,0
CUST-00856,62,135.73,8265.62,0,2.8,3,6.3,Two year,Electronic check,Fiber optic,No,0,0,1,1
CUST-00857,18,104.3,2019.0,3,11.5,1,7.3,Month-to-month,Mailed check,Fiber optic,No,0,1,0,1
CUST-00858,5,105.33,605.3,1,-11.5,2,8.7,Month-to-month,Mailed check,Fiber optic,No,0,1,1,0
CUST-00859,49,164.48,7710.27,2,23.6,2,4.3,One year,Credit card,Fiber optic,No,1,1,1,1
CUST-00860,58,92.45,5491.89,1,9.6,2,8.5,Month-to-month,Electronic check,Fiber optic,Yes,0,1,0,0
CUST-00861,70,91.57,6056.52,5,12.2,0,6.1,Month-to-month,Electronic check,Fiber optic,Yes,0,1,1,0
CUST-00862,67,97.71,6703.59,0,1.6,2,6.6,One year,Mailed check,None,Yes,0,0,0,0
CUST-00863,9,49.75,320.95,2,19.9,1,10.0,Two year,Electronic check,None,No,0,1,0,0
CUST-00864,56,65.57,3674.01,0,28.6,0,4.6,Month-to-month,Electronic check,DSL,No,1,1,0,0
CUST-00865,61,63.83,3570.06,1,1.5,0,8.2,Month-to-month,Electronic check,Fiber optic,No,0,0,1,0
CUST-00866,51,96.13,4933.23,2,20.2,0,9.1,Month-to-month,Credit card,None,No,0,0,1,0
CUST-00867,60,73.12,4618.94,1,20.4,1,5.9,Month-to-month,Bank transfer,None,Yes,0,0,1,0
CUST-00868,61,81.87,4792.33,0,14.7,1,5.9,One year,Mailed check,DSL,No,0,1,0,0
CUST-00869,33,108.45,3427.06,1,34.8,3,6.4,Month-to-month,Credit card,DSL,No,0,0,0,0
CUST-00870,3,102.17,420.17,3,-3.6,0,5.9,Month-to-month,Mailed check,Fiber optic,No,0,1,0,1
CUST-00871,33,73.47,2544.41,3,1.3,0,7.2,Two year,Electronic check,None,No,0,0,1,0
CUST-00872,15,59.24,280.06,2,-4.4,0,8.7,Month-to-month,Bank transfer,DSL,No,0,0,0,0
CUST-00873,9,109.79,1491.96,2,19.6,0,6.4,One year,Credit card,DSL,No,0,0,1,1
CUST-00874,9,99.67,1029.17,2,3.6,0,8.8,Two year,Mailed check,Fiber optic,No,0,0,1,0
CUST-00875,51,33.02,1858.25,0,-3.1,0,9.6,One year,Bank transfer,Fiber optic,No,0,0,1,0
CUST-00876,37,69.23,2525.62,1,34.6,0,7.9,Two year,Electronic check,None,No,0,0,0,0
CUST-00877,39,82.63,2758.73,3,37.0,2,8.0,Two year,Credit card,DSL,Yes,0,1,0,0
CUST-00878,54,99.81,5558.42,1,2.7,0,6.0,Month-to-month,Credit card,DSL,Yes,1,1,1,0
CUST-00879,40,103.48,3997.9,1,-13.9,1,2.4,Month-to-month,Electronic check,Fiber optic,No,0,0,0,1
CUST-00880,46,85.95,4089.68,3,37.8,1,8.2,Two year,Bank transfer,Fiber optic,No,0,0,0,0
CUST-00881,7,94.39,606.03,1,15.5,0,8.5,One year,Bank transfer,Fiber optic,No,0,0,0,0
CUST-00882,62,79.8,5007.11,4,14.7,1,7.5,Month-to-month,Bank transfer,DSL,No,0,0,0,0
CUST-00883,33,59.13,1757.54,2,9.7,1,8.7,Two year,Electronic check,DSL,No,0,0,0,0
CUST-00884,12,70.68,1064.26,5,-4.8,0,6.1,One year,Credit card,Fiber optic,Yes,0,0,0,0
CUST-00885,59,78.53,4336.18,0,1.4,0,8.0,Month-to-month,Electronic check,Fiber optic,Yes,0,1,1,0
CUST-00886,53,77.03,4643.98,1,18.8,1,9.7,Month-to-month,Electronic check,Fiber optic,No,1,0,1,0
CUST-00887,4,25.2,660.29,2,0.8,0,8.3,Two year,Bank transfer,Fiber optic,No,0,1,1,0
CUST-00888,14,66.87,1344.35,0,14.9,1,9.5,Two year,Electronic check,DSL,No,0,1,1,0
CUST-00889,2,79.57,478.01,1,8.2,0,9.5,Two year,Credit card,DSL,No,0,0,1,0
CUST-00890,20,70.12,1381.26,1,-8.9,3,4.9,One year,Credit card,Fiber optic,Yes,0,0,0,1
CUST-00891,8,71.09,860.36,2,33.9,1,8.4,Month-to-month,Bank transfer,Fiber optic,Yes,0,0,1,0
CUST-00892,52,91.66,4742.28,1,17.5,0,6.0,Month-to-month,Electronic check,None,No,0,1,0,0
CUST-00893,38,47.79,1427.64,0,13.3,0,5.1,Month-to-month,Electronic check,Fiber optic,Yes,0,1,1,0
CUST-00894,71,32.41,2676.91,1,16.9,0,6.6,Month-to-month,Credit card,DSL,Yes,0,0,1,0
CUST-00895,54,68.25,3967.71,0,-20.7,2,10.0,One year,Electronic check,Fiber optic,Yes,0,1,0,0
CUST-00896,45,99.4,4465.17,0,0.1,0,6.1,Month-to-month,Electronic check,Fiber optic,No,0,0,1,0
CUST-00897,37,125.25,4327.95,2,-16.4,0,3.9,Month-to-month,Credit card,Fiber optic,No,0,0,1,0
CUST-00898,4,99.9,253.05,3,10.0,1,4.5,Two year,Electronic check,Fiber optic,Yes,0,0,0,0
CUST-00899,6,36.89,20.0,4,13.2,1,8.0,One year,Bank transfer,Fiber optic,No,0,0,0,0
CUST-00900,45,71.49,3453.32,2,10.3,2,5.7,Month-to-month,Electronic check,DSL,No,0,1,0,0
CUST-00901,1,85.19,20.0,0,26.9,2,3.4,Month-to-month,Electronic check,Fiber optic,No,0,0,1,1
CUST-00902,4,82.97,403.59,1,-16.0,0,4.6,Month-to-month,Mailed check,DSL,Yes,0,1,1,0
CUST-00903,16,93.1,1278.68,3,-4.8,1,7.4,One year,Credit card,Fiber optic,Yes,0,0,1,0
CUST-00904,64,52.32,2991.8,3,14.6,2,8.5,Two year,Electronic check,Fiber optic,No,0,0,1,0
CUST-00905,34,79.82,2773.47,0,12.2,1,6.3,Month-to-month,Electronic check,Fiber optic,No,0,0,1,0
CUST-00906,52,89.77,4584.59,1,-13.0,1,8.3,Month-to-month,Bank transfer,Fiber optic,No,0,0,1,0
CUST-00907,30,101.12,3243.15,1,27.1,0,8.7,One year,Credit card,Fiber optic,No,0,0,0,0
CUST-00908,13,55.44,403.82,1,32.7,0,5.7,Month-to-month,Credit card,Fiber optic,Yes,1,0,0,0
CUST-00909,27,68.34,1655.85,1,14.8,1,6.9,Two year,Electronic check,DSL,No,0,0,1,0
CUST-00910,7,20.0,20.0,3,-16.1,1,6.0,Month-to-month,Mailed check,Fiber optic,Yes,0,0,1,0
CUST-00911,56,60.6,2847.51,2,10.6,1,8.1,Month-to-month,Credit card,Fiber optic,No,0,0,0,0
CUST-00912,14,63.32,1336.03,2,13.4,0,6.0,Month-to-month,Credit card,DSL,Yes,0,0,0,0
CUST-00913,28,49.45,1905.5,2,3.7,0,4.9,One year,Mailed check,Fiber optic,No,0,0,1,1
CUST-00914,71,82.64,5890.62,1,29.6,0,7.2,Month-to-month,Electronic check,DSL,No,0,1,0,0
CUST-00915,43,76.43,3080.53,2,6.1,1,9.1,Month-to-month,Electronic check,None,No,1,1,1,0
CUST-00916,34,20.0,605.39,0,41.7,0,8.0,One year,Electronic check,Fiber optic,No,0,0,0,0
CUST-00917,40,84.03,3579.59,2,20.5,2,8.9,Month-to-month,Electronic check,Fiber optic,No,1,0,0,0
CUST-00918,57,52.01,2835.97,0,12.4,2,8.8,Month-to-month,Electronic check,DSL,No,0,0,0,0
CUST-00919,19,91.6,1799.81,1,22.7,2,7.2,Month-to-month,Mailed check,DSL,No,1,0,0,0
CUST-00920,46,42.11,1933.87,2,32.5,1,6.0,Month-to-month,Credit card,DSL,No,0,0,0,0
CUST-00921,63,78.84,4824.72,1,22.4,1,5.5,Month-to-month,Bank transfer,DSL,No,1,0,1,0
CUST-00922,42,70.07,2811.39,0,6.8,0,4.2,Month-to-month,Credit card,Fiber optic,Yes,0,0,0,0
CUST-00923,33,86.49,2927.5,1,-2.6,0,9.2,Month-to-month,Electronic check,DSL,Yes,0,0,1,0
CUST-00924,11,81.49,652.17,2,-10.0,1,6.5,Two year,Electronic check,Fiber optic,No,0,0,0,1
CUST-00925,18,70.86,1388.41,2,-31.1,0,4.0,Month-to-month,Bank transfer,Fiber optic,No,0,1,0,0
CUST-00926,69,34.98,2295.73,3,10.8,0,9.3,Two year,Credit card,None,Yes,0,1,1,0
CUST-00927,39,36.64,1460.8,1,1.8,0,7.3,One year,Credit card,DSL,Yes,1,1,1,0
CUST-00928,22,61.65,1702.29,0,2.7,1,8.8,Month-to-month,Credit card,Fiber optic,No,0,0,1,0
CUST-00929,31,77.77,2368.82,3,24.5,0,6.6,Month-to-month,Mailed check,Fiber optic,No,0,1,0,0
CUST-00930,42,60.97,2790.69,1,6.2,0,5.7,One year,Electronic check,Fiber optic,No,1,1,1,0
CUST-00931,39,95.51,3276.88,2,38.3,2,7.9,Month-to-month,Electronic check,DSL,No,0,1,1,1
CUST-00932,51,70.18,3461.59,4,-1.2,0,8.1,Month-to-month,Electronic check,None,No,0,0,1,0
CUST-00933,19,50.98,975.54,3,-7.5,0,6.6,Month-to-month,Mailed check,DSL,No,0,0,0,0
CUST-00934,47,70.21,3780.7,2,-12.1,0,9.5,Month-to-month,Bank transfer,DSL,No,0,1,1,0
CUST-00935,32,84.32,2208.25,3,19.6,1,8.8,Month-to-month,Bank transfer,DSL,No,1,0,0,0
CUST-00936,68,87.1,5898.75,1,26.4,1,8.1,Month-to-month,Mailed check,Fiber optic,No,0,1,1,0
CUST-00937,12,130.59,1931.25,2,-1.5,1,5.1,Month-to-month,Bank transfer,Fiber optic,No,0,0,0,1
CUST-00938,11,59.27,455.71,3,-9.0,1,4.8,Month-to-month,Electronic check,Fiber optic,No,0,0,0,0
CUST-00939,34,75.94,2528.75,1,32.5,1,9.3,One year,Electronic check,Fiber optic,No,0,0,0,0
CUST-00940,37,89.93,3410.34,1,-15.2,0,3.2,Month-to-month,Bank transfer,Fiber optic,No,0,1,0,0
CUST-00941,50,77.34,3913.13,0,24.2,0,6.9,One year,Credit card,None,Yes,0,0,0,0
CUST-00942,30,63.98,2310.84,1,-1.1,0,7.4,One year,Mailed check,Fiber optic,No,0,0,0,0
CUST-00943,66,34.62,2397.04,2,14.4,0,6.2,Month-to-month,Electronic check,DSL,No,0,1,0,0
CUST-00944,35,63.7,2561.44,4,25.2,1,7.0,Month-to-month,Credit card,None,No,1,1,1,0
CUST-00945,10,47.94,389.4,1,15.6,1,7.9,Month-to-month,Electronic check,DSL,No,1,1,0,0
CUST-00946,9,29.66,81.81,0,3.3,1,6.0,Month-to-month,Credit card,Fiber optic,No,0,0,0,0
CUST-00947,71,55.72,3899.69,3,30.3,0,8.7,Month-to-month,Electronic check,DSL,No,0,0,0,0
CUST-00948,10,48.68,197.02,1,12.6,0,8.1,One year,Electronic check,DSL,Yes,0,0,0,0
CUST-00949,69,94.35,6631.03,0,66.9,0,6.8,One year,Bank transfer,Fiber optic,No,1,1,0,0
CUST-00950,21,94.83,1894.96,4,-19.3,0,5.6,Month-to-month,Mailed check,Fiber optic,No,1,0,0,1
CUST-00951,7,52.69,200.88,0,-19.5,1,6.9,Two year,Electronic check,DSL,Yes,0,1,1,0
CUST-00952,22,70.71,1680.28,2,23.9,0,10.0,Two year,Electronic check,Fiber optic,No,1,0,0,0
CUST-00953,45,25.97,882.72,0,7.5,0,5.7,Month-to-month,Electronic check,DSL,No,0,1,0,0
CUST-00954,31,64.16,2181.59,1,20.7,1,9.9,One year,Mailed check,Fiber optic,No,0,0,0,0
CUST-00955,57,89.17,4963.11,1,-9.6,0,3.9,Month-to-month,Bank transfer,None,Yes,1,0,1,0
CUST-00956,44,101.1,4738.17,3,8.9,0,5.6,One year,Mailed check,None,Yes,0,1,0,0
CUST-00957,29,58.03,1584.69,0,15.3,2,6.1,One year,Electronic check,Fiber optic,No,0,0,1,0
CUST-00958,46,107.45,5100.68,5,-0.7,1,8.8,Month-to-month,Bank transfer,Fiber optic,No,0,0,0,1
CUST-00959,70,35.56,2534.09,1,11.7,0,7.2,Month-to-month,Bank transfer,Fiber optic,No,0,0,1,0
CUST-00960,30,43.07,1478.08,3,-13.8,2,9.5,One year,Electronic check,DSL,Yes,1,0,0,0
CUST-00961,12,97.87,1201.93,3,14.3,1,6.5,Month-to-month,Bank transfer,Fiber optic,Yes,0,0,0,1
CUST-00962,30,124.79,3327.85,2,31.1,2,7.0,One year,Bank transfer,DSL,No,0,1,1,0
CUST-00963,61,91.82,5853.22,2,-11.8,0,6.5,Two year,Electronic check,None,Yes,0,1,1,0
CUST-00964,16,76.87,1208.0,2,-12.8,0,10.0,Month-to-month,Bank transfer,Fiber optic,Yes,1,0,0,0
CUST-00965,69,20.0,1577.38,2,27.0,0,5.1,Month-to-month,Credit card,Fiber optic,No,0,0,0,0
CUST-00966,43,21.37,1091.47,1,-13.1,0,6.2,One year,Bank transfer,Fiber optic,No,0,0,0,0
CUST-00967,44,81.62,3397.96,3,21.4,0,5.3,One year,Bank transfer,Fiber optic,Yes,0,0,0,0
CUST-00968,23,67.97,1334.61,0,8.9,1,8.1,Month-to-month,Credit card,None,No,0,1,0,0
CUST-00969,67,47.04,3315.52,1,1.3,1,5.0,Month-to-month,Credit card,Fiber optic,Yes,0,0,1,0
CUST-00970,3,79.83,163.68,1,31.5,0,10.0,One year,Credit card,DSL,Yes,0,0,0,0
CUST-00971,22,81.22,2020.95,0,22.9,0,7.2,Month-to-month,Electronic check,Fiber optic,Yes,0,1,0,0
CUST-00972,31,104.44,3193.09,1,12.5,0,7.8,Month-to-month,Credit card,Fiber optic,No,0,1,0,0
CUST-00973,35,81.82,3119.55,3,-26.4,1,7.9,Month-to-month,Electronic check,Fiber optic,Yes,0,1,1,0
CUST-00974,35,112.4,4039.83,2,19.4,0,7.1,Two year,Electronic check,DSL,No,1,0,0,0
CUST-00975,11,78.22,932.41,0,-9.1,0,7.3,Two year,Bank transfer,DSL,Yes,0,0,0,0
CUST-00976,17,74.77,1177.59,1,4.5,2,7.3,One year,Mailed check,Fiber optic,No,0,1,0,0
CUST-00977,7,107.8,812.71,1,8.1,0,8.0,Two year,Electronic check,DSL,Yes,0,1,1,0
CUST-00978,42,50.6,2423.41,0,38.4,1,5.6,Month-to-month,Bank transfer,Fiber optic,Yes,0,0,1,0
CUST-00979,26,156.8,4063.25,0,3.9,1,5.3,One year,Electronic check,Fiber optic,No,0,0,0,1
CUST-00980,41,88.51,3761.7,1,-14.8,0,8.6,One year,Electronic check,Fiber optic,No,1,0,0,0
CUST-00981,43,88.66,3823.97,3,31.5,0,7.1,One year,Bank transfer,Fiber optic,No,0,0,0,0
CUST-00982,51,92.7,4758.85,0,19.6,0,3.5,One year,Electronic check,DSL,No,1,0,0,0
CUST-00983,40,130.56,5653.25,2,20.2,1,6.2,Month-to-month,Credit card,Fiber optic,No,0,0,0,1
CUST-00984,47,100.19,5009.36,2,31.8,1,9.9,Month-to-month,Electronic check,DSL,Yes,0,0,1,0
CUST-00985,43,33.06,1441.43,1,35.6,0,6.8,One year,Credit card,None,No,0,0,0,0
CUST-00986,47,117.3,5566.71,4,-6.3,1,6.1,Month-to-month,Electronic check,Fiber optic,Yes,0,1,0,0
CUST-00987,45,68.45,2904.78,3,-14.3,1,4.4,Month-to-month,Electronic check,DSL,No,1,0,0,0
CUST-00988,23,81.0,1819.76,1,21.5,1,6.1,Two year,Bank transfer,None,No,0,0,0,0
CUST-00989,18,42.18,836.59,3,3.8,2,5.0,Two year,Bank transfer,Fiber optic,No,1,1,1,0
CUST-00990,57,92.73,5498.26,1,5.3,1,7.9,Month-to-month,Electronic check,Fiber optic,No,0,0,1,0
CUST-00991,25,59.76,1681.31,1,-9.9,1,7.2,Month-to-month,Electronic check,DSL,Yes,0,1,0,0
CUST-00992,40,80.8,2954.69,1,17.3,2,6.4,Month-to-month,Electronic check,DSL,No,0,0,1,0
CUST-00993,15,70.05,1295.0,2,14.4,2,5.7,Month-to-month,Credit card,None,Yes,0,0,1,0
CUST-00994,32,131.9,4198.61,3,5.5,1,9.8,Month-to-month,Credit card,DSL,Yes,0,1,1,0
CUST-00995,39,133.5,4959.75,1,-14.2,2,5.8,Month-to-month,Electronic check,Fiber optic,No,1,1,0,1
CUST-00996,46,79.3,3981.9,2,27.3,0,5.8,Two year,Electronic check,DSL,No,1,0,0,0
CUST-00997,38,79.79,3397.84,2,12.1,0,6.7,Month-to-month,Electronic check,Fiber optic,No,0,1,1,0
CUST-00998,26,67.54,1821.98,1,25.9,2,6.9,Month-to-month,Credit card,None,Yes,0,1,0,0
CUST-00999,70,108.97,7805.1,3,-25.6,1,8.0,One year,Electronic check,DSL,Yes,0,0,0,0
CUST-01000,37,68.79,2737.09,1,8.9,1,8.8,Month-to-month,Electronic check,DSL,No,0,0,0,0
CUST-01001,59,66.2,4254.74,2,-3.5,0,8.6,Two year,Credit card,Fiber optic,Yes,0,0,1,0
CUST-01002,54,105.4,5873.62,3,8.6,0,10.0,Month-to-month,Credit card,None,No,0,0,1,0
CUST-01003,41,62.93,2248.21,2,23.1,0,4.1,Month-to-month,Bank transfer,None,Yes,0,1,1,0
CUST-01004,64,76.94,5426.61,3,13.9,0,7.5,Month-to-month,Credit card,None,Yes,1,1,0,0
CUST-01005,10,33.72,603.61,0,8.3,1,6.2,Month-to-month,Electronic check,None,No,0,0,1,0
CUST-01006,67,97.72,6419.86,1,8.2,0,10.0,Month-to-month,Electronic check,DSL,Yes,0,1,1,0
CUST-01007,62,132.34,7947.67,6,-17.0,0,7.4,Two year,Credit card,DSL,Yes,0,0,1,0
CUST-01008,37,98.19,3759.23,1,-6.5,0,3.4,Two year,Credit card,Fiber optic,Yes,0,0,1,0
CUST-01009,53,118.93,6233.72,2,25.9,0,7.9,Two year,Electronic check,Fiber optic,Yes,0,0,0,0
CUST-01010,38,54.31,2146.28,2,-0.1,1,7.6,One year,Electronic check,DSL,No,0,0,1,0
CUST-01011,20,84.62,1878.25,1,26.2,1,8.5,Month-to-month,Electronic check,Fiber optic,No,1,1,0,1
CUST-01012,58,51.59,2850.61,2,21.2,0,5.8,Two year,Mailed check,DSL,No,0,0,0,0
CUST-01013,18,71.62,1010.13,1,22.1,1,7.7,One year,Electronic check,DSL,No,0,0,0,0
CUST-01014,23,99.62,2387.71,0,13.3,0,6.6,Month-to-month,Mailed check,DSL,Yes,0,0,1,1
CUST-01015,38,80.85,2938.95,2,1.0,1,5.9,One year,Mailed check,Fiber optic,Yes,1,1,0,0
CUST-01016,61,38.45,2381.97,1,5.6,1,7.7,One year,Bank transfer,None,No,0,0,0,0
CUST-01017,28,41.18,817.21,2,18.2,1,7.4,One year,Mailed check,Fiber optic,Yes,1,0,1,0
CUST-01018,36,39.33,1352.83,3,-26.0,2,9.0,Two year,Electronic check,DSL,No,0,1,0,0
CUST-01019,3,91.76,454.02,0,27.9,0,7.1,Two year,Electronic check,Fiber optic,Yes,0,0,0,0
CUST-01020,9,135.79,1373.59,2,-0.0,1,8.2,One year,Bank transfer,DSL,No,1,0,1,1
CUST-01021,5,116.15,383.66,1,6.6,2,4.9,Two year,Credit card,DSL,No,0,0,1,1
CUST-01022,6,24.91,20.0,1,6.8,0,9.6,One year,Mailed check,None,No,0,0,0,0
CUST-01023,63,117.79,7424.71,2,7.4,1,5.7,Month-to-month,Bank transfer,Fiber optic,No,0,0,0,1
CUST-01024,61,104.22,6497.68,1,-13.0,2,8.7,One year,Electronic check,DSL,No,0,0,1,0
CUST-01025,60,34.73,2185.09,1,10.4,1,7.6,One year,Electronic check,Fiber optic,No,1,0,0,0
CUST-01026,5,69.51,219.51,2,17.5,0,7.3,Month-to-month,Bank transfer,Fiber optic,No,0,0,1,0
CUST-01027,6,108.67,726.48,3,-24.7,1,8.5,One year,Credit card,Fiber optic,No,0,0,1,0
CUST-01028,21,93.41,2337.2,1,-12.8,0,3.2,Month-to-month,Credit card,DSL,Yes,0,0,0,0
CUST-01029,41,41.35,1746.64,2,22.3,2,6.1,Month-to-month,Mailed check,None,No,1,0,0,0
CUST-01030,25,95.1,1969.21,1,19.4,0,8.4,One year,Electronic check,DSL,No,1,1,0,0
CUST-01031,36,20.0,770.8,2,12.8,0,10.0,Two year,Bank transfer,Fiber optic,No,0,0,0,0
CUST-01032,13,71.76,1443.87,2,-2.9,2,7.1,Month-to-month,Electronic check,Fiber optic,Yes,0,0,1,0
CUST-01033,53,109.86,5500.73,1,19.4,0,2.7,One year,Credit card,Fiber optic,No,0,0,1,0
CUST-01034,23,78.52,1813.39,4,-11.2,1,6.5,Month-to-month,Credit card,Fiber optic,Yes,1,0,1,0
CUST-01035,5,64.03,263.57,2,5.8,1,7.0,One year,Bank transfer,DSL,No,0,0,1,0
CUST-01036,54,102.9,5580.57,1,-12.9,2,9.1,Two year,Bank transfer,Fiber optic,No,1,0,0,0
CUST-01037,66,105.29,6997.7,0,5.4,0,7.2,Two year,Electronic check,DSL,No,0,0,1,0
CUST-01038,2,114.68,514.35,1,-8.5,0,4.8,Month-to-month,Mailed check,Fiber optic,Yes,0,0,0,0
CUST-01039,32,102.48,3300.56,3,20.1,0,8.8,Two year,Credit card,Fiber optic,Yes,0,1,0,0
CUST-01040,60,108.28,6816.11,3,14.9,0,8.1,Two year,Credit card,Fiber optic,Yes,0,1,0,0
CUST-01041,51,98.52,4995.11,0,-1.1,1,5.8,Month-to-month,Electronic check,Fiber optic,Yes,0,1,0,0
CUST-01042,62,85.43,5209.13,1,25.4,0,8.4,Month-to-month,Electronic check,DSL,Yes,1,1,1,0
CUST-01043,30,80.51,2248.0,6,-7.3,0,6.1,One year,Bank transfer,DSL,No,0,0,1,0
CUST-01044,27,71.36,1472.45,1,7.4,1,6.6,Month-to-month,Bank transfer,None,No,0,0,1,0
CUST-01045,52,44.05,2359.55,2,-1.8,1,6.1,One year,Bank transfer,Fiber optic,No,0,0,0,0
CUST-01046,12,51.25,1128.5,2,19.9,1,6.5,Month-to-month,Electronic check,Fiber optic,No,0,0,0,1
CUST-01047,18,70.1,1376.36,2,18.3,1,8.7,Month-to-month,Bank transfer,DSL,Yes,0,1,0,0
CUST-01048,44,84.76,3901.13,0,28.8,0,3.9,Month-to-month,Bank transfer,DSL,No,0,1,1,1
CUST-01049,49,118.34,5695.4,1,9.3,0,9.1,Month-to-month,Electronic check,DSL,No,0,0,0,0
CUST-01050,9,76.83,630.39,3,-35.0,0,7.4,Month-to-month,Credit card,None,Yes,1,0,1,0
CUST-01051,37,106.1,4171.86,0,1.1,0,6.4,Two year,Credit card,Fiber optic,Yes,0,0,0,0
CUST-01052,27,108.22,3424.11,1,33.0,0,7.1,One year,Electronic check,DSL,No,0,1,0,0
CUST-01053,37,71.52,3018.23,2,2.8,1,5.5,Month-to-month,Mailed check,DSL,No,0,0,0,0
CUST-01054,70,94.65,6826.81,2,-22.7,1,4.2,One year,Mailed check,Fiber optic,Yes,0,1,1,0
CUST-01055,6,71.18,435.87,0,15.2,1,5.5,Month-to-month,Bank transfer,Fiber optic,No,1,1,1,0
CUST-01056,72,115.02,8333.87,5,16.4,0,3.7,Month-to-month,Credit card,Fiber optic,No,0,1,0,0
CUST-01057,33,95.8,2973.02,1,-3.6,1,4.7,Month-to-month,Bank transfer,Fiber optic,No,0,0,0,0
CUST-01058,56,44.67,2139.48,4,4.1,1,4.2,Month-to-month,Electronic check,Fiber optic,Yes,0,0,1,0
CUST-01059,31,82.52,2276.42,0,-5.6,1,9.3,Month-to-month,Electronic check,DSL,No,0,0,1,0
CUST-01060,23,124.15,2867.9,3,16.4,1,4.8,One year,Bank transfer,Fiber optic,Yes,0,1,0,0
CUST-01061,56,72.93,4011.08,3,8.9,1,7.0,Two year,Electronic check,DSL,Yes,0,0,1,0
CUST-01062,50,90.54,4159.64,2,-10.7,0,9.1,Month-to-month,Mailed check,DSL,No,0,0,0,0
CUST-01063,11,93.28,1016.75,4,7.8,1,8.6,Month-to-month,Mailed check,Fiber optic,Yes,0,0,0,0
CUST-01064,51,48.97,2417.86,3,-3.7,2,6.6,One year,Bank transfer,DSL,Yes,0,0,1,0
CUST-01065,55,92.3,4783.29,4,31.4,0,6.6,Two year,Bank transfer,Fiber optic,No,0,1,1,0
CUST-01066,28,38.97,998.62,1,22.3,1,7.4,Month-to-month,Mailed check,Fiber optic,No,0,1,0,0
CUST-01067,67,60.48,3971.92,3,6.0,0,10.0,Two year,Credit card,DSL,Yes,0,0,1,0
CUST-01068,47,108.12,4927.48,1,9.3,2,7.8,Two year,Electronic check,Fiber optic,Yes,0,0,0,0
CUST-01069,25,87.99,2431.42,2,24.2,2,8.3,Month-to-month,Mailed check,Fiber optic,Yes,0,0,0,0
CUST-01070,1,69.47,20.0,2,5.2,0,10.0,Month-to-month,Bank transfer,DSL,No,0,1,1,0
CUST-01071,49,90.5,3938.05,1,20.1,2,7.6,One year,Electronic check,DSL,No,0,0,1,0
CUST-01072,16,76.32,1221.94,2,31.6,0,9.2,Month-to-month,Electronic check,DSL,No,1,1,0,0
CUST-01073,55,78.35,4333.28,0,0.1,0,8.0,Month-to-month,Credit card,DSL,No,0,0,1,0
CUST-01074,38,96.39,3763.87,3,34.3,1,7.9,Two year,Electronic check,DSL,No,0,0,0,1
CUST-01075,34,57.63,1824.68,1,29.7,1,5.4,One year,Credit card,DSL,Yes,0,0,0,0
CUST-01076,12,79.13,720.08,0,12.0,1,5.1,One year,Credit card,None,No,1,0,1,0
CUST-01077,52,69.26,3599.69,2,0.9,2,6.2,One year,Electronic check,Fiber optic,Yes,0,0,0,0
CUST-01078,12,33.6,292.81,3,11.8,0,8.7,Month-to-month,Electronic check,DSL,No,0,1,0,1
CUST-01079,31,52.23,2006.9,1,4.1,0,8.6,One year,Bank transfer,Fiber optic,No,0,1,1,0
CUST-01080,61,121.91,7355.45,4,-4.7,0,9.5,Two year,Electronic check,Fiber optic,No,0,0,0,0
CUST-01081,67,88.77,5934.29,1,16.5,0,7.1,One year,Bank transfer,DSL,No,0,0,0,0
CUST-01082,72,40.94,3566.53,2,-8.4,0,8.1,Month-to-month,Mailed check,Fiber optic,No,0,0,0,0
CUST-01083,69,34.87,2357.34,3,2.6,1,8.1,One year,Credit card,Fiber optic,No,1,0,0,0
CUST-01084,41,74.86,3208.3,2,2.8,0,6.9,One year,Bank transfer,DSL,Yes,0,1,1,0
CUST-01085,15,121.71,1987.23,1,-13.8,2,6.5,Month-to-month,Mailed check,Fiber optic,No,0,1,0,1
CUST-01086,61,72.77,4621.82,2,18.5,2,4.4,Month-to-month,Mailed check,None,Yes,1,0,0,0
CUST-01087,58,114.6,6719.17,4,4.3,1,6.8,Month-to-month,Mailed check,None,No,0,0,1,0
CUST-01088,72,87.85,6373.66,2,28.8,1,6.9,Month-to-month,Electronic check,Fiber optic,Yes,1,0,0,0
CUST-01089,47,91.2,4311.48,1,4.1,1,9.1,Month-to-month,Electronic check,DSL,No,0,0,0,0
CUST-01090,11,40.6,302.6,3,1.5,1,9.3,Month-to-month,Credit card,DSL,No,0,0,1,0
CUST-01091,37,104.25,3938.63,4,-6.5,2,7.4,Month-to-month,Electronic check,DSL,No,0,0,1,0
CUST-01092,33,68.62,2771.62,0,8.6,1,10.0,Month-to-month,Bank transfer,Fiber optic,No,0,0,1,0
CUST-01093,61,102.17,6535.04,1,8.7,0,7.4,One year,Credit card,DSL,No,1,0,1,0
CUST-01094,29,55.2,1676.78,3,19.9,0,9.0,One year,Mailed check,DSL,No,1,0,0,0
CUST-01095,24,82.96,2205.0,2,9.1,1,6.9,One year,Electronic check,None,Yes,0,0,1,0
CUST-01096,6,87.86,309.87,0,41.5,2,5.0,One year,Credit card,DSL,No,0,0,0,1
CUST-01097,61,73.69,4429.96,3,15.3,0,6.3,Month-to-month,Bank transfer,DSL,No,0,0,1,0
CUST-01098,55,89.33,5150.11,2,-7.8,0,9.8,One year,Credit card,DSL,No,0,0,1,0
CUST-01099,3,70.54,583.41,3,-9.1,0,6.6,One year,Electronic check,Fiber optic,No,0,1,1,0
CUST-01100,32,59.83,1721.84,3,16.6,1,6.3,One year,Electronic check,DSL,No,0,0,0,0
CUST-01101,35,122.95,4182.35,0,-8.3,2,7.1,One year,Credit card,Fiber optic,No,1,1,1,0
CUST-01102,34,107.37,4195.92,1,17.5,1,6.4,Month-to-month,Credit card,Fiber optic,No,0,0,0,1
CUST-01103,67,56.7,3822.97,5,22.3,1,9.2,One year,Credit card,DSL,No,0,0,0,0
CUST-01104,11,93.92,1488.96,0,22.7,3,10.0,One year,Electronic check,Fiber optic,Yes,0,0,1,0
CUST-01105,23,57.2,1367.31,2,-5.9,1,7.1,Month-to-month,Electronic check,DSL,Yes,0,0,1,0
CUST-01106,14,44.83,689.17,3,22.7,0,8.1,Month-to-month,Electronic check,Fiber optic,Yes,0,0,0,0
CUST-01107,18,106.95,1848.73,2,13.2,1,8.8,Month-to-month,Credit card,DSL,No,1,0,0,1
CUST-01108,66,30.29,2234.78,3,-1.7,1,7.3,Month-to-month,Credit card,DSL,No,0,0,1,0
CUST-01109,68,103.95,7408.04,4,5.4,2,5.5,Two year,Bank transfer,Fiber optic,Yes,0,0,1,0
CUST-01110,4,70.92,24.93,2,15.5,0,6.4,One year,Electronic check,DSL,Yes,0,0,0,0
CUST-01111,46,72.08,3227.57,1,-2.8,1,7.8,Month-to-month,Electronic check,Fiber optic,No,0,0,1,0
CUST-01112,17,89.47,1749.76,2,12.8,0,7.8,Month-to-month,Electronic check,DSL,No,0,1,0,0
CUST-01113,14,94.27,1287.39,1,31.1,3,3.9,One year,Electronic check,None,No,0,0,0,0
CUST-01114,22,54.86,1083.57,7,23.4,1,6.3,One year,Mailed check,DSL,Yes,0,0,1,0
CUST-01115,14,98.1,1625.79,1,9.3,0,5.8,Month-to-month,Electronic check,None,No,0,1,0,1
CUST-01116,36,81.17,3197.98,4,11.7,2,8.7,Month-to-month,Electronic check,DSL,Yes,0,0,1,0
CUST-01117,72,42.83,2971.35,1,-0.6,0,5.8,Two year,Credit card,None,No,0,0,0,0
CUST-01118,43,73.24,3202.41,2,-0.2,0,6.3,Month-to-month,Mailed check,DSL,No,0,0,0,0
CUST-01119,53,116.68,5881.92,3,-16.6,0,6.2,Month-to-month,Credit card,DSL,Yes,0,0,1,0
CUST-01120,36,124.94,4273.97,1,12.0,1,8.5,Month-to-month,Electronic check,None,Yes,0,1,1,0
CUST-01121,2,98.09,227.22,1,18.9,0,8.8,One year,Bank transfer,DSL,Yes,0,0,0,0
CUST-01122,7,44.67,320.54,4,6.9,1,8.0,One year,Electronic check,DSL,Yes,0,1,1,0
CUST-01123,20,91.74,1593.08,1,-6.0,0,9.1,Month-to-month,Electronic check,DSL,No,1,0,1,0
CUST-01124,18,101.82,1653.77,1,9.1,1,9.3,Month-to-month,Credit card,DSL,Yes,0,0,1,0
CUST-01125,61,98.32,5731.26,2,29.5,2,3.8,Two year,Credit card,Fiber optic,Yes,0,0,0,0
CUST-01126,61,99.98,6212.54,2,22.4,0,8.2,Month-to-month,Electronic check,Fiber optic,No,0,0,1,0
CUST-01127,62,88.17,4974.63,2,7.5,1,6.4,Month-to-month,Credit card,DSL,No,1,0,1,0
CUST-01128,46,75.97,3241.73,1,40.8,1,4.8,Month-to-month,Credit card,Fiber optic,Yes,0,0,0,0
CUST-01129,41,60.97,2034.03,1,51.2,1,6.5,Month-to-month,Bank transfer,DSL,Yes,0,0,1,0
CUST-01130,47,24.86,1273.18,5,0.3,0,8.4,Two year,Electronic check,Fiber optic,Yes,0,1,0,0
CUST-01131,30,87.51,2174.62,1,4.1,1,9.7,Month-to-month,Mailed check,Fiber optic,Yes,1,1,1,0
CUST-01132,49,83.21,4085.22,1,19.1,0,4.7,Month-to-month,Electronic check,None,Yes,0,0,0,0
CUST-01133,58,93.61,5839.26,2,-6.6,0,8.2,Month-to-month,Electronic check,Fiber optic,No,0,0,0,0
CUST-01134,55,40.55,2648.61,3,21.6,0,10.0,Month-to-month,Electronic check,None,No,0,0,1,0
CUST-01135,45,96.06,3871.22,2,9.6,1,10.0,Month-to-month,Credit card,DSL,Yes,0,0,0,0
CUST-01136,5,135.53,752.25,1,13.9,0,1.0,Two year,Mailed check,None,Yes,0,0,1,1
CUST-01137,53,80.2,4003.36,1,-1.2,0,10.0,Month-to-month,Electronic check,DSL,Yes,0,1,0,0
CUST-01138,27,76.27,1761.01,1,-4.6,2,8.8,Month-to-month,Electronic check,Fiber optic,Yes,0,0,0,0
CUST-01139,54,86.65,4650.73,2,-23.8,3,2.9,Month-to-month,Mailed check,Fiber optic,No,0,1,0,1
CUST-01140,39,134.91,5568.56,1,31.8,0,5.7,Two year,Credit card,None,No,0,1,0,0
CUST-01141,64,49.34,3307.67,4,23.1,1,9.4,Two year,Mailed check,DSL,Yes,0,0,0,0
CUST-01142,25,83.69,1913.46,0,18.8,2,7.7,Two year,Credit card,Fiber optic,Yes,0,0,1,0
CUST-01143,68,55.61,3957.74,4,13.6,1,6.1,Month-to-month,Credit card,None,Yes,0,0,0,0
CUST-01144,61,62.68,3262.55,2,-28.9,1,7.2,One year,Bank transfer,DSL,Yes,1,0,0,0
CUST-01145,24,76.61,1650.4,0,-4.0,1,8.1,One year,Electronic check,Fiber optic,No,1,0,1,0
CUST-01146,35,115.73,3844.58,2,3.9,1,6.1,Month-to-month,Bank transfer,Fiber optic,No,0,0,1,1
CUST-01147,39,128.43,5028.35,3,-9.3,0,6.9,One year,Bank transfer,DSL,Yes,0,0,0,0
CUST-01148,56,90.55,5020.09,2,-19.1,0,8.7,One year,Bank transfer,Fiber optic,Yes,0,1,1,0
CUST-01149,50,67.46,3337.63,1,-7.6,0,5.8,One year,Bank transfer,DSL,No,0,0,1,0
CUST-01150,62,147.8,9119.92,1,8.8,0,4.7,Month-to-month,Electronic check,Fiber optic,No,0,0,0,1
CUST-01151,27,66.03,1788.41,0,8.8,0,6.0,Month-to-month,Credit card,Fiber optic,Yes,0,0,0,0
CUST-01152,37,62.01,2429.4,1,22.5,0,5.5,One year,Bank transfer,Fiber optic,No,0,0,0,0
CUST-01153,32,28.3,942.93,2,41.0,0,6.0,Month-to-month,Credit card,None,No,0,0,1,0
CUST-01154,66,117.09,7656.85,1,19.0,0,4.0,Month-to-month,Electronic check,Fiber optic,Yes,0,1,1,0
CUST-01155,22,105.11,2412.86,1,5.2,2,7.5,One year,Bank transfer,None,No,0,0,1,0
CUST-01156,43,145.7,6471.63,3,36.8,1,8.7,Month-to-month,Bank transfer,Fiber optic,No,1,0,0,1
CUST-01157,9,39.09,212.8,2,-17.3,1,5.6,Month-to-month,Electronic check,None,Yes,0,0,0,0
CUST-01158,62,118.83,7352.61,2,-25.3,1,5.9,Month-to-month,Bank transfer,Fiber optic,No,0,0,1,0
CUST-01159,28,79.96,2529.36,0,-6.2,0,6.8,Month-to-month,Bank transfer,DSL,No,0,1,1,0
CUST-01160,25,100.57,2238.56,0,21.0,1,5.5,Month-to-month,Credit card,Fiber optic,Yes,0,1,0,1
CUST-01161,42,31.86,1789.3,3,10.7,0,8.9,One year,Electronic check,Fiber optic,No,0,0,0,0
CUST-01162,36,119.11,3953.17,2,-10.1,0,5.5,One year,Credit card,DSL,Yes,0,0,1,0
CUST-01163,62,100.02,6114.9,1,-3.6,1,6.2,Month-to-month,Electronic check,Fiber optic,Yes,0,0,1,0
CUST-01164,39,76.91,2761.94,1,-11.9,0,5.7,One year,Bank transfer,None,No,0,1,0,0
CUST-01165,38,96.06,4197.26,0,-11.9,0,8.9,Month-to-month,Credit card,DSL,No,0,0,0,0
CUST-01166,8,56.57,326.72,3,32.8,0,6.7,Month-to-month,Electronic check,DSL,Yes,1,0,1,0
CUST-01167,2,61.78,20.0,8,5.7,0,10.0,One year,Electronic check,Fiber optic,No,1,0,1,0
CUST-01168,29,65.02,1792.89,2,36.3,0,7.7,Two year,Electronic check,None,Yes,0,0,0,0
CUST-01169,72,26.12,1904.54,1,-6.2,0,9.2,Month-to-month,Bank transfer,DSL,Yes,1,1,0,0
CUST-01170,67,102.13,6760.6,2,15.9,0,6.5,One year,Bank transfer,None,No,1,1,0,0
CUST-01171,46,111.36,5089.34,1,11.6,2,5.4,Month-to-month,Mailed check,Fiber optic,No,0,1,1,0
CUST-01172,46,58.36,1802.26,2,22.1,0,7.0,One year,Electronic check,Fiber optic,No,1,0,0,0
CUST-01173,29,87.75,2559.04,2,12.1,2,5.9,One year,Mailed check,DSL,No,0,0,0,0
CUST-01174,13,70.56,921.73,1,23.8,0,3.5,Month-to-month,Mailed check,DSL,No,0,1,0,0
CUST-01175,1,87.19,346.83,5,16.9,1,8.9,Two year,Electronic check,Fiber optic,Yes,0,0,1,0
CUST-01176,25,60.43,1838.02,5,-9.5,0,7.2,One year,Credit card,DSL,No,0,0,0,0
CUST-01177,23,53.26,1178.05,1,19.7,0,5.8,Two year,Mailed check,Fiber optic,No,0,1,0,0
CUST-01178,14,107.46,1708.5,2,6.4,1,7.8,Month-to-month,Electronic check,DSL,No,0,0,0,0
CUST-01179,19,76.21,1172.6,1,-4.4,0,7.2,Two year,Bank transfer,DSL,No,0,0,0,0
CUST-01180,2,134.62,461.08,2,19.1,0,9.6,Two year,Credit card,DSL,Yes,0,0,0,1
CUST-01181,44,79.3,3346.08,0,22.7,1,7.9,Month-to-month,Credit card,Fiber optic,No,0,0,0,0
CUST-01182,67,52.07,3192.52,2,0.3,1,6.8,Month-to-month,Credit card,Fiber optic,No,1,1,0,0
CUST-01183,50,112.35,5571.1,2,2.4,1,8.3,Two year,Bank transfer,Fiber optic,No,1,0,0,0
CUST-01184,33,95.66,3506.9,1,-14.2,2,7.0,One year,Electronic check,Fiber optic,Yes,1,0,0,0
CUST-01185,31,98.35,3094.1,0,-20.9,1,7.4,Month-to-month,Credit card,DSL,No,0,0,1,0
CUST-01186,23,111.34,2934.94,1,4.1,0,9.3,Month-to-month,Electronic check,None,No,0,0,0,0
CUST-01187,11,59.72,469.74,4,20.7,0,5.0,Month-to-month,Credit card,Fiber optic,No,0,1,1,0
CUST-01188,44,74.44,3537.32,0,-1.2,2,5.5,Month-to-month,Bank transfer,None,No,0,0,0,0
CUST-01189,41,73.2,2838.16,2,30.8,1,6.3,Month-to-month,Bank transfer,DSL,Yes,0,0,0,1
CUST-01190,1,41.86,98.19,2,4.7,1,6.6,One year,Mailed check,None,No,0,1,0,0
CUST-01191,30,70.62,2172.77,2,4.8,1,9.2,Month-to-month,Credit card,Fiber optic,No,0,0,0,0
CUST-01192,21,115.42,2589.19,0,3.4,0,4.6,Month-to-month,Credit card,DSL,No,0,1,1,0
CUST-01193,13,84.65,1163.14,3,23.7,1,7.0,Month-to-month,Mailed check,DSL,No,1,0,1,1
CUST-01194,51,40.31,1871.01,1,-7.3,0,6.1,Month-to-month,Electronic check,None,Yes,1,0,0,0
CUST-01195,38,34.44,1528.8,1,5.9,1,10.0,One year,Credit card,Fiber optic,No,0,0,1,0
CUST-01196,46,124.61,6164.97,0,-0.8,0,8.7,Month-to-month,Bank transfer,Fiber optic,Yes,0,0,1,0
CUST-01197,52,75.47,3778.49,7,-1.0,1,7.5,Two year,Credit card,DSL,No,0,0,0,0
CUST-01198,71,59.87,3791.96,1,8.6,0,8.8,One year,Credit card,Fiber optic,No,0,0,0,0
CUST-01199,58,70.33,4203.97,5,6.2,0,4.7,One year,Mailed check,None,No,0,1,1,0
CUST-01200,45,36.64,1566.0,1,24.8,2,10.0,Month-to-month,Bank transfer,Fiber optic,Yes,0,1,1,0
CUST-01201,64,117.85,7509.62,3,7.8,1,5.6,One year,Credit card,Fiber optic,Yes,0,0,0,0
CUST-01202,35,66.99,2483.69,1,16.9,2,9.4,One year,Electronic check,Fiber optic,Yes,1,1,1,0
CUST-01203,71,116.29,8142.49,2,10.8,0,8.1,Two year,Credit card,DSL,Yes,0,0,1,0
CUST-01204,55,79.45,4302.54,3,30.5,2,7.6,One year,Mailed check,DSL,No,1,0,1,0
CUST-01205,47,118.03,5522.38,1,3.2,1,9.3,Two year,Credit card,None,No,0,1,1,0
CUST-01206,66,85.19,5989.98,2,3.2,0,8.9,Two year,Credit card,DSL,No,0,0,0,0
CUST-01207,38,101.89,3879.34,2,19.9,1,7.3,Two year,Credit card,DSL,No,0,1,0,0
CUST-01208,52,98.13,4793.84,0,2.9,0,6.3,One year,Electronic check,DSL,No,1,0,1,0
CUST-01209,21,95.45,1705.48,1,16.0,1,7.3,Month-to-month,Credit card,Fiber optic,Yes,0,0,0,0
CUST-01210,70,87.74,6176.61,0,45.4,1,6.9,One year,Credit card,DSL,No,0,0,1,0
CUST-01211,45,71.48,2934.24,1,-7.7,1,7.7,Two year,Bank transfer,None,Yes,0,0,0,0
CUST-01212,57,131.63,7112.33,2,32.5,1,8.9,Two year,Mailed check,None,No,0,0,1,1
CUST-01213,34,52.61,1947.62,4,0.1,0,7.9,Two year,Bank transfer,Fiber optic,No,0,1,1,0
CUST-01214,63,78.12,5092.68,1,29.4,1,7.4,Month-to-month,Electronic check,DSL,Yes,0,0,1,0
CUST-01215,6,78.42,378.49,1,19.0,0,5.9,Two year,Credit card,DSL,No,0,0,0,0
CUST-01216,9,89.27,876.84,0,17.6,1,7.7,Month-to-month,Electronic check,DSL,No,0,0,1,0
CUST-01217,37,65.97,2487.92,0,5.6,2,4.0,One year,Credit card,Fiber optic,No,0,0,1,1
CUST-01218,53,86.81,4751.53,2,4.0,0,5.7,Month-to-month,Mailed check,None,No,0,0,0,0
CUST-01219,59,73.27,4474.12,2,-3.6,0,8.2,Month-to-month,Credit card,Fiber optic,No,0,0,1,0
CUST-01220,32,33.71,427.27,1,8.1,1,8.7,Month-to-month,Credit card,Fiber optic,Yes,0,0,1,0
CUST-01221,47,78.27,3618.57,4,5.1,1,7.1,Month-to-month,Mailed check,DSL,Yes,0,0,1,0
CUST-01222,40,47.18,2016.68,4,11.1,1,7.5,Month-to-month,Bank transfer,DSL,No,0,1,0,0
CUST-01223,70,29.44,1958.19,0,-14.6,1,7.8,One year,Electronic check,None,No,0,0,1,0
CUST-01224,48,81.83,3936.89,0,8.4,2,8.3,Month-to-month,Credit card,Fiber optic,Yes,0,0,0,0
CUST-01225,31,91.66,3029.13,3,28.2,0,6.7,One year,Credit card,Fiber optic,No,0,0,0,1
CUST-01226,70,92.75,6512.73,1,23.1,0,5.3,Month-to-month,Mailed check,None,No,1,1,1,0
CUST-01227,8,93.88,1128.02,4,8.4,0,7.8,Month-to-month,Bank transfer,Fiber optic,Yes,1,0,1,1
CUST-01228,71,23.89,1977.94,1,49.0,1,10.0,Month-to-month,Electronic check,Fiber optic,Yes,0,1,0,0
CUST-01229,12,39.89,449.04,1,-1.2,1,5.4,Month-to-month,Electronic check,DSL,No,0,0,0,0
CUST-01230,21,133.26,2748.95,2,6.6,0,6.9,Two year,Bank transfer,None,No,0,1,0,1
CUST-01231,60,48.68,2208.22,3,-15.2,1,6.4,One year,Credit card,None,Yes,0,1,1,0
CUST-01232,53,95.1,4958.67,1,1.5,1,10.0,One year,Bank transfer,None,No,0,0,1,0
CUST-01233,70,58.77,3775.58,2,36.6,0,5.4,One year,Electronic check,Fiber optic,No,0,0,0,0
CUST-01234,54,80.23,4387.73,0,2.2,3,6.8,One year,Electronic check,DSL,Yes,0,0,1,0
CUST-01235,46,60.27,2810.64,3,-16.4,1,6.4,Two year,Bank transfer,Fiber optic,No,0,1,0,0
CUST-01236,25,93.72,2516.96,2,22.0,1,4.8,Month-to-month,Bank transfer,Fiber optic,No,0,0,0,1
CUST-01237,1,81.83,431.0,3,14.2,0,4.7,Month-to-month,Credit card,Fiber optic,No,0,1,1,0
CUST-01238,9,65.45,582.48,3,21.3,3,8.1,Two year,Mailed check,Fiber optic,Yes,1,0,1,0
CUST-01239,22,48.6,1639.3,1,3.2,1,8.4,Month-to-month,Credit card,Fiber optic,Yes,1,1,0,0
CUST-01240,3,85.5,314.61,1,-8.1,0,6.1,Two year,Bank transfer,None,No,0,1,0,0
CUST-01241,37,44.04,1301.93,2,5.1,1,9.6,Two year,Electronic check,None,Yes,0,0,1,0
CUST-01242,56,89.97,4897.8,2,16.9,0,3.0,Month-to-month,Bank transfer,Fiber optic,No,1,0,1,0
CUST-01243,70,151.54,10514.61,4,6.8,1,4.8,Two year,Credit card,Fiber optic,No,0,0,0,1
CUST-01244,36,115.8,4316.83,1,14.2,0,5.6,Month-to-month,Electronic check,Fiber optic,Yes,0,0,0,1
CUST-01245,64,98.11,6042.23,1,-0.6,0,7.1,One year,Electronic check,DSL,No,1,0,1,0
CUST-01246,71,75.6,5293.11,2,14.8,3,6.3,One year,Credit card,None,No,0,1,1,0
CUST-01247,62,23.71,1429.76,2,8.0,1,6.7,Two year,Credit card,DSL,No,0,1,0,0
CUST-01248,34,40.98,1281.29,1,-3.3,0,8.0,Month-to-month,Bank transfer,Fiber optic,Yes,0,0,1,0
CUST-01249,24,113.92,2936.93,1,10.2,1,9.7,Month-to-month,Bank transfer,None,Yes,0,1,0,1
CUST-01250,71,55.89,4128.52,2,1.8,1,8.5,Month-to-month,Bank transfer,DSL,Yes,1,1,0,0
CUST-01251,18,58.42,1343.2,2,17.9,0,7.2,Month-to-month,Electronic check,DSL,Yes,0,0,0,0
CUST-01252,30,73.36,2118.04,3,22.0,0,7.0,Month-to-month,Mailed check,DSL,No,0,1,1,0
CUST-01253,6,48.26,590.19,4,16.0,0,9.1,Month-to-month,Electronic check,DSL,No,0,0,0,0
CUST-01254,58,43.65,2190.7,2,-18.2,0,10.0,One year,Electronic check,Fiber optic,Yes,0,0,0,0
CUST-01255,47,76.59,3252.63,0,-7.4,0,8.2,Month-to-month,Bank transfer,Fiber optic,Yes,1,1,1,0
CUST-01256,7,53.04,67.83,2,-2.2,1,6.2,Month-to-month,Bank transfer,DSL,No,1,0,0,0
CUST-01257,16,57.25,918.3,3,-4.7,0,7.6,Month-to-month,Credit card,Fiber optic,Yes,0,1,1,0
CUST-01258,40,56.13,2545.79,3,-0.7,0,8.1,Two year,Mailed check,DSL,Yes,0,0,0,0
CUST-01259,39,92.63,3462.03,0,22.8,1,6.1,One year,Electronic check,DSL,No,0,0,0,0
CUST-01260,58,71.5,4027.83,2,19.2,1,8.7,Month-to-month,Electronic check,DSL,No,0,0,0,0
CUST-01261,20,73.0,1406.0,2,1.2,0,7.6,Month-to-month,Electronic check,Fiber optic,Yes,0,0,1,0
CUST-01262,67,94.71,6488.78,1,17.5,2,9.2,Month-to-month,Electronic check,DSL,No,0,0,0,0
CUST-01263,33,74.02,2323.25,2,13.3,0,5.3,Month-to-month,Credit card,Fiber optic,No,1,0,0,1
CUST-01264,60,70.21,4079.25,1,7.5,0,4.0,Two year,Bank transfer,Fiber optic,No,0,0,1,0
CUST-01265,18,91.17,1304.71,2,26.4,0,6.4,Month-to-month,Electronic check,Fiber optic,Yes,0,0,1,0
CUST-01266,3,96.71,147.2,5,-2.6,0,7.1,Month-to-month,Credit card,Fiber optic,No,0,0,0,1
CUST-01267,4,73.88,589.89,3,8.8,1,3.9,One year,Credit card,Fiber optic,No,0,0,0,0
CUST-01268,27,80.26,2189.75,4,-8.8,0,6.0,Two year,Mailed check,DSL,No,0,1,0,1
CUST-01269,69,56.11,3686.63,2,-8.0,0,9.4,Month-to-month,Bank transfer,DSL,No,0,1,0,0
CUST-01270,4,53.9,524.64,1,-13.8,0,8.1,One year,Credit card,DSL,No,1,0,0,0
CUST-01271,27,99.54,2541.28,3,-7.8,0,7.3,Two year,Electronic check,Fiber optic,No,1,0,0,0
CUST-01272,8,90.46,1078.67,0,9.3,0,5.2,Two year,Mailed check,None,No,0,0,1,0
CUST-01273,68,90.75,6521.9,1,3.2,2,9.4,Month-to-month,Mailed check,DSL,Yes,0,0,0,0
CUST-01274,49,85.86,4221.14,4,3.7,0,6.3,Month-to-month,Credit card,Fiber optic,Yes,0,0,1,0
CUST-01275,55,79.29,3986.31,2,3.2,1,7.3,One year,Credit card,DSL,No,0,0,1,0
CUST-01276,52,97.5,5642.38,2,36.4,2,7.8,Two year,Credit card,None,Yes,0,1,0,0
CUST-01277,48,104.18,5097.46,0,-10.2,1,7.4,One year,Credit card,None,No,1,0,0,0
CUST-01278,56,103.51,5715.59,1,-11.9,0,9.8,Two year,Bank transfer,Fiber optic,No,0,0,0,0
CUST-01279,1,75.18,314.21,3,-5.5,1,8.1,One year,Credit card,DSL,Yes,0,0,0,0
CUST-01280,63,116.84,7536.5,0,6.8,0,7.7,Month-to-month,Mailed check,DSL,No,0,0,1,0
CUST-01281,54,84.4,4885.33,1,16.2,2,6.9,Month-to-month,Credit card,DSL,No,0,1,1,0
CUST-01282,54,95.71,5002.75,4,17.9,1,7.9,Two year,Electronic check,None,No,0,1,1,0
CUST-01283,29,85.9,2570.72,2,23.1,1,6.7,Month-to-month,Bank transfer,DSL,No,1,0,1,0
CUST-01284,58,84.92,4628.89,2,6.3,1,7.4,One year,Credit card,Fiber optic,Yes,1,1,1,1
CUST-01285,28,57.4,1773.78,1,1.7,0,6.5,Month-to-month,Electronic check,DSL,No,0,1,0,0
CUST-01286,4,97.64,384.82,2,34.1,1,6.2,Month-to-month,Bank transfer,None,Yes,0,0,1,1
CUST-01287,66,157.67,10476.47,1,-35.0,1,5.5,One year,Electronic check,None,No,0,1,1,0
CUST-01288,17,67.51,1111.08,5,9.0,0,6.6,Month-to-month,Bank transfer,Fiber optic,No,0,0,0,0
CUST-01289,8,79.99,577.17,1,14.9,0,6.5,Two year,Electronic check,None,Yes,0,0,1,0
CUST-01290,45,65.51,2730.89,2,38.0,0,10.0,Month-to-month,Bank transfer,Fiber optic,Yes,0,1,0,0
CUST-01291,17,64.34,1291.39,1,-18.6,1,8.9,One year,Mailed check,None,No,0,0,1,0
CUST-01292,62,121.24,7889.31,1,1.3,1,6.9,Month-to-month,Electronic check,DSL,Yes,0,1,1,0
CUST-01293,32,59.16,1753.95,1,-13.7,1,6.3,Month-to-month,Electronic check,Fiber optic,Yes,0,0,0,0
CUST-01294,1,64.73,203.12,4,-20.8,2,8.2,Month-to-month,Bank transfer,Fiber optic,No,1,0,0,1
CUST-01295,69,33.55,2423.0,1,4.7,0,10.0,Month-to-month,Credit card,Fiber optic,No,0,1,0,0
CUST-01296,38,56.79,2160.04,1,21.3,0,8.5,One year,Mailed check,Fiber optic,No,1,1,1,0
CUST-01297,19,30.16,191.39,3,27.3,0,4.0,Month-to-month,Credit card,Fiber optic,Yes,0,0,0,0
CUST-01298,49,95.69,4363.41,2,-0.5,1,8.7,Month-to-month,Mailed check,None,Yes,0,0,1,0
CUST-01299,39,156.39,5903.96,1,18.7,1,9.0,Two year,Electronic check,Fiber optic,Yes,0,1,0,1
CUST-01300,3,67.73,20.0,1,4.8,0,10.0,One year,Electronic check,None,Yes,0,0,0,0
CUST-01301,55,31.33,2075.16,2,16.9,0,6.7,Two year,Mailed check,Fiber optic,Yes,0,0,1,0
CUST-01302,29,103.2,3084.73,5,26.5,0,7.3,Two year,Electronic check,DSL,No,0,0,1,0
CUST-01303,51,57.65,2932.66,2,4.9,2,7.9,One year,Bank transfer,DSL,Yes,0,0,0,0
CUST-01304,65,114.38,6887.14,4,25.2,0,5.7,Month-to-month,Bank transfer,Fiber optic,Yes,0,0,1,0
CUST-01305,44,70.1,2628.43,0,-11.4,2,5.6,Two year,Mailed check,DSL,No,1,1,1,0
CUST-01306,49,60.31,2954.6,1,18.5,0,7.8,Month-to-month,Bank transfer,DSL,No,1,1,1,0
CUST-01307,19,73.02,1880.0,0,24.5,1,4.3,Month-to-month,Mailed check,Fiber optic,No,0,0,0,0
CUST-01308,18,99.22,1611.3,0,22.9,0,4.7,Month-to-month,Credit card,Fiber optic,Yes,0,0,0,1
CUST-01309,30,71.63,2364.85,2,-11.0,1,8.6,Month-to-month,Electronic check,DSL,Yes,0,0,0,0
CUST-01310,62,64.09,3853.6,1,4.7,0,8.0,Two year,Electronic check,Fiber optic,No,0,0,1,0
CUST-01311,38,72.43,2766.15,3,12.8,0,9.3,Month-to-month,Bank transfer,Fiber optic,No,0,0,0,0
CUST-01312,26,42.39,1405.81,1,15.1,0,7.9,Month-to-month,Electronic check,Fiber optic,No,0,0,0,0
CUST-01313,57,89.12,4993.35,3,9.9,1,7.1,One year,Electronic check,DSL,No,0,0,0,0
CUST-01314,62,27.97,1561.61,2,30.9,0,9.4,Two year,Bank transfer,None,No,0,1,1,0
CUST-01315,65,65.56,4615.92,0,-12.7,1,6.3,Two year,Bank transfer,Fiber optic,No,1,1,0,0
CUST-01316,22,99.26,2195.11,2,4.2,0,6.5,One year,Bank transfer,DSL,No,0,0,0,0
CUST-01317,52,86.49,4770.28,1,-19.0,0,7.0,Month-to-month,Mailed check,Fiber optic,Yes,0,1,0,0
CUST-01318,43,94.53,3893.48,0,17.9,0,7.9,Month-to-month,Electronic check,None,Yes,0,0,1,0
CUST-01319,33,76.18,2865.61,4,16.9,0,7.0,Month-to-month,Mailed check,None,Yes,0,0,1,0
CUST-01320,29,110.75,3280.16,2,61.6,1,4.4,Month-to-month,Credit card,Fiber optic,Yes,0,0,0,1
CUST-01321,9,103.89,1043.71,0,24.4,2,6.6,Two year,Credit card,Fiber optic,Yes,1,1,1,1
CUST-01322,20,90.49,1842.71,3,13.3,0,7.0,Two year,Credit card,DSL,No,0,0,1,0
CUST-01323,40,103.97,4032.43,1,12.1,0,7.3,Month-to-month,Electronic check,DSL,No,0,0,1,0
CUST-01324,64,99.01,6336.22,2,2.9,0,6.3,Month-to-month,Credit card,DSL,Yes,0,0,0,0
CUST-01325,63,65.7,4028.45,4,10.1,0,8.0,Two year,Credit card,Fiber optic,No,0,1,1,0
CUST-01326,14,40.37,805.07,4,12.4,0,4.2,Month-to-month,Credit card,Fiber optic,No,0,1,1,1
CUST-01327,49,89.77,4347.97,3,-23.4,0,7.8,Month-to-month,Mailed check,Fiber optic,Yes,0,0,1,0
CUST-01328,7,93.29,278.9,3,11.2,0,10.0,Month-to-month,Electronic check,DSL,No,0,1,1,0
CUST-01329,49,108.53,4898.11,0,9.6,0,6.0,Month-to-month,Mailed check,DSL,Yes,0,0,0,0
CUST-01330,25,51.78,862.82,2,36.1,1,7.2,Month-to-month,Mailed check,Fiber optic,No,0,0,0,1
CUST-01331,33,52.62,1890.95,2,5.9,1,6.7,One year,Mailed check,None,No,0,1,0,0
CUST-01332,52,90.88,4437.88,3,-4.2,0,6.7,Month-to-month,Credit card,None,No,1,0,0,0
CUST-01333,31,76.01,2431.33,0,12.3,1,5.2,Month-to-month,Credit card,DSL,No,0,0,1,0
CUST-01334,59,25.2,1520.94,3,9.2,1,10.0,Month-to-month,Credit card,DSL,No,0,0,1,0
CUST-01335,39,88.5,3435.32,1,5.9,1,7.8,Month-to-month,Bank transfer,DSL,No,0,1,0,0
CUST-01336,72,26.13,1990.96,0,-12.5,1,5.9,Month-to-month,Mailed check,DSL,No,1,0,0,0
CUST-01337,46,51.53,2409.96,1,5.5,0,5.7,Month-to-month,Electronic check,Fiber optic,Yes,0,0,0,0
CUST-01338,22,115.85,1871.27,2,-1.3,0,7.2,Month-to-month,Credit card,DSL,Yes,1,1,0,0
CUST-01339,56,129.1,7148.69,3,4.5,0,3.2,Month-to-month,Bank transfer,DSL,Yes,0,0,1,1
CUST-01340,30,43.96,1425.08,2,19.7,0,9.0,Two year,Electronic check,DSL,Yes,0,1,1,0
CUST-01341,39,68.78,3092.49,1,-2.8,0,6.2,Month-to-month,Bank transfer,DSL,No,0,1,0,0
CUST-01342,10,79.19,1213.51,2,4.5,1,7.8,One year,Credit card,Fiber optic,No,1,1,1,0
CUST-01343,9,127.87,810.04,0,16.7,1,7.9,Two year,Electronic check,DSL,No,0,0,0,1
CUST-01344,42,64.2,2608.97,0,3.7,2,8.8,Month-to-month,Credit card,Fiber optic,Yes,0,0,1,0
CUST-01345,14,64.65,513.57,0,49.7,1,8.0,Month-to-month,Bank transfer,DSL,No,0,1,0,0
CUST-01346,72,121.36,9117.89,1,12.0,0,8.4,Month-to-month,Credit card,None,Yes,1,0,0,1
CUST-01347,62,67.51,4438.83,3,-11.9,1,8.9,Two year,Electronic check,DSL,No,0,1,0,0
CUST-01348,51,98.22,5096.87,2,-5.4,3,6.5,Month-to-month,Electronic check,Fiber optic,No,0,0,0,0
CUST-01349,53,36.64,1983.44,0,-7.0,1,10.0,Month-to-month,Electronic check,Fiber optic,No,0,1,0,0
CUST-01350,43,73.21,3493.19,3,-5.2,0,7.7,Month-to-month,Electronic check,None,Yes,0,0,0,0
CUST-01351,5,31.53,460.48,2,16.6,1,7.0,Month-to-month,Credit card,Fiber optic,No,0,1,0,0
CUST-01352,29,48.45,1694.56,1,-9.7,0,5.6,One year,Bank transfer,DSL,No,0,0,0,0
CUST-01353,36,101.5,3768.17,1,2.7,1,6.7,One year,Credit card,Fiber optic,No,0,0,0,0
CUST-01354,66,76.6,4968.29,4,26.3,1,7.8,Month-to-month,Credit card,None,Yes,0,0,0,0
CUST-01355,16,69.07,1296.9,1,-0.3,0,7.3,Month-to-month,Electronic check,Fiber optic,Yes,0,0,0,0
CUST-01356,36,57.04,2257.45,1,18.7,1,10.0,Two year,Mailed check,DSL,No,0,0,0,0
CUST-01357,25,71.82,1747.84,2,-18.9,1,6.4,Two year,Credit card,Fiber optic,Yes,0,0,0,0
CUST-01358,10,86.43,776.49,3,2.1,0,8.3,Month-to-month,Electronic check,None,No,0,1,1,0
CUST-01359,8,105.52,1127.49,2,-6.2,1,5.1,One year,Bank transfer,DSL,No,0,0,0,1
CUST-01360,27,20.0,956.03,3,12.8,1,10.0,Two year,Bank transfer,DSL,Yes,0,1,0,0
CUST-01361,6,54.71,140.91,2,-8.6,2,5.0,Month-to-month,Bank transfer,Fiber optic,Yes,1,0,0,0
CUST-01362,5,82.45,346.41,0,41.1,0,10.0,Month-to-month,Bank transfer,DSL,No,0,0,0,0
CUST-01363,26,75.23,2043.71,1,-18.2,2,6.9,Month-to-month,Bank transfer,Fiber optic,Yes,1,0,0,1
CUST-01364,15,89.29,1461.0,2,26.2,1,3.1,Month-to-month,Bank transfer,Fiber optic,No,0,0,1,0
CUST-01365,40,85.49,3289.01,2,22.1,0,9.5,Month-to-month,Bank transfer,DSL,Yes,0,1,0,0
CUST-01366,2,69.46,609.8,6,13.0,1,7.2,Two year,Bank transfer,DSL,No,0,0,1,1
CUST-01367,22,63.25,1497.02,1,8.9,1,6.3,Two year,Credit card,DSL,Yes,0,0,0,0
CUST-01368,33,71.13,2480.14,1,37.7,0,8.3,One year,Electronic check,Fiber optic,Yes,0,1,0,0
CUST-01369,70,110.16,8150.92,1,47.5,1,8.3,Two year,Electronic check,None,No,0,0,0,0
CUST-01370,46,57.5,2532.73,2,4.7,1,7.8,Two year,Bank transfer,Fiber optic,Yes,0,0,0,0
CUST-01371,64,76.24,4857.25,0,10.5,0,9.1,One year,Bank transfer,DSL,No,0,0,0,0
CUST-01372,25,83.13,1764.92,0,-0.8,1,7.6,Two year,Bank transfer,DSL,Yes,0,0,1,0
CUST-01373,33,121.69,3972.68,1,-10.7,0,8.3,Two year,Credit card,None,Yes,1,0,0,0
CUST-01374,31,69.59,1785.06,2,15.4,1,6.2,Month-to-month,Electronic check,Fiber optic,No,1,1,0,1
CUST-01375,64,104.85,6897.36,2,12.0,1,8.5,Two year,Credit card,DSL,No,0,0,0,0
CUST-01376,70,112.5,7980.0,0,-17.8,0,6.2,Two year,Bank transfer,DSL,No,0,1,0,0
CUST-01377,70,76.21,5265.43,3,15.3,0,5.1,Month-to-month,Bank transfer,DSL,Yes,1,0,0,1
CUST-01378,55,72.1,3940.39,4,12.5,0,6.7,One year,Credit card,None,No,0,0,1,0
CUST-01379,37,68.79,2735.6,2,-1.6,0,6.6,Month-to-month,Credit card,Fiber optic,Yes,0,0,1,0
CUST-01380,39,70.84,2478.81,2,-2.7,0,8.8,Month-to-month,Credit card,DSL,No,0,1,0,0
CUST-01381,71,101.92,7287.36,0,14.8,0,4.5,One year,Credit card,None,No,0,1,0,0
CUST-01382,21,84.47,1948.75,0,33.7,0,9.1,Month-to-month,Bank transfer,DSL,Yes,1,0,0,0
CUST-01383,25,84.59,1669.18,0,14.4,1,6.0,One year,Mailed check,DSL,No,0,0,1,0
CUST-01384,65,46.49,3193.08,0,20.5,0,2.7,Month-to-month,Mailed check,Fiber optic,No,0,1,0,0
CUST-01385,28,50.91,1006.96,0,-5.3,0,4.9,Month-to-month,Electronic check,Fiber optic,No,0,0,0,0
CUST-01386,17,138.02,2316.94,0,1.4,1,6.5,One year,Mailed check,Fiber optic,Yes,0,0,0,1
CUST-01387,41,73.02,2702.97,4,17.7,1,7.9,Two year,Bank transfer,Fiber optic,Yes,0,1,0,0
CUST-01388,24,56.31,1709.25,2,-13.7,1,6.9,Month-to-month,Mailed check,DSL,No,0,0,1,0
CUST-01389,65,118.07,7385.27,3,11.3,1,4.9,Month-to-month,Mailed check,DSL,Yes,0,0,0,0
CUST-01390,66,85.89,5256.19,3,15.9,1,5.7,Month-to-month,Bank transfer,Fiber optic,No,0,0,0,1
CUST-01391,23,94.19,2199.71,3,7.4,1,5.0,Month-to-month,Bank transfer,Fiber optic,No,0,0,1,0
CUST-01392,39,74.13,2787.64,0,13.1,1,7.6,Month-to-month,Credit card,Fiber optic,Yes,0,0,0,0
CUST-01393,71,69.08,4528.53,2,8.9,0,6.9,Month-to-month,Bank transfer,DSL,No,0,0,1,0
CUST-01394,54,73.25,4086.95,2,-2.0,1,8.2,One year,Credit card,Fiber optic,Yes,0,0,0,0
CUST-01395,16,39.28,130.61,2,-10.8,1,3.9,Month-to-month,Bank transfer,DSL,No,0,0,1,0
CUST-01396,43,75.54,2989.16,1,6.6,0,6.1,One year,Bank transfer,Fiber optic,No,0,0,0,0
CUST-01397,45,86.29,3739.25,3,28.9,1,10.0,Month-to-month,Bank transfer,DSL,No,0,1,1,0
CUST-01398,48,129.81,6431.44,2,24.4,1,8.3,Two year,Credit card,DSL,Yes,0,0,1,0
CUST-01399,2,80.41,484.69,3,2.5,2,6.6,Month-to-month,Credit card,DSL,No,0,0,0,1
CUST-01400,22,20.0,715.7,2,2.1,2,5.3,Month-to-month,Credit card,DSL,No,0,0,0,0
CUST-01401,62,75.37,4634.62,2,1.0,0,9.1,Month-to-month,Credit card,None,No,0,0,1,0
CUST-01402,18,154.71,2177.95,4,1.0,0,9.9,Month-to-month,Credit card,Fiber optic,No,0,1,1,0
CUST-01403,22,102.26,2347.43,2,12.6,0,5.0,Two year,Bank transfer,DSL,No,0,0,0,0
CUST-01404,24,55.3,1694.84,2,24.9,0,5.2,Month-to-month,Electronic check,Fiber optic,Yes,0,1,0,0
CUST-01405,13,94.55,1537.6,2,44.2,0,7.6,Month-to-month,Bank transfer,None,No,0,0,0,1
CUST-01406,12,57.22,802.38,1,-5.3,0,7.8,One year,Bank transfer,DSL,No,0,0,0,0
CUST-01407,25,40.09,704.87,2,18.4,0,8.0,Month-to-month,Electronic check,DSL,No,0,0,1,0
CUST-01408,63,68.25,4168.42,0,16.7,0,10.0,One year,Credit card,None,No,0,0,0,0
CUST-01409,1,80.56,564.01,2,2.7,0,5.4,Month-to-month,Electronic check,Fiber optic,Yes,0,0,0,1
CUST-01410,21,25.58,183.0,1,-8.4,1,7.2,Two year,Electronic check,Fiber optic,Yes,0,0,0,0
CUST-01411,5,45.82,20.0,2,12.4,0,8.4,Two year,Credit card,Fiber optic,Yes,0,0,1,0
CUST-01412,41,78.29,3445.53,2,41.9,1,8.4,Month-to-month,Credit card,Fiber optic,Yes,0,0,0,0
CUST-01413,19,66.57,1157.04,0,12.3,3,5.9,Month-to-month,Bank transfer,DSL,Yes,0,1,1,0
CUST-01414,58,89.05,4869.46,0,-4.6,0,6.0,One year,Credit card,Fiber optic,Yes,1,0,1,0
CUST-01415,43,43.99,2273.56,1,5.5,1,6.3,One year,Mailed check,Fiber optic,No,0,1,1,0
CUST-01416,57,98.0,5701.26,2,-10.2,1,10.0,One year,Electronic check,Fiber optic,Yes,0,0,0,0
CUST-01417,46,44.85,1967.65,2,8.3,1,5.3,Month-to-month,Mailed check,Fiber optic,No,0,0,1,0
CUST-01418,32,124.0,3681.56,3,18.9,3,6.5,Month-to-month,Bank transfer,Fiber optic,No,0,1,1,1
CUST-01419,62,29.96,2369.37,2,-3.1,0,8.5,One year,Bank transfer,DSL,No,0,0,0,0
CUST-01420,35,47.41,1653.24,3,-35.0,1,5.1,Month-to-month,Credit card,Fiber optic,No,0,0,1,0
CUST-01421,69,89.69,6537.94,8,12.4,0,7.6,Month-to-month,Credit card,None,No,0,1,1,0
CUST-01422,72,124.6,9194.61,0,-0.0,2,3.7,Month-to-month,Credit card,Fiber optic,No,0,0,1,0
CUST-01423,43,86.82,3603.03,1,-4.0,0,7.4,Month-to-month,Bank transfer,Fiber optic,No,0,0,0,0
CUST-01424,49,93.76,4466.0,3,-4.1,1,7.2,Two year,Electronic check,Fiber optic,No,0,0,0,0
CUST-01425,19,78.49,1852.89,2,14.4,2,7.4,Month-to-month,Bank transfer,Fiber optic,No,0,1,0,0
CUST-01426,59,49.26,3271.97,2,1.5,2,5.5,Month-to-month,Bank transfer,None,No,0,0,1,0
CUST-01427,49,64.28,2680.49,4,22.9,0,7.5,Two year,Bank transfer,DSL,No,1,0,1,0
CUST-01428,65,44.07,3002.0,1,23.2,1,7.0,One year,Mailed check,Fiber optic,No,0,0,0,0
CUST-01429,20,42.2,813.7,2,3.7,1,9.4,Two year,Bank transfer,None,No,0,0,1,0
CUST-01430,57,89.25,4828.92,2,-0.3,0,8.2,Two year,Credit card,DSL,No,0,0,1,0
CUST-01431,34,46.55,1648.14,3,10.0,1,4.5,One year,Credit card,DSL,No,0,1,0,0
CUST-01432,14,86.95,879.9,3,5.7,0,5.6,Month-to-month,Credit card,Fiber optic,No,0,0,1,0
CUST-01433,13,41.55,423.54,1,-20.0,0,6.0,Month-to-month,Mailed check,Fiber optic,No,0,0,0,0
CUST-01434,41,86.3,3338.68,2,38.6,2,7.4,Month-to-month,Credit card,Fiber optic,No,1,0,0,0
CUST-01435,24,64.32,1418.73,0,19.4,2,6.8,Month-to-month,Electronic check,Fiber optic,Yes,0,0,0,0
CUST-01436,8,117.39,921.25,2,0.6,0,6.8,Month-to-month,Credit card,None,No,1,0,0,1
CUST-01437,31,87.06,2444.97,0,-22.7,1,10.0,Month-to-month,Mailed check,Fiber optic,No,0,0,0,0
CUST-01438,48,112.6,5798.09,2,5.1,1,6.2,Month-to-month,Electronic check,Fiber optic,No,0,0,0,1
CUST-01439,23,56.84,1430.64,2,-1.4,1,9.6,Month-to-month,Credit card,DSL,No,0,1,1,0
CUST-01440,69,79.57,5938.97,3,7.0,0,6.8,Month-to-month,Credit card,DSL,No,0,0,1,0
CUST-01441,57,50.53,2840.19,2,-26.6,0,3.2,Month-to-month,Bank transfer,DSL,No,0,0,1,0
CUST-01442,37,66.42,2320.34,1,0.4,1,7.4,One year,Mailed check,Fiber optic,Yes,0,1,0,0
CUST-01443,68,70.66,5244.48,1,1.4,0,9.1,Two year,Credit card,Fiber optic,No,0,0,1,0
CUST-01444,32,57.68,1701.25,2,4.9,0,8.2,One year,Electronic check,Fiber optic,No,0,0,1,0
CUST-01445,11,43.97,439.1,5,4.2,0,7.6,Two year,Electronic check,DSL,No,0,0,1,0
CUST-01446,3,38.42,295.27,3,8.8,1,7.1,Month-to-month,Electronic check,Fiber optic,Yes,0,0,0,1
CUST-01447,68,20.0,1050.57,4,32.3,1,6.2,One year,Mailed check,None,Yes,0,0,0,0
CUST-01448,70,48.42,3567.22,1,-0.2,2,8.7,Month-to-month,Electronic check,DSL,No,0,1,0,0
CUST-01449,54,95.57,5306.62,2,-6.6,4,6.3,Month-to-month,Credit card,None,No,1,1,1,0
CUST-01450,8,33.24,583.25,2,-19.6,0,5.9,One year,Credit card,None,No,0,0,1,0
CUST-01451,22,39.69,1095.69,1,-0.2,0,7.8,One year,Electronic check,DSL,No,1,0,0,0
CUST-01452,3,128.15,709.44,4,-14.4,2,6.6,Month-to-month,Electronic check,DSL,No,0,0,0,1
CUST-01453,4,60.18,213.11,2,23.4,1,9.4,Month-to-month,Credit card,Fiber optic,Yes,0,0,1,0
CUST-01454,18,86.99,1350.15,1,6.5,0,7.9,One year,Bank transfer,Fiber optic,No,0,0,1,0
CUST-01455,42,95.98,4558.66,2,23.0,0,5.7,Month-to-month,Bank transfer,DSL,No,0,0,0,0
CUST-01456,5,96.55,101.08,1,31.5,0,5.0,Month-to-month,Bank transfer,Fiber optic,No,0,0,0,1
CUST-01457,71,35.38,2155.35,0,-5.8,1,6.1,Month-to-month,Electronic check,DSL,No,0,0,0,0
CUST-01458,33,71.53,2501.77,3,2.4,1,10.0,Month-to-month,Bank transfer,Fiber optic,No,0,0,1,0
CUST-01459,19,32.69,1027.36,3,29.3,1,6.7,Month-to-month,Electronic check,Fiber optic,No,0,0,0,0
CUST-01460,38,146.5,5614.39,1,11.0,0,8.5,Month-to-month,Electronic check,Fiber optic,No,0,0,0,1
CUST-01461,57,33.34,2150.21,3,16.3,1,4.7,Month-to-month,Electronic check,None,No,0,1,0,0
CUST-01462,23,48.66,620.23,0,24.5,0,5.2,One year,Credit card,DSL,No,0,0,0,0
CUST-01463,4,48.86,70.55,2,22.3,0,6.8,One year,Electronic check,DSL,No,0,0,0,0
CUST-01464,4,36.09,20.0,1,14.6,1,10.0,Month-to-month,Electronic check,DSL,No,1,0,0,0
CUST-01465,62,115.87,7379.04,5,30.3,0,4.8,Month-to-month,Credit card,DSL,No,0,0,1,0
CUST-01466,9,145.83,925.66,0,6.9,2,6.0,Two year,Bank transfer,Fiber optic,No,0,0,0,1
CUST-01467,46,64.68,2655.83,1,16.3,1,8.7,Two year,Credit card,None,No,0,0,1,0
CUST-01468,28,41.03,1277.35,2,5.2,2,10.0,Two year,Credit card,Fiber optic,Yes,0,0,1,0
CUST-01469,56,20.0,1385.46,0,24.3,2,7.9,One year,Bank transfer,DSL,Yes,0,0,0,0
CUST-01470,5,71.16,316.06,2,-3.2,2,8.3,Two year,Bank transfer,DSL,Yes,0,0,0,0
CUST-01471,65,69.14,4636.64,2,-18.9,0,5.5,Month-to-month,Mailed check,DSL,No,0,0,0,0
CUST-01472,51,59.76,3182.21,0,18.5,0,4.7,Month-to-month,Bank transfer,DSL,No,0,0,0,0
CUST-01473,33,84.2,2724.74,1,-8.3,1,5.0,Month-to-month,Electronic check,DSL,Yes,1,0,1,0
CUST-01474,15,89.06,1062.22,1,-9.9,1,5.5,Month-to-month,Electronic check,Fiber optic,No,1,1,1,0
CUST-01475,71,87.05,6321.77,1,28.2,0,7.5,Month-to-month,Mailed check,Fiber optic,No,0,0,0,0
CUST-01476,22,69.15,1674.57,5,23.5,0,4.9,One year,Electronic check,DSL,No,0,0,1,0
CUST-01477,36,47.15,1920.91,0,2.5,0,7.6,Month-to-month,Mailed check,DSL,No,0,0,1,0
CUST-01478,29,96.64,2880.58,2,-35.0,0,6.5,Month-to-month,Credit card,DSL,No,0,0,1,0
CUST-01479,17,78.35,1039.83,1,16.5,1,6.1,Two year,Credit card,Fiber optic,No,0,0,0,0
CUST-01480,30,102.87,3258.69,3,18.6,0,8.7,One year,Bank transfer,DSL,No,0,0,1,0
CUST-01481,11,100.12,1100.97,1,16.3,1,5.4,Month-to-month,Bank transfer,Fiber optic,No,1,0,0,1
CUST-01482,1,38.19,20.0,3,15.5,0,9.7,Month-to-month,Electronic check,DSL,Yes,0,0,1,0
CUST-01483,21,37.84,720.98,0,5.1,0,8.6,Month-to-month,Credit card,DSL,Yes,0,1,0,0
CUST-01484,9,56.84,339.0,0,1.4,1,5.3,Month-to-month,Credit card,Fiber optic,Yes,0,0,0,0
CUST-01485,30,48.42,1674.81,0,-9.7,1,9.3,Month-to-month,Bank transfer,None,Yes,0,0,0,0
CUST-01486,63,99.15,5891.92,0,-3.2,2,5.1,One year,Bank transfer,DSL,No,0,0,0,0
CUST-01487,12,87.84,805.71,6,13.1,2,9.4,Two year,Credit card,Fiber optic,No,0,0,0,0
CUST-01488,1,108.78,26.59,0,13.4,1,7.7,Month-to-month,Bank transfer,Fiber optic,No,1,0,0,0
CUST-01489,8,89.1,1116.24,0,20.6,0,4.3,Month-to-month,Credit card,Fiber optic,No,0,1,1,0
CUST-01490,37,83.84,3365.65,1,-14.5,0,4.8,Month-to-month,Electronic check,None,No,0,1,0,0
CUST-01491,20,111.59,1821.59,2,-18.5,0,6.4,Two year,Mailed check,Fiber optic,No,1,0,0,1
CUST-01492,36,91.15,3619.24,4,1.9,3,8.7,Month-to-month,Bank transfer,DSL,No,1,0,1,0
CUST-01493,3,79.91,577.09,2,-8.3,2,6.8,One year,Bank transfer,DSL,No,0,1,1,0
CUST-01494,24,119.45,2573.3,5,11.0,0,6.7,Month-to-month,Bank transfer,Fiber optic,No,0,0,1,1
CUST-01495,30,81.23,1806.54,1,-13.0,1,7.2,Month-to-month,Bank transfer,Fiber optic,No,0,1,0,0
CUST-01496,32,69.48,2205.3,4,26.9,3,3.5,One year,Electronic check,Fiber optic,No,0,0,0,0
CUST-01497,40,54.54,2462.21,0,-5.2,0,8.6,Month-to-month,Bank transfer,DSL,No,1,0,0,0
CUST-01498,57,97.68,5965.58,2,33.5,0,9.5,Two year,Bank transfer,None,No,0,0,0,0
CUST-01499,34,112.64,3612.05,4,16.4,1,8.5,Month-to-month,Electronic check,None,No,1,0,0,1
CUST-01500,61,76.58,5109.37,2,-8.9,0,6.3,One year,Electronic check,Fiber optic,No,0,0,1,0
CUST-01501,39,114.62,3913.2,0,41.5,0,5.5,Two year,Mailed check,DSL,Yes,0,0,1,0
CUST-01502,19,22.84,341.95,4,12.2,1,5.2,Month-to-month,Credit card,DSL,No,0,0,1,0
CUST-01503,17,76.45,1195.35,1,10.7,1,5.1,One year,Bank transfer,None,No,1,0,0,0
CUST-01504,24,76.88,2133.2,0,7.0,1,10.0,One year,Electronic check,DSL,No,0,0,1,0
CUST-01505,44,57.64,2860.74,4,15.5,0,7.0,Month-to-month,Bank transfer,DSL,Yes,1,1,1,0
CUST-01506,18,144.75,2844.06,0,16.4,2,8.7,Month-to-month,Mailed check,Fiber optic,No,0,0,0,0
CUST-01507,66,76.15,4688.26,0,-5.8,2,8.6,Month-to-month,Credit card,DSL,Yes,1,1,0,0
CUST-01508,35,66.58,2545.95,2,4.6,0,7.4,One year,Credit card,DSL,No,0,0,1,0
CUST-01509,63,78.73,5087.25,3,9.9,0,5.4,One year,Credit card,Fiber optic,No,0,0,0,0
CUST-01510,50,21.92,678.19,2,17.3,0,8.0,Month-to-month,Credit card,None,No,0,0,0,0
CUST-01511,25,56.72,901.25,1,17.6,0,5.2,One year,Electronic check,DSL,No,0,0,1,0
CUST-01512,17,105.53,2053.51,2,10.6,2,8.2,One year,Bank transfer,Fiber optic,Yes,0,0,0,0
CUST-01513,54,60.39,3216.04,2,-0.8,1,5.2,Month-to-month,Credit card,DSL,No,0,0,0,0
CUST-01514,24,54.79,993.66,2,-1.6,2,6.3,Month-to-month,Electronic check,Fiber optic,No,0,0,0,1
CUST-01515,18,114.67,2012.02,1,-11.1,1,6.3,Month-to-month,Electronic check,DSL,Yes,0,0,1,0
CUST-01516,67,115.53,7831.52,2,17.5,0,9.6,Two year,Credit card,DSL,No,0,0,1,0
CUST-01517,35,92.48,3216.09,0,-1.9,1,2.7,Month-to-month,Credit card,None,Yes,0,1,1,0
CUST-01518,4,65.26,20.0,0,4.9,0,10.0,Month-to-month,Electronic check,Fiber optic,No,0,0,1,0
CUST-01519,36,71.29,3037.83,3,11.8,0,5.6,Month-to-month,Bank transfer,DSL,Yes,0,0,1,0
CUST-01520,34,55.48,2137.37,3,8.1,0,6.9,Month-to-month,Electronic check,Fiber optic,No,0,1,0,0
CUST-01521,63,50.15,3075.61,1,7.9,0,7.8,Month-to-month,Electronic check,Fiber optic,No,0,1,0,0
CUST-01522,52,48.76,2461.75,0,-6.5,0,7.7,Month-to-month,Electronic check,DSL,No,0,0,1,0
CUST-01523,14,60.69,939.53,1,12.3,0,8.6,Month-to-month,Credit card,DSL,No,0,1,0,0
CUST-01524,11,49.03,256.92,0,3.0,1,8.2,Month-to-month,Electronic check,None,No,0,0,1,0
CUST-01525,44,34.22,1586.35,2,6.6,4,10.0,One year,Credit card,DSL,No,0,0,0,0
CUST-01526,4,84.14,20.0,2,26.5,0,8.4,One year,Electronic check,Fiber optic,No,0,0,0,0
CUST-01527,23,84.57,1927.48,2,16.1,2,6.9,One year,Electronic check,Fiber optic,Yes,0,0,0,0
CUST-01528,10,125.62,964.06,2,-1.1,1,6.1,Month-to-month,Electronic check,DSL,Yes,0,1,1,0
CUST-01529,2,59.29,20.0,0,5.6,0,6.1,Two year,Credit card,DSL,No,0,0,1,0
CUST-01530,67,86.29,6192.86,3,33.6,1,9.4,Month-to-month,Mailed check,Fiber optic,No,0,0,0,0
CUST-01531,7,86.76,622.13,0,3.1,0,10.0,One year,Electronic check,None,No,1,0,0,0
CUST-01532,1,70.89,122.74,2,8.6,3,8.9,One year,Bank transfer,None,No,1,0,1,0
CUST-01533,68,98.84,6218.28,2,18.6,0,1.4,Month-to-month,Electronic check,DSL,No,0,0,0,0
CUST-01534,14,99.71,1246.69,1,11.4,1,3.1,Month-to-month,Electronic check,Fiber optic,No,0,1,0,1
CUST-01535,59,87.17,5258.33,2,2.0,1,7.1,One year,Electronic check,Fiber optic,No,0,0,0,0
CUST-01536,3,70.84,261.05,2,-3.9,0,6.8,One year,Electronic check,DSL,Yes,0,0,0,0
CUST-01537,12,67.99,277.37,3,7.8,0,7.1,Two year,Mailed check,Fiber optic,No,0,0,0,0
CUST-01538,8,39.7,369.38,3,18.5,1,9.4,One year,Credit card,Fiber optic,Yes,0,0,0,0
CUST-01539,51,55.43,2918.57,1,29.1,0,9.3,Two year,Mailed check,DSL,Yes,1,0,0,0
CUST-01540,45,60.58,3047.04,0,-15.4,0,7.4,One year,Credit card,Fiber optic,No,1,1,0,0
CUST-01541,35,46.53,1464.74,2,36.2,0,4.4,Month-to-month,Credit card,Fiber optic,No,0,0,0,0
CUST-01542,18,90.32,1065.24,0,3.4,1,4.9,Two year,Bank transfer,Fiber optic,No,0,0,0,0
CUST-01543,7,111.51,531.38,1,22.8,2,7.2,Two year,Electronic check,Fiber optic,No,1,0,0,1
CUST-01544,41,52.57,1881.1,1,-3.8,0,7.9,Month-to-month,Electronic check,DSL,No,0,0,1,0
CUST-01545,17,85.94,1645.16,2,-17.8,0,4.9,One year,Electronic check,DSL,No,0,0,1,0
CUST-01546,43,49.04,1429.54,2,-13.0,0,8.3,Month-to-month,Electronic check,Fiber optic,Yes,0,0,1,0
CUST-01547,50,69.46,3360.91,3,2.7,2,3.9,Two year,Electronic check,Fiber optic,Yes,0,0,0,0
CUST-01548,62,58.67,3993.99,1,16.4,0,2.3,One year,Credit card,Fiber optic,Yes,0,0,0,0
CUST-01549,36,94.85,3416.4,1,8.5,1,5.5,Month-to-month,Bank transfer,DSL,Yes,0,0,1,0
CUST-01550,1,58.99,283.07,2,4.0,0,9.6,Two year,Bank transfer,Fiber optic,No,0,1,0,0
CUST-01551,21,106.33,1822.48,3,25.9,0,9.8,Month-to-month,Bank transfer,Fiber optic,No,1,0,0,0
CUST-01552,62,71.12,4008.94,3,8.0,0,4.2,Month-to-month,Electronic check,DSL,Yes,0,1,0,0
CUST-01553,39,59.81,2691.9,2,12.5,0,4.4,Month-to-month,Electronic check,None,Yes,0,0,1,0
CUST-01554,45,42.91,1956.25,2,57.8,2,8.5,Month-to-month,Bank transfer,Fiber optic,Yes,0,0,0,0
CUST-01555,33,85.09,2833.79,2,7.9,1,6.3,Month-to-month,Mailed check,Fiber optic,Yes,0,0,0,0
CUST-01556,12,103.07,957.3,1,-3.1,0,9.6,One year,Credit card,DSL,Yes,1,0,0,0
CUST-01557,65,85.65,5592.45,3,15.7,2,8.4,Month-to-month,Mailed check,DSL,Yes,0,1,0,0
CUST-01558,56,140.69,7592.16,0,19.7,0,8.7,Two year,Bank transfer,Fiber optic,No,0,1,1,0
CUST-01559,72,118.03,8794.88,3,12.8,0,5.6,Month-to-month,Credit card,None,No,1,1,0,1
CUST-01560,62,69.39,4984.14,3,10.5,1,7.9,Month-to-month,Credit card,DSL,No,1,1,1,0
CUST-01561,21,69.1,1572.09,2,31.7,2,10.0,Month-to-month,Mailed check,None,Yes,1,1,1,0
CUST-01562,19,91.15,1573.11,0,29.7,3,7.4,Month-to-month,Electronic check,None,No,0,0,0,0
CUST-01563,18,54.54,348.31,1,6.1,1,7.0,One year,Credit card,None,No,0,1,0,0
CUST-01564,67,110.66,6993.1,1,-2.3,0,6.3,Two year,Bank transfer,Fiber optic,No,0,1,0,0
CUST-01565,41,88.12,4001.64,2,14.9,2,4.2,Month-to-month,Bank transfer,Fiber optic,Yes,0,0,1,1
CUST-01566,33,85.18,2553.64,1,-2.4,2,5.1,Month-to-month,Bank transfer,Fiber optic,No,0,0,0,1
CUST-01567,70,97.23,6713.39,1,22.2,0,5.5,Month-to-month,Bank transfer,DSL,Yes,0,0,0,0
CUST-01568,44,126.24,5718.39,0,14.8,0,4.1,One year,Mailed check,Fiber optic,No,1,0,0,0
CUST-01569,66,82.79,5834.71,1,50.7,1,4.3,Month-to-month,Mailed check,Fiber optic,No,0,0,0,0
CUST-01570,71,74.83,5263.03,4,31.6,0,2.7,Month-to-month,Credit card,Fiber optic,Yes,1,0,0,0
CUST-01571,6,120.24,620.27,0,-9.3,0,5.7,One year,Electronic check,Fiber optic,Yes,0,1,0,0
CUST-01572,27,105.09,2855.34,1,-0.3,4,8.3,One year,Bank transfer,DSL,Yes,0,1,0,0
CUST-01573,53,69.01,3500.62,3,-22.6,2,6.5,Month-to-month,Bank transfer,None,No,0,0,1,0
CUST-01574,59,78.15,4467.4,5,-26.2,0,6.5,One year,Credit card,Fiber optic,No,0,1,0,0
CUST-01575,11,83.47,1021.14,1,9.8,0,8.5,One year,Electronic check,Fiber optic,No,0,1,1,0
CUST-01576,23,88.13,2073.31,2,-11.1,0,10.0,Month-to-month,Credit card,DSL,No,0,0,0,0
CUST-01577,40,40.02,2133.7,2,34.3,1,10.0,One year,Bank transfer,DSL,Yes,0,0,0,0
CUST-01578,58,34.81,2128.69,3,26.5,0,7.4,Month-to-month,Electronic check,Fiber optic,No,0,0,0,0
CUST-01579,9,53.15,766.14,1,3.7,3,6.6,Month-to-month,Electronic check,Fiber optic,No,0,1,0,1
CUST-01580,44,50.99,1975.74,3,2.7,0,6.4,Month-to-month,Electronic check,DSL,Yes,0,0,0,0
CUST-01581,22,59.97,1450.63,3,31.8,0,8.2,One year,Mailed check,Fiber optic,Yes,1,1,1,0
CUST-01582,16,95.77,1351.57,2,35.4,2,6.8,Month-to-month,Bank transfer,DSL,Yes,0,1,0,1
CUST-01583,38,73.27,2883.12,1,-6.9,0,6.8,One year,Bank transfer,None,No,1,1,1,0
CUST-01584,30,83.5,2677.13,0,-9.0,0,6.9,Month-to-month,Electronic check,None,No,0,1,0,0
CUST-01585,46,43.72,2023.59,2,3.2,1,5.4,Month-to-month,Credit card,DSL,Yes,0,1,1,0
CUST-01586,23,65.07,2098.44,1,14.9,0,2.9,Two year,Electronic check,Fiber optic,Yes,0,1,0,0
CUST-01587,60,94.44,6023.39,2,-0.2,0,5.9,Month-to-month,Bank transfer,None,Yes,0,1,1,0
CUST-01588,6,94.66,862.27,3,15.2,1,9.7,One year,Credit card,DSL,No,0,0,1,0
CUST-01589,63,57.71,3826.8,1,39.2,0,9.6,One year,Electronic check,DSL,No,0,0,1,0
CUST-01590,3,82.53,688.43,2,-14.5,0,8.8,Two year,Credit card,Fiber optic,No,0,1,1,0
CUST-01591,53,139.57,7037.97,0,0.9,0,6.2,One year,Credit card,DSL,No,0,1,0,0
CUST-01592,25,77.51,2280.32,6,-14.2,1,5.7,One year,Bank transfer,DSL,Yes,0,0,0,0
CUST-01593,28,58.59,1392.71,1,-5.4,1,10.0,Two year,Bank transfer,DSL,No,1,1,0,0
CUST-01594,2,73.13,20.0,1,3.3,1,5.2,Two year,Electronic check,Fiber optic,Yes,0,0,1,0
CUST-01595,51,80.58,4249.93,2,-3.6,1,7.2,Two year,Credit card,Fiber optic,No,0,1,0,0
CUST-01596,12,73.77,1193.55,1,16.3,0,10.0,Month-to-month,Bank transfer,DSL,No,0,0,0,0
CUST-01597,48,77.12,3413.37,2,10.4,0,7.3,One year,Credit card,Fiber optic,Yes,0,0,0,0
CUST-01598,53,37.58,1863.6,3,12.8,0,6.6,Month-to-month,Credit card,DSL,No,0,0,0,0
CUST-01599,61,51.05,3138.43,4,3.1,1,9.2,Month-to-month,Bank transfer,Fiber optic,Yes,0,0,0,0
CUST-01600,51,73.82,3718.23,2,4.6,1,7.2,One year,Electronic check,DSL,No,0,1,1,0
CUST-01601,22,73.37,1827.65,0,2.4,0,7.5,Month-to-month,Bank transfer,Fiber optic,No,0,0,0,0
CUST-01602,54,62.15,4215.08,1,4.0,0,9.8,One year,Bank transfer,Fiber optic,Yes,1,0,0,0
CUST-01603,60,73.04,4487.23,0,14.7,1,2.5,Month-to-month,Mailed check,None,No,0,0,1,0
CUST-01604,23,79.71,1649.53,3,-22.8,0,7.7,Two year,Credit card,Fiber optic,Yes,1,0,0,0
CUST-01605,9,102.9,601.97,0,12.6,0,5.7,Month-to-month,Credit card,DSL,Yes,0,1,1,1
CUST-01606,65,75.22,4807.99,3,-5.9,0,6.7,Month-to-month,Electronic check,Fiber optic,Yes,0,0,0,0
CUST-01607,11,89.17,745.81,2,2.6,1,7.3,One year,Bank transfer,DSL,Yes,0,1,0,0
CUST-01608,43,62.84,2819.01,2,-17.0,0,5.9,One year,Bank transfer,Fiber optic,Yes,0,0,1,0
CUST-01609,18,94.02,1805.37,2,2.3,0,7.5,One year,Mailed check,DSL,Yes,1,0,0,0
CUST-01610,10,88.52,769.41,1,12.4,0,7.8,One year,Credit card,DSL,No,0,1,1,0
CUST-01611,56,102.24,6221.68,3,15.3,0,7.5,Two year,Electronic check,DSL,No,0,0,0,0
CUST-01612,11,97.98,893.92,2,-11.0,0,7.3,Month-to-month,Mailed check,DSL,No,0,0,1,1
CUST-01613,49,94.48,4599.66,0,14.5,0,6.9,Month-to-month,Electronic check,Fiber optic,No,0,0,0,0
CUST-01614,50,75.24,3921.79,2,26.2,0,6.9,Month-to-month,Credit card,DSL,No,0,1,0,0
CUST-01615,5,84.86,647.31,0,0.1,1,7.2,Month-to-month,Mailed check,DSL,No,0,1,0,0
CUST-01616,13,107.78,1720.53,3,8.0,1,5.4,One year,Credit card,DSL,Yes,0,0,1,1
CUST-01617,58,59.74,3572.04,0,-25.1,0,9.4,Month-to-month,Mailed check,DSL,No,0,1,0,0
CUST-01618,37,60.4,2497.53,0,-6.4,1,6.9,Month-to-month,Credit card,None,Yes,0,0,1,0
CUST-01619,9,83.08,581.44,2,12.3,0,6.4,Month-to-month,Electronic check,DSL,No,0,0,1,0
CUST-01620,72,89.63,6682.88,1,23.3,0,7.8,One year,Credit card,DSL,No,1,0,1,0
CUST-01621,20,54.93,1324.78,2,-1.6,0,6.9,Two year,Credit card,DSL,No,0,0,1,0
CUST-01622,1,75.91,454.13,2,50.7,1,9.3,One year,Bank transfer,Fiber optic,Yes,0,0,0,0
CUST-01623,67,75.37,4632.68,2,13.0,0,8.7,Month-to-month,Mailed check,DSL,Yes,0,0,0,0
CUST-01624,2,20.0,20.0,2,-12.4,0,7.3,Month-to-month,Credit card,DSL,No,1,0,0,0
CUST-01625,40,71.85,3079.79,1,28.6,0,8.8,Month-to-month,Bank transfer,Fiber optic,No,0,1,1,0
CUST-01626,72,73.6,4636.36,1,-12.0,0,7.5,Month-to-month,Electronic check,DSL,No,1,0,0,0
CUST-01627,42,73.51,3210.42,4,13.3,2,5.0,One year,Electronic check,Fiber optic,Yes,0,0,1,0
CUST-01628,43,117.65,5323.9,4,-6.9,0,8.7,Two year,Electronic check,DSL,No,0,1,0,0
CUST-01629,28,43.96,1086.79,2,-13.7,1,3.7,Month-to-month,Credit card,Fiber optic,No,1,1,0,0
CUST-01630,10,54.91,441.55,2,23.4,2,1.0,Month-to-month,Credit card,DSL,No,0,0,1,1
CUST-01631,42,20.0,571.47,2,3.8,1,8.4,Month-to-month,Electronic check,Fiber optic,No,1,0,0,0
CUST-01632,65,64.53,4064.06,2,35.6,0,7.9,One year,Bank transfer,Fiber optic,No,0,0,0,0
CUST-01633,7,66.92,345.3,1,-8.3,2,7.8,Two year,Electronic check,DSL,No,1,0,0,0
CUST-01634,64,63.72,3907.37,2,-17.0,1,9.6,Month-to-month,Mailed check,Fiber optic,No,0,0,0,0
CUST-01635,30,109.01,3085.88,0,0.3,3,7.1,Month-to-month,Credit card,Fiber optic,No,0,1,0,0
CUST-01636,39,102.1,3914.15,1,54.2,0,6.4,Month-to-month,Electronic check,Fiber optic,No,0,1,0,0
CUST-01637,12,80.18,891.38,2,21.3,1,8.5,One year,Electronic check,Fiber optic,No,0,1,1,0
CUST-01638,45,67.62,3511.43,4,16.9,1,5.8,Month-to-month,Mailed check,Fiber optic,No,0,1,0,0
CUST-01639,14,106.73,1395.67,2,17.4,0,6.7,Month-to-month,Electronic check,DSL,Yes,0,0,0,1
CUST-01640,20,77.45,1635.04,1,0.2,0,7.6,One year,Credit card,Fiber optic,Yes,0,1,1,0
CUST-01641,52,55.09,2720.46,2,51.7,1,7.7,Month-to-month,Electronic check,DSL,Yes,0,0,1,0
CUST-01642,4,29.95,20.0,0,15.3,0,6.5,Month-to-month,Bank transfer,DSL,No,0,1,0,0
CUST-01643,33,65.64,1740.03,0,13.8,1,6.2,Month-to-month,Credit card,Fiber optic,No,0,0,1,0
CUST-01644,43,99.13,3869.75,1,23.8,1,5.1,Month-to-month,Bank transfer,Fiber optic,Yes,0,0,0,0
CUST-01645,10,141.74,1115.65,1,-12.4,1,5.7,One year,Credit card,Fiber optic,No,0,1,0,1
CUST-01646,22,79.73,1799.98,4,-6.1,1,10.0,Month-to-month,Mailed check,Fiber optic,No,0,1,1,0
CUST-01647,25,56.57,1683.29,2,4.1,1,6.6,One year,Bank transfer,Fiber optic,Yes,0,0,0,0
CUST-01648,48,44.82,1704.69,1,23.9,0,7.4,Month-to-month,Bank transfer,DSL,No,0,0,1,0
CUST-01649,71,93.45,6497.68,1,-12.8,0,4.4,Month-to-month,Credit card,Fiber optic,Yes,0,1,1,0
CUST-01650,61,28.59,1402.27,1,6.9,1,10.0,Month-to-month,Credit card,DSL,No,0,0,1,0
CUST-01651,14,93.41,1241.67,2,4.7,1,5.5,One year,Electronic check,Fiber optic,No,0,0,1,0
CUST-01652,2,100.9,470.74,2,-17.2,1,5.0,Month-to-month,Bank transfer,None,Yes,0,0,0,0
CUST-01653,4,90.22,249.16,5,-0.1,2,7.0,One year,Bank transfer,Fiber optic,No,0,0,0,0
CUST-01654,43,71.85,3077.67,4,16.7,0,5.5,Month-to-month,Electronic check,Fiber optic,No,0,1,0,0
CUST-01655,12,93.82,1489.65,0,-15.7,1,7.8,Two year,Credit card,Fiber optic,No,0,0,0,0
CUST-01656,17,82.79,1521.91,4,30.6,0,4.4,Month-to-month,Mailed check,None,Yes,0,0,0,0
CUST-01657,62,56.21,3295.0,2,15.5,0,9.1,Two year,Credit card,DSL,Yes,0,0,0,0
CUST-01658,63,129.81,8217.76,2,13.5,0,8.8,Month-to-month,Credit card,Fiber optic,No,1,0,1,0
CUST-01659,61,68.15,3950.26,2,8.1,1,6.9,Two year,Credit card,Fiber optic,No,0,1,0,0
CUST-01660,19,99.72,1999.8,3,-9.5,1,4.1,Two year,Electronic check,DSL,No,0,0,1,0
CUST-01661,45,20.0,1028.84,2,-2.4,0,5.6,Month-to-month,Electronic check,DSL,No,0,1,0,0
CUST-01662,44,113.74,4662.77,3,13.8,1,7.2,One year,Bank transfer,Fiber optic,Yes,0,1,1,0
CUST-01663,14,119.13,1711.61,1,-2.4,1,4.9,Month-to-month,Bank transfer,Fiber optic,No,1,0,0,1
CUST-01664,40,78.84,3124.21,1,11.0,0,5.2,Two year,Mailed check,Fiber optic,No,0,0,1,0
CUST-01665,38,93.65,3694.87,1,-6.4,0,9.0,Month-to-month,Credit card,Fiber optic,Yes,0,0,0,0
CUST-01666,29,93.64,2923.4,1,15.2,1,7.4,Month-to-month,Bank transfer,Fiber optic,No,1,1,0,1
CUST-01667,55,60.0,3419.36,3,16.4,2,7.3,Month-to-month,Electronic check,Fiber optic,No,0,0,1,0
CUST-01668,49,93.32,4496.88,0,-18.0,2,8.0,Two year,Electronic check,Fiber optic,No,0,0,0,0
CUST-01669,39,55.36,2392.37,3,9.1,0,6.8,Two year,Bank transfer,DSL,Yes,0,0,0,0
CUST-01670,53,60.95,3012.08,2,-16.3,1,7.0,Month-to-month,Credit card,Fiber optic,Yes,1,0,0,0
CUST-01671,55,109.55,5695.12,1,-21.8,0,7.9,Month-to-month,Mailed check,Fiber optic,No,0,1,0,0
CUST-01672,41,105.29,3518.07,1,-1.5,0,8.6,One year,Electronic check,None,No,0,1,0,0
CUST-01673,20,58.22,1146.86,3,52.8,2,8.0,Month-to-month,Credit card,Fiber optic,No,0,0,0,0
CUST-01674,55,57.46,2954.91,1,20.4,1,9.7,Two year,Credit card,Fiber optic,Yes,0,1,0,0
CUST-01675,52,59.92,3215.28,1,30.3,1,7.1,Month-to-month,Bank transfer,Fiber optic,No,0,0,0,0
CUST-01676,71,98.51,6501.4,3,17.7,1,4.7,One year,Electronic check,DSL,Yes,0,0,1,0
CUST-01677,11,50.0,388.21,1,11.3,2,9.1,Month-to-month,Electronic check,DSL,No,0,1,1,0
CUST-01678,31,87.99,2845.26,1,22.3,0,6.7,Two year,Credit card,DSL,Yes,0,1,1,0
CUST-01679,67,98.91,6369.51,0,-2.2,1,5.7,One year,Credit card,Fiber optic,No,0,1,0,0
CUST-01680,38,75.53,2972.45,1,15.5,0,8.4,Two year,Credit card,DSL,No,0,0,1,0
CUST-01681,68,106.28,7087.78,3,26.8,1,7.8,Month-to-month,Credit card,None,No,0,0,1,0
CUST-01682,1,69.48,61.28,1,19.2,0,4.8,Month-to-month,Bank transfer,Fiber optic,Yes,0,1,1,0
CUST-01683,3,72.01,364.82,3,27.9,0,8.3,Month-to-month,Electronic check,DSL,No,1,1,1,0
CUST-01684,58,50.64,3175.32,2,10.9,0,10.0,One year,Electronic check,DSL,Yes,0,1,0,0
CUST-01685,26,106.48,2791.6,2,35.1,0,7.7,Month-to-month,Credit card,Fiber optic,No,1,1,1,1
CUST-01686,38,56.54,1945.02,3,4.7,0,6.6,Month-to-month,Bank transfer,Fiber optic,No,0,0,0,0
CUST-01687,31,87.79,2606.98,3,41.9,1,4.1,One year,Mailed check,Fiber optic,No,0,1,0,0
CUST-01688,30,76.0,2439.24,2,17.2,0,10.0,Month-to-month,Bank transfer,DSL,No,0,0,0,0
CUST-01689,68,48.52,3044.05,0,1.9,1,6.2,One year,Electronic check,DSL,Yes,0,1,0,0
CUST-01690,7,60.95,382.13,0,-10.9,1,4.6,Two year,Credit card,DSL,No,0,0,1,0
CUST-01691,56,116.72,6439.85,2,-4.9,1,7.3,Month-to-month,Credit card,DSL,Yes,0,0,1,1
CUST-01692,65,83.65,5411.41,1,-7.3,1,8.9,One year,Credit card,Fiber optic,No,0,0,1,0
CUST-01693,48,49.74,2135.2,5,6.6,1,9.3,Month-to-month,Electronic check,Fiber optic,Yes,0,1,1,0
CUST-01694,29,86.55,2046.96,1,-12.4,1,5.9,Month-to-month,Electronic check,Fiber optic,No,0,1,0,0
CUST-01695,12,73.91,1017.11,2,28.7,0,6.9,Two year,Bank transfer,Fiber optic,No,0,0,1,0
CUST-01696,50,174.71,8976.53,1,9.8,0,7.1,Month-to-month,Bank transfer,None,No,0,0,0,1
CUST-01697,34,85.98,2475.28,1,9.1,1,8.9,Two year,Electronic check,Fiber optic,Yes,0,0,0,0
CUST-01698,11,67.34,832.97,2,-10.6,2,8.2,Month-to-month,Bank transfer,DSL,No,0,0,0,0
CUST-01699,26,117.76,3332.56,1,-4.3,0,7.6,Month-to-month,Credit card,Fiber optic,No,0,0,1,1
CUST-01700,70,26.45,2000.48,1,-27.5,1,8.7,Month-to-month,Bank transfer,DSL,No,0,0,0,0
CUST-01701,20,80.64,1508.63,2,33.9,0,4.6,Month-to-month,Electronic check,DSL,No,0,0,1,0
CUST-01702,13,133.84,1504.05,2,-14.7,0,7.9,Two year,Mailed check,Fiber optic,Yes,0,0,0,0
CUST-01703,50,74.75,3757.74,1,-13.5,0,7.5,One year,Electronic check,DSL,Yes,0,0,0,0
CUST-01704,15,29.47,504.0,2,30.6,0,7.0,One year,Electronic check,DSL,No,0,1,1,0
CUST-01705,67,66.91,4506.92,2,14.2,2,6.7,Two year,Electronic check,DSL,No,0,1,1,0
CUST-01706,62,118.73,7316.23,4,9.9,1,7.3,Month-to-month,Electronic check,Fiber optic,No,1,0,1,0
CUST-01707,71,88.53,6014.97,3,13.4,1,6.1,Month-to-month,Credit card,DSL,Yes,0,0,0,0
CUST-01708,66,54.51,3703.33,1,23.3,3,10.0,One year,Electronic check,DSL,Yes,0,0,0,0
CUST-01709,18,58.81,1176.29,2,9.6,1,9.5,One year,Electronic check,Fiber optic,Yes,1,0,0,0
CUST-01710,16,62.33,1047.49,3,-16.7,3,9.1,Month-to-month,Electronic check,DSL,No,0,0,0,0
CUST-01711,25,88.11,2230.5,1,19.7,1,6.1,One year,Electronic check,None,Yes,0,1,0,0
CUST-01712,34,115.47,4345.79,1,14.8,0,5.4,Month-to-month,Bank transfer,Fiber optic,Yes,0,1,0,0
CUST-01713,64,107.47,6721.99,1,26.7,3,6.7,One year,Electronic check,Fiber optic,No,1,0,0,0
CUST-01714,53,90.77,5131.17,1,-12.0,0,7.3,Two year,Electronic check,Fiber optic,No,0,0,1,0
CUST-01715,47,40.71,1729.86,1,-3.7,1,4.5,Month-to-month,Credit card,DSL,No,0,0,0,0
CUST-01716,64,40.82,2889.72,1,14.3,1,8.0,One year,Bank transfer,DSL,Yes,0,0,0,0
CUST-01717,47,92.93,4676.05,0,-7.1,1,9.0,Two year,Electronic check,DSL,Yes,0,0,0,0
CUST-01718,28,40.33,1055.98,0,-29.6,2,3.1,Month-to-month,Bank transfer,DSL,No,0,1,0,0
CUST-01719,30,71.68,2565.64,2,11.2,0,5.5,Month-to-month,Electronic check,None,Yes,0,1,0,0
CUST-01720,38,86.52,3405.02,1,22.3,0,9.3,Two year,Electronic check,Fiber optic,No,0,0,1,0
CUST-01721,7,46.15,103.73,4,5.9,1,7.8,Month-to-month,Electronic check,DSL,No,0,0,0,0
CUST-01722,54,49.32,2569.74,1,16.8,0,5.5,Month-to-month,Electronic check,DSL,No,0,0,1,0
CUST-01723,47,75.36,3825.11,0,14.5,1,8.4,Month-to-month,Electronic check,Fiber optic,No,1,0,0,0
CUST-01724,53,92.1,5112.07,2,8.2,0,6.0,Month-to-month,Electronic check,Fiber optic,No,0,0,1,0
CUST-01725,39,107.72,3936.57,3,10.2,3,6.7,Month-to-month,Bank transfer,None,No,0,0,0,1
CUST-01726,57,95.0,5380.19,1,29.6,1,5.1,Two year,Electronic check,Fiber optic,Yes,0,1,0,1
CUST-01727,69,80.06,5575.02,2,-7.4,0,7.1,Month-to-month,Electronic check,DSL,Yes,0,0,0,0
CUST-01728,42,57.11,2271.72,2,20.4,0,8.9,Month-to-month,Mailed check,Fiber optic,Yes,0,0,0,0
CUST-01729,32,48.01,2125.77,2,-10.9,0,6.2,Two year,Credit card,DSL,No,0,0,0,0
CUST-01730,8,63.7,568.02,0,-4.7,1,8.3,Month-to-month,Credit card,Fiber optic,No,0,0,0,0
CUST-01731,57,89.48,5084.91,1,27.1,0,7.0,Month-to-month,Bank transfer,DSL,No,0,0,0,0
CUST-01732,66,87.43,6068.09,2,-11.4,1,9.0,Two year,Bank transfer,Fiber optic,No,0,1,0,0
CUST-01733,51,20.0,928.7,3,4.1,0,6.3,Month-to-month,Credit card,Fiber optic,No,0,0,0,0
CUST-01734,63,56.0,3779.86,1,45.8,1,9.9,Month-to-month,Bank transfer,DSL,Yes,0,0,1,0
CUST-01735,63,111.73,6622.06,2,24.4,1,8.3,Two year,Credit card,DSL,No,0,0,1,0
CUST-01736,58,80.22,4539.35,1,-3.8,1,7.5,Month-to-month,Credit card,DSL,Yes,0,1,1,0
CUST-01737,37,38.32,1680.11,0,-1.1,1,7.6,Month-to-month,Electronic check,Fiber optic,No,0,0,1,0
CUST-01738,8,143.96,1544.23,2,5.3,1,6.3,Two year,Electronic check,Fiber optic,No,1,1,0,1
CUST-01739,1,77.19,20.0,2,29.0,1,6.1,Month-to-month,Electronic check,DSL,Yes,0,1,0,1
CUST-01740,15,88.76,1108.94,1,-8.0,0,7.6,Two year,Bank transfer,DSL,No,0,1,0,0
CUST-01741,32,89.19,2995.94,2,-9.0,0,4.9,Month-to-month,Credit card,DSL,Yes,1,1,1,0
CUST-01742,54,67.71,3500.58,3,19.4,0,6.0,Two year,Bank transfer,Fiber optic,No,1,0,1,0
CUST-01743,33,57.63,1834.65,0,-18.9,0,5.4,Month-to-month,Bank transfer,DSL,No,0,1,1,0
CUST-01744,2,137.41,493.92,1,-6.6,0,8.1,Month-to-month,Bank transfer,DSL,No,0,0,0,1
CUST-01745,16,106.09,1561.41,5,6.6,1,8.2,One year,Credit card,Fiber optic,No,0,1,0,0
CUST-01746,71,101.01,6680.35,3,7.5,1,9.4,Month-to-month,Bank transfer,Fiber optic,Yes,0,0,0,0
CUST-01747,72,94.14,6452.81,3,-13.8,0,6.5,Month-to-month,Bank transfer,Fiber optic,No,0,1,0,0
CUST-01748,28,49.91,1399.97,0,13.7,1,5.6,One year,Credit card,None,Yes,0,0,0,0
CUST-01749,58,113.77,6132.8,6,16.9,2,4.5,Two year,Credit card,None,No,0,0,1,0
CUST-01750,52,54.39,2753.99,1,-2.6,3,7.6,Month-to-month,Credit card,Fiber optic,No,0,0,1,0
CUST-01751,68,85.93,5495.22,1,34.6,0,9.6,One year,Credit card,DSL,No,0,0,0,0
CUST-01752,64,32.1,2464.38,1,13.4,1,7.0,Month-to-month,Credit card,DSL,No,0,1,1,0
CUST-01753,46,20.86,1500.85,1,-8.1,0,7.1,One year,Mailed check,None,Yes,0,0,0,0
CUST-01754,29,86.91,2255.84,2,33.9,1,7.1,Month-to-month,Credit card,DSL,No,1,0,0,0
CUST-01755,46,55.35,2610.29,2,-0.4,2,7.6,One year,Bank transfer,Fiber optic,No,0,0,1,0
CUST-01756,23,22.3,272.8,0,10.9,0,8.9,Month-to-month,Mailed check,DSL,No,0,0,1,0
CUST-01757,26,93.14,2344.31,1,0.2,0,10.0,Month-to-month,Mailed check,None,No,0,0,1,0
CUST-01758,44,137.36,6494.71,0,18.0,0,8.0,Month-to-month,Bank transfer,DSL,No,0,0,0,1
CUST-01759,42,116.91,4793.55,1,0.3,0,8.1,Month-to-month,Credit card,Fiber optic,No,0,1,0,0
CUST-01760,42,70.8,2902.09,1,1.3,1,6.7,One year,Mailed check,DSL,No,0,0,1,0
CUST-01761,28,78.25,1955.37,2,5.4,0,6.9,Month-to-month,Electronic check,Fiber optic,Yes,0,0,0,0
CUST-01762,30,102.86,3372.35,2,-0.0,0,6.9,Month-to-month,Bank transfer,DSL,No,0,0,1,0
CUST-01763,1,109.42,20.0,2,25.1,0,6.4,Month-to-month,Bank transfer,DSL,No,0,0,0,0
CUST-01764,44,68.38,2898.02,3,-12.1,2,7.3,Month-to-month,Credit card,Fiber optic,No,0,0,0,0
CUST-01765,42,78.96,3304.85,3,7.4,0,8.2,Month-to-month,Mailed check,Fiber optic,Yes,0,0,1,0
CUST-01766,68,86.42,5711.29,2,9.4,2,7.2,Two year,Electronic check,Fiber optic,No,0,1,0,0
CUST-01767,37,93.51,3675.76,2,6.0,0,6.6,Month-to-month,Credit card,None,No,0,0,1,0
CUST-01768,34,74.27,2825.69,0,23.5,1,7.3,Month-to-month,Credit card,DSL,Yes,0,0,0,0
CUST-01769,5,74.64,20.19,0,-16.1,0,5.4,Month-to-month,Credit card,Fiber optic,No,0,1,1,0
CUST-01770,15,116.64,2272.97,4,17.1,1,8.5,One year,Credit card,None,No,0,0,1,0
CUST-01771,25,111.87,2440.94,5,-11.9,2,6.4,One year,Bank transfer,None,No,0,0,1,1
CUST-01772,28,91.37,2880.52,0,-0.1,1,5.0,Month-to-month,Electronic check,None,No,0,0,1,0
CUST-01773,27,126.14,3443.24,3,-13.6,2,7.9,Month-to-month,Electronic check,DSL,No,0,1,0,0
CUST-01774,29,67.18,1822.29,5,2.7,3,8.0,Two year,Electronic check,DSL,Yes,0,0,1,0
CUST-01775,56,123.44,6810.3,3,-1.3,1,5.6,Month-to-month,Electronic check,Fiber optic,Yes,0,0,1,0
CUST-01776,10,93.19,923.52,1,34.2,0,8.2,One year,Credit card,Fiber optic,Yes,0,0,1,0
CUST-01777,24,169.59,4122.26,1,11.9,0,8.2,Month-to-month,Credit card,DSL,No,0,0,0,1
CUST-01778,12,44.61,305.28,2,15.0,1,10.0,Two year,Electronic check,Fiber optic,Yes,0,0,1,0
CUST-01779,23,58.7,1291.62,1,-9.7,0,6.7,One year,Credit card,Fiber optic,Yes,0,1,0,0
CUST-01780,50,89.73,4293.83,4,19.8,0,7.0,Month-to-month,Electronic check,Fiber optic,No,0,1,0,0
CUST-01781,4,89.12,52.72,1,34.2,0,6.0,Month-to-month,Bank transfer,DSL,Yes,1,0,1,0
CUST-01782,25,132.6,3110.67,2,21.9,0,8.0,Month-to-month,Electronic check,DSL,Yes,1,0,1,1
CUST-01783,2,59.29,20.0,3,-13.0,0,7.1,Two year,Electronic check,None,No,0,0,0,0
CUST-01784,69,103.34,7025.42,1,0.6,0,8.9,Month-to-month,Credit card,Fiber optic,No,0,0,0,0
CUST-01785,53,110.55,5967.27,5,9.7,0,6.3,Month-to-month,Bank transfer,DSL,No,0,0,0,1
CUST-01786,18,97.73,1789.32,2,-1.2,0,7.9,One year,Electronic check,DSL,No,0,0,1,0
CUST-01787,15,51.09,1259.94,2,48.5,1,6.7,One year,Electronic check,DSL,No,0,0,0,0
CUST-01788,8,117.42,386.75,3,0.3,1,3.8,Month-to-month,Credit card,Fiber optic,Yes,0,0,0,1
CUST-01789,35,112.42,4052.04,0,7.3,0,8.2,Month-to-month,Bank transfer,DSL,No,0,1,0,1
CUST-01790,55,94.79,5215.06,3,-1.6,0,4.0,Month-to-month,Mailed check,None,No,0,0,1,0
CUST-01791,43,83.72,3803.88,0,11.7,0,6.8,Month-to-month,Bank transfer,DSL,No,0,1,0,0
CUST-01792,64,84.33,5576.24,1,30.1,0,6.8,Month-to-month,Bank transfer,Fiber optic,Yes,0,1,0,0
CUST-01793,25,75.8,1853.75,1,9.8,1,7.1,Two year,Bank transfer,DSL,No,0,0,0,0
CUST-01794,21,95.94,2057.9,3,4.5,0,7.2,Two year,Credit card,DSL,Yes,0,1,1,0
CUST-01795,35,78.87,2574.43,2,-9.2,0,7.2,Two year,Credit card,Fiber optic,No,1,0,0,0
CUST-01796,15,54.24,967.02,2,27.3,0,7.8,Month-to-month,Electronic check,DSL,No,0,1,0,0
CUST-01797,71,48.64,2983.72,1,5.7,1,6.9,Month-to-month,Bank transfer,Fiber optic,No,0,1,1,0
CUST-01798,14,56.94,991.37,3,5.0,0,10.0,Month-to-month,Electronic check,Fiber optic,No,0,1,0,0
CUST-01799,35,84.22,2941.91,1,-29.4,1,6.5,Month-to-month,Mailed check,Fiber optic,No,0,0,0,0
CUST-01800,38,77.25,2813.73,1,6.0,0,4.9,Two year,Credit card,Fiber optic,No,0,0,1,0
CUST-01801,5,84.03,362.02,0,1.6,1,4.6,One year,Electronic check,Fiber optic,No,0,0,0,0
CUST-01802,34,92.02,3088.88,1,-21.2,2,8.3,Two year,Bank transfer,None,Yes,0,1,0,0
CUST-01803,33,60.44,2318.85,1,23.8,0,4.2,Two year,Bank transfer,Fiber optic,No,0,0,0,0
CUST-01804,19,119.04,3070.13,3,-0.6,0,4.9,Month-to-month,Mailed check,Fiber optic,No,0,0,0,1
CUST-01805,10,70.5,1009.97,0,38.3,1,4.7,Month-to-month,Bank transfer,DSL,No,0,0,0,1
CUST-01806,4,65.86,122.11,3,30.6,1,7.9,Two year,Electronic check,DSL,No,0,0,1,0
CUST-01807,1,91.51,248.96,1,-3.5,2,9.5,One year,Credit card,DSL,No,0,0,0,0
CUST-01808,35,26.58,1098.63,2,29.9,0,5.4,Two year,Electronic check,None,Yes,0,1,1,0
CUST-01809,7,55.87,159.8,2,33.8,1,7.9,Month-to-month,Credit card,DSL,No,0,0,0,0
CUST-01810,70,105.47,7067.7,3,-0.9,0,2.4,Month-to-month,Bank transfer,DSL,No,0,0,0,0
CUST-01811,18,29.35,512.48,2,-8.5,1,5.8,Month-to-month,Credit card,DSL,Yes,0,0,0,0
CUST-01812,47,109.29,5338.56,1,-26.5,2,8.2,Month-to-month,Bank transfer,DSL,Yes,0,1,1,0
CUST-01813,49,120.31,5492.24,1,14.1,0,6.5,Month-to-month,Electronic check,DSL,Yes,0,0,0,0
CUST-01814,36,67.66,2255.54,4,-7.6,0,8.9,Month-to-month,Mailed check,Fiber optic,Yes,0,0,0,0
CUST-01815,64,86.17,5658.04,2,14.6,1,3.1,Month-to-month,Mailed check,Fiber optic,Yes,0,0,0,0
CUST-01816,8,109.33,885.07,1,-1.1,1,5.8,Month-to-month,Bank transfer,Fiber optic,No,0,0,0,1
CUST-01817,17,64.93,1457.88,1,-4.5,0,7.9,Month-to-month,Credit card,Fiber optic,Yes,0,0,1,0
CUST-01818,19,102.3,1590.86,2,-1.0,0,7.9,One year,Bank transfer,Fiber optic,No,0,0,0,0
CUST-01819,10,59.21,1180.14,2,-12.8,0,8.0,Month-to-month,Bank transfer,DSL,Yes,0,1,0,0
CUST-01820,22,64.63,1037.36,0,-1.0,0,7.5,One year,Electronic check,DSL,No,0,0,1,0
CUST-01821,23,55.62,771.97,3,-3.8,0,5.0,Month-to-month,Bank transfer,Fiber optic,Yes,0,0,0,0
CUST-01822,56,87.59,4890.31,2,7.8,0,5.7,One year,Electronic check,DSL,Yes,1,1,0,0
CUST-01823,22,110.42,2145.63,0,9.7,0,10.0,Month-to-month,Credit card,Fiber optic,Yes,1,1,1,0
CUST-01824,64,72.84,4652.07,2,-9.1,0,4.8,One year,Credit card,DSL,No,0,1,1,0
CUST-01825,56,42.41,2356.53,1,25.6,2,4.6,One year,Electronic check,Fiber optic,No,0,0,0,0
CUST-01826,65,47.68,3050.26,2,5.4,1,8.3,Month-to-month,Credit card,None,No,0,0,1,0
CUST-01827,8,89.05,501.8,1,32.0,2,5.2,One year,Electronic check,Fiber optic,No,1,1,0,1
CUST-01828,71,129.64,9312.6,3,11.9,0,10.0,Month-to-month,Electronic check,DSL,No,0,0,0,0
CUST-01829,45,89.02,3926.57,3,9.1,2,10.0,Month-to-month,Electronic check,Fiber optic,No,0,0,1,0
CUST-01830,71,67.17,5044.99,1,0.1,1,6.7,Month-to-month,Bank transfer,DSL,Yes,0,0,1,0
CUST-01831,26,99.45,2540.61,4,17.8,1,7.7,One year,Credit card,Fiber optic,Yes,0,0,0,1
CUST-01832,69,71.29,4677.85,0,8.5,0,3.8,One year,Electronic check,DSL,No,0,0,1,0
CUST-01833,43,67.41,2476.7,0,21.7,0,9.0,Two year,Mailed check,None,No,0,0,1,0
CUST-01834,6,51.16,263.93,0,33.7,1,3.1,Month-to-month,Bank transfer,None,No,1,0,0,1
CUST-01835,30,117.44,3205.9,1,-3.6,2,4.7,Month-to-month,Electronic check,DSL,No,0,0,0,0
CUST-01836,10,20.0,20.0,2,17.8,2,7.3,Month-to-month,Bank transfer,Fiber optic,Yes,0,0,0,0
CUST-01837,68,100.34,6954.98,1,17.4,0,8.1,One year,Credit card,Fiber optic,No,1,1,0,0
CUST-01838,22,65.02,986.02,2,15.3,0,4.4,Month-to-month,Bank transfer,None,Yes,0,1,0,0
CUST-01839,17,66.51,1483.72,3,1.1,2,6.1,Month-to-month,Bank transfer,None,Yes,0,0,1,0
CUST-01840,40,125.38,5055.13,2,1.4,0,4.1,Two year,Electronic check,DSL,Yes,0,0,0,1
CUST-01841,31,58.0,1787.04,1,-1.3,0,6.5,Month-to-month,Credit card,Fiber optic,No,0,1,1,0
CUST-01842,7,58.96,154.03,1,-1.7,0,5.7,Month-to-month,Bank transfer,Fiber optic,No,0,0,1,0
CUST-01843,59,74.35,4577.74,2,-5.4,2,6.0,Month-to-month,Mailed check,Fiber optic,Yes,1,0,0,0
CUST-01844,61,89.59,5464.26,2,6.3,0,8.3,Month-to-month,Bank transfer,DSL,Yes,1,0,1,0
CUST-01845,54,65.63,3372.5,1,-4.1,0,7.6,Month-to-month,Electronic check,DSL,No,0,0,1,0
CUST-01846,45,33.93,1576.81,5,15.0,0,8.1,Month-to-month,Credit card,Fiber optic,No,0,1,0,0
CUST-01847,29,53.76,1138.34,2,8.9,0,6.9,Month-to-month,Electronic check,Fiber optic,Yes,0,0,0,0
CUST-01848,40,113.88,4146.37,2,10.7,0,8.4,Month-to-month,Electronic check,Fiber optic,No,0,0,0,0
CUST-01849,38,80.09,2763.37,2,3.6,1,7.0,Month-to-month,Credit card,Fiber optic,No,0,0,1,0
CUST-01850,12,90.63,1174.94,5,9.1,2,6.2,Month-to-month,Electronic check,DSL,No,0,0,0,1
CUST-01851,6,70.68,423.27,4,4.0,1,8.1,Two year,Bank transfer,Fiber optic,No,0,1,0,0
CUST-01852,19,59.53,1393.31,0,20.5,0,6.3,Month-to-month,Bank transfer,None,No,0,0,0,0
CUST-01853,33,124.97,3894.01,2,0.9,0,6.5,Month-to-month,Credit card,Fiber optic,Yes,0,0,0,1
CUST-01854,12,72.73,1016.43,0,14.0,0,9.0,One year,Bank transfer,DSL,Yes,0,1,0,0
CUST-01855,8,65.59,496.25,3,-12.9,1,8.9,Two year,Credit card,Fiber optic,No,1,0,1,0
CUST-01856,62,108.69,6503.02,0,19.4,1,6.6,One year,Mailed check,DSL,No,1,0,1,0
CUST-01857,27,57.77,1656.12,0,-0.9,3,8.7,Month-to-month,Credit card,DSL,No,0,0,0,0
CUST-01858,43,61.35,2621.55,1,-6.6,0,4.8,Two year,Electronic check,Fiber optic,No,1,0,1,0
CUST-01859,38,78.29,2817.74,2,-10.2,1,6.6,One year,Credit card,DSL,No,0,0,0,0
CUST-01860,53,78.01,4145.03,3,-11.5,0,5.7,Month-to-month,Credit card,DSL,No,0,0,1,0
CUST-01861,54,85.27,4572.2,0,0.3,3,7.1,Month-to-month,Bank transfer,Fiber optic,No,0,0,0,0
CUST-01862,22,136.57,2966.12,2,32.0,0,8.4,Month-to-month,Credit card,DSL,Yes,0,1,1,1
CUST-01863,62,87.41,5316.27,4,-2.3,0,8.1,Month-to-month,Bank transfer,DSL,No,1,0,1,0
CUST-01864,27,20.0,213.76,3,-27.3,2,7.9,Month-to-month,Electronic check,DSL,No,0,0,1,0
CUST-01865,61,87.14,5334.23,3,13.8,1,7.3,Month-to-month,Credit card,Fiber optic,No,0,1,0,0
CUST-01866,30,79.06,2171.12,0,-9.8,0,6.8,Two year,Bank transfer,DSL,No,0,1,0,0
CUST-01867,8,79.22,378.68,2,21.0,1,9.3,Two year,Bank transfer,None,Yes,0,0,0,0
CUST-01868,55,84.89,4608.78,6,1.3,1,4.3,Month-to-month,Bank transfer,DSL,No,0,0,1,0
CUST-01869,3,77.2,415.11,5,3.6,2,5.9,Month-to-month,Credit card,Fiber optic,No,0,1,0,0
CUST-01870,56,76.53,4332.08,0,27.2,0,7.8,One year,Credit card,Fiber optic,No,0,1,1,0
CUST-01871,4,95.17,247.89,2,17.9,1,9.9,Month-to-month,Mailed check,Fiber optic,Yes,0,0,0,1
CUST-01872,15,62.82,799.46,0,-11.9,2,6.5,Two year,Credit card,Fiber optic,No,0,0,1,0
CUST-01873,44,51.46,2423.19,1,-9.6,0,6.6,Two year,Mailed check,Fiber optic,No,0,0,0,0
CUST-01874,68,162.67,10462.38,1,-20.5,0,4.8,Month-to-month,Electronic check,Fiber optic,Yes,0,1,0,1
CUST-01875,30,57.96,1938.14,0,49.7,0,6.1,Month-to-month,Electronic check,None,No,0,1,0,0
CUST-01876,9,80.8,258.7,3,-5.8,0,8.4,Two year,Credit card,DSL,No,0,0,1,0
CUST-01877,17,36.12,260.19,0,26.7,0,9.9,Month-to-month,Credit card,Fiber optic,Yes,0,1,0,0
CUST-01878,65,81.26,5153.33,6,-0.5,0,6.6,Month-to-month,Mailed check,Fiber optic,No,1,1,1,0
CUST-01879,53,51.87,3291.64,0,-9.3,1,5.7,One year,Credit card,DSL,No,0,1,1,0
CUST-01880,8,65.61,944.23,0,8.3,0,7.2,Month-to-month,Electronic check,Fiber optic,No,0,1,1,0
CUST-01881,28,107.26,3179.9,3,2.8,0,4.2,Month-to-month,Credit card,Fiber optic,No,0,0,1,1
CUST-01882,20,91.22,1913.54,0,20.8,1,9.3,One year,Electronic check,None,Yes,0,0,1,0
CUST-01883,13,93.92,755.39,3,21.0,0,4.9,Month-to-month,Bank transfer,DSL,Yes,0,0,1,0
CUST-01884,61,28.41,1772.2,3,-1.4,2,7.7,Month-to-month,Credit card,None,No,0,0,0,0
CUST-01885,45,129.43,5687.04,4,-15.0,1,7.6,Month-to-month,Credit card,DSL,Yes,0,0,0,0
CUST-01886,13,44.63,376.02,2,-11.2,0,8.2,Month-to-month,Bank transfer,DSL,No,0,0,0,0
CUST-01887,47,120.8,5716.3,3,-28.5,1,7.6,One year,Credit card,DSL,No,0,0,0,0
CUST-01888,30,106.6,3080.22,0,3.6,2,7.1,Two year,Mailed check,DSL,Yes,0,0,0,0
CUST-01889,5,94.17,688.17,3,7.8,2,7.9,Two year,Electronic check,Fiber optic,No,0,0,1,1
CUST-01890,33,54.06,1299.99,0,-10.3,0,8.6,Month-to-month,Electronic check,Fiber optic,No,1,1,1,0
CUST-01891,14,82.24,1170.11,2,-12.2,0,10.0,Two year,Electronic check,DSL,No,0,0,1,0
CUST-01892,18,64.81,946.81,1,7.7,0,5.1,Month-to-month,Bank transfer,Fiber optic,Yes,0,1,0,0
CUST-01893,64,78.81,4941.43,0,-2.1,1,3.8,Month-to-month,Electronic check,DSL,No,0,0,0,0
CUST-01894,52,71.0,3768.16,3,4.6,1,4.3,Month-to-month,Bank transfer,DSL,No,0,0,1,0
CUST-01895,10,20.92,20.0,2,2.1,0,3.8,Two year,Electronic check,None,No,0,0,0,0
CUST-01896,62,109.41,6824.48,0,12.0,1,4.9,Month-to-month,Electronic check,Fiber optic,No,0,0,1,0
CUST-01897,42,75.73,3127.58,1,-1.0,2,4.7,One year,Bank transfer,Fiber optic,No,0,0,0,0
CUST-01898,63,64.43,3893.94,4,0.2,0,6.4,One year,Mailed check,Fiber optic,Yes,1,1,0,0
CUST-01899,54,62.31,3247.1,4,-22.1,1,8.6,Month-to-month,Electronic check,Fiber optic,No,1,0,0,0
CUST-01900,25,88.04,2162.36,2,7.2,1,8.2,One year,Electronic check,DSL,Yes,1,0,1,0
CUST-01901,39,52.97,1873.87,3,9.4,0,6.0,Month-to-month,Electronic check,Fiber optic,No,0,0,0,0
CUST-01902,39,20.0,781.77,2,5.2,1,6.1,Month-to-month,Mailed check,DSL,No,0,1,0,0
CUST-01903,52,89.4,4579.26,1,38.6,0,10.0,Month-to-month,Bank transfer,Fiber optic,No,0,0,1,0
CUST-01904,18,92.53,1512.72,6,10.6,2,8.2,One year,Credit card,None,No,0,0,0,0
CUST-01905,24,72.41,2135.3,2,5.5,2,7.4,Month-to-month,Electronic check,Fiber optic,No,0,0,0,0
CUST-01906,18,45.86,929.29,3,16.0,0,7.3,Two year,Electronic check,DSL,No,0,0,1,0
CUST-01907,22,80.49,1675.1,1,41.8,1,6.6,Month-to-month,Bank transfer,None,No,0,0,0,0
CUST-01908,12,36.99,480.35,0,12.0,2,10.0,One year,Credit card,DSL,No,0,0,0,0
CUST-01909,3,49.24,20.0,1,-27.6,0,6.8,Month-to-month,Credit card,Fiber optic,Yes,1,0,0,0
CUST-01910,68,56.98,3765.45,2,14.9,0,7.4,Month-to-month,Electronic check,Fiber optic,No,0,0,1,0
CUST-01911,6,101.63,529.76,1,-6.1,1,4.1,Month-to-month,Mailed check,Fiber optic,No,0,1,1,1
CUST-01912,64,67.85,4030.7,1,-22.8,1,6.0,Month-to-month,Bank transfer,DSL,No,0,0,1,0
CUST-01913,1,65.46,162.3,1,35.2,0,6.1,Month-to-month,Bank transfer,DSL,No,0,0,1,0
CUST-01914,56,132.73,7306.48,3,31.7,1,8.0,Month-to-month,Credit card,None,No,0,0,1,0
CUST-01915,24,87.87,2020.01,3,-6.5,0,5.7,Month-to-month,Bank transfer,Fiber optic,Yes,0,1,0,0
CUST-01916,38,87.49,3182.44,0,-6.4,2,7.2,Month-to-month,Credit card,Fiber optic,Yes,0,0,0,0
CUST-01917,21,67.65,2160.42,1,10.6,0,6.0,Month-to-month,Bank transfer,Fiber optic,No,0,0,0,0
CUST-01918,36,61.3,2041.15,3,-6.2,1,5.1,Two year,Electronic check,None,Yes,0,0,0,0
CUST-01919,33,20.0,142.83,1,5.8,0,5.0,Month-to-month,Electronic check,None,No,0,0,1,0
CUST-01920,39,105.12,3699.7,2,-3.4,0,6.8,Month-to-month,Mailed check,Fiber optic,Yes,0,0,0,0
CUST-01921,29,90.55,2815.78,2,1.6,1,7.3,Month-to-month,Mailed check,DSL,Yes,1,0,0,0
CUST-01922,39,72.98,3180.33,1,-14.5,1,6.8,One year,Mailed check,DSL,Yes,0,0,0,0
CUST-01923,60,74.16,4279.15,1,21.2,1,5.6,Month-to-month,Credit card,DSL,Yes,0,0,0,0
CUST-01924,32,98.61,3475.26,2,27.3,0,6.9,Month-to-month,Credit card,None,Yes,0,1,1,0
CUST-01925,27,34.47,1116.09,2,6.4,1,6.5,Two year,Electronic check,DSL,No,0,0,1,0
CUST-01926,10,61.48,567.43,3,7.4,2,5.2,Two year,Credit card,DSL,No,0,1,1,0
CUST-01927,26,46.18,1135.57,3,18.1,2,7.2,Month-to-month,Bank transfer,DSL,Yes,0,0,0,0
CUST-01928,10,127.6,1321.22,3,8.0,0,10.0,One year,Bank transfer,Fiber optic,Yes,0,0,0,0
CUST-01929,14,102.52,1654.64,0,35.7,1,6.8,Two year,Credit card,Fiber optic,No,1,0,0,0
CUST-01930,69,20.0,1479.32,2,-13.1,1,4.5,Two year,Electronic check,DSL,Yes,0,0,0,0
CUST-01931,7,35.61,80.07,4,21.8,1,9.7,Month-to-month,Bank transfer,Fiber optic,No,0,0,1,0
CUST-01932,35,74.29,2556.6,3,6.2,0,9.4,One year,Credit card,Fiber optic,No,0,0,1,0
CUST-01933,61,64.77,4446.29,0,-9.9,1,9.7,Month-to-month,Credit card,DSL,Yes,0,1,0,0
CUST-01934,69,40.92,2886.28,8,44.0,0,7.0,One year,Bank transfer,Fiber optic,No,0,0,0,0
CUST-01935,11,132.45,1674.28,0,46.2,1,5.7,Month-to-month,Bank transfer,DSL,No,0,0,1,0
CUST-01936,12,86.75,1175.97,0,4.7,0,5.5,One year,Bank transfer,DSL,No,0,0,1,0
CUST-01937,27,91.29,2533.17,3,15.1,2,9.2,Two year,Electronic check,Fiber optic,Yes,0,1,0,1
CUST-01938,40,58.62,2371.97,1,0.5,2,10.0,Month-to-month,Electronic check,Fiber optic,No,1,1,0,0
CUST-01939,70,98.22,7099.75,2,3.0,1,5.4,Month-to-month,Credit card,Fiber optic,No,0,0,0,1
CUST-01940,15,67.35,1189.91,2,-10.1,2,2.6,One year,Electronic check,Fiber optic,Yes,0,1,0,0
CUST-01941,12,70.07,906.81,2,-12.5,0,7.1,Month-to-month,Bank transfer,Fiber optic,No,0,0,0,0
CUST-01942,19,95.11,1633.65,1,37.5,0,5.5,One year,Bank transfer,DSL,No,0,1,1,0
CUST-01943,63,32.39,2136.96,1,7.4,0,5.8,One year,Mailed check,None,No,0,1,1,0
CUST-01944,3,122.72,351.41,0,8.8,3,6.7,One year,Credit card,Fiber optic,No,1,1,1,1
CUST-01945,28,83.11,2250.02,0,-5.0,0,7.8,One year,Credit card,DSL,Yes,0,0,1,0
CUST-01946,9,113.87,1694.52,1,11.0,1,5.7,Month-to-month,Credit card,Fiber optic,No,0,1,0,0
CUST-01947,12,47.89,189.92,2,-16.1,0,7.3,Month-to-month,Electronic check,Fiber optic,Yes,1,0,1,0
CUST-01948,67,52.15,3733.68,0,-4.4,0,6.9,Two year,Bank transfer,None,No,0,0,1,0
CUST-01949,1,45.47,20.0,0,-11.2,2,3.0,Month-to-month,Electronic check,Fiber optic,No,0,1,1,0
CUST-01950,24,85.01,2073.04,3,28.7,2,8.1,One year,Bank transfer,None,No,0,1,0,0
CUST-01951,66,79.85,5912.25,0,-18.4,0,6.3,Month-to-month,Electronic check,Fiber optic,Yes,0,0,1,0
CUST-01952,44,65.0,2619.41,0,-10.9,0,4.8,One year,Mailed check,DSL,Yes,0,1,0,0
CUST-01953,6,49.61,116.69,1,-24.8,0,5.8,Month-to-month,Electronic check,None,No,0,0,0,0
CUST-01954,34,42.54,1441.98,3,-6.2,1,7.5,One year,Electronic check,DSL,No,0,1,0,0
CUST-01955,70,76.64,5153.0,0,0.6,0,7.2,Month-to-month,Bank transfer,DSL,Yes,0,0,0,0
CUST-01956,29,64.96,2104.85,1,23.6,0,8.3,Month-to-month,Electronic check,Fiber optic,No,0,0,0,0
CUST-01957,39,58.8,2159.57,2,4.4,1,7.9,Month-to-month,Electronic check,DSL,Yes,0,0,1,0
CUST-01958,39,121.32,4894.98,3,1.4,0,5.0,Month-to-month,Mailed check,Fiber optic,No,1,0,0,0
CUST-01959,48,75.69,3300.82,1,12.8,3,1.8,Two year,Electronic check,Fiber optic,No,0,0,0,1
CUST-01960,14,113.56,1138.13,1,0.9,2,7.3,Month-to-month,Credit card,Fiber optic,No,0,1,1,0
CUST-01961,61,63.07,3790.02,3,46.6,0,8.2,Month-to-month,Credit card,DSL,No,0,0,1,0
CUST-01962,72,84.85,5717.07,3,-1.5,0,6.7,Month-to-month,Electronic check,DSL,Yes,0,0,1,0
CUST-01963,11,76.45,1220.52,0,14.6,0,8.3,Month-to-month,Electronic check,Fiber optic,Yes,0,0,0,0
CUST-01964,59,30.47,1415.28,1,21.2,0,5.3,Month-to-month,Bank transfer,DSL,Yes,0,1,0,0
CUST-01965,59,117.99,6701.99,2,-1.9,1,6.5,One year,Mailed check,Fiber optic,No,0,1,0,0
CUST-01966,54,74.22,4111.28,4,10.6,1,5.4,Two year,Credit card,DSL,Yes,0,0,1,0
CUST-01967,27,98.9,2523.71,1,-0.0,1,8.4,Month-to-month,Electronic check,DSL,No,0,0,0,0
CUST-01968,34,56.94,1556.36,1,12.4,0,5.5,Two year,Electronic check,Fiber optic,No,0,1,0,0
CUST-01969,61,73.38,4986.17,2,9.6,0,10.0,Two year,Credit card,DSL,No,0,0,0,0
CUST-01970,12,53.73,394.35,1,5.8,1,6.2,Two year,Bank transfer,DSL,Yes,0,0,0,0
CUST-01971,60,112.61,6707.54,4,-10.5,0,8.5,One year,Bank transfer,DSL,No,0,0,0,0
CUST-01972,67,86.72,5757.94,2,37.8,0,6.2,Two year,Credit card,None,No,1,0,0,0
CUST-01973,50,88.28,4591.58,1,17.4,1,9.5,Month-to-month,Mailed check,Fiber optic,No,0,0,0,0
CUST-01974,25,116.03,3016.34,1,-17.4,1,9.4,One year,Mailed check,Fiber optic,No,0,0,1,0
CUST-01975,41,110.38,4318.88,1,1.3,0,6.5,One year,Credit card,DSL,Yes,0,1,0,1
CUST-01976,4,99.43,316.26,1,-17.1,1,7.6,Month-to-month,Mailed check,DSL,Yes,0,0,0,0
CUST-01977,68,38.19,2540.19,1,20.2,0,9.4,Month-to-month,Bank transfer,Fiber optic,No,0,0,1,0
CUST-01978,25,58.52,1650.24,1,7.7,2,7.6,Month-to-month,Electronic check,Fiber optic,Yes,0,0,1,0
CUST-01979,5,49.89,20.0,1,8.1,1,5.4,Month-to-month,Bank transfer,DSL,Yes,0,0,0,0
CUST-01980,58,98.37,6209.99,2,-5.5,0,7.2,Month-to-month,Credit card,DSL,No,1,0,0,0
CUST-01981,48,82.78,3783.64,2,3.0,0,5.8,One year,Credit card,DSL,No,0,0,1,0
CUST-01982,45,39.07,1755.96,1,20.6,0,7.4,One year,Mailed check,None,No,0,0,1,0
CUST-01983,4,72.72,20.0,2,24.9,0,5.7,One year,Bank transfer,DSL,Yes,0,0,0,0
CUST-01984,55,36.16,1664.26,4,21.5,4,7.8,One year,Bank transfer,DSL,No,0,0,0,0
CUST-01985,46,76.51,3300.85,2,-16.8,0,3.9,Month-to-month,Electronic check,Fiber optic,No,0,1,0,0
CUST-01986,58,31.65,1593.07,1,5.0,0,5.1,Month-to-month,Credit card,None,No,0,0,1,0
CUST-01987,60,92.81,5465.04,1,12.1,1,5.7,Month-to-month,Credit card,None,Yes,0,0,1,0
CUST-01988,16,88.58,1172.54,3,-3.8,0,6.8,Two year,Credit card,None,Yes,0,0,0,0
CUST-01989,16,131.42,2276.61,1,-18.5,1,4.4,Two year,Electronic check,None,No,0,0,1,1
CUST-01990,67,101.74,6620.83,1,-12.6,1,5.5,One year,Bank transfer,DSL,Yes,0,0,0,0
CUST-01991,39,66.16,2356.79,1,32.0,1,8.5,Month-to-month,Electronic check,Fiber optic,No,1,0,1,0
CUST-01992,32,100.91,3130.88,0,-11.1,0,8.7,Two year,Bank transfer,None,No,0,1,0,0
CUST-01993,21,38.87,1064.48,1,8.8,0,2.5,Month-to-month,Electronic check,Fiber optic,No,0,0,0,0
CUST-01994,47,51.05,2453.07,2,5.5,1,6.0,Month-to-month,Mailed check,DSL,No,0,1,0,0
CUST-01995,55,87.33,4778.23,4,5.5,0,9.4,One year,Credit card,DSL,No,0,0,1,0
CUST-01996,1,20.0,20.0,2,2.9,0,7.8,Month-to-month,Credit card,Fiber optic,No,1,1,0,0
CUST-01997,40,76.96,2792.72,1,20.6,0,7.8,Two year,Electronic check,Fiber optic,No,0,0,0,0
CUST-01998,72,49.43,3239.36,0,8.6,0,8.1,Two year,Bank transfer,Fiber optic,No,0,0,1,0
CUST-01999,21,80.84,2024.35,3,-2.0,1,5.4,Two year,Electronic check,DSL,No,0,0,0,0
CUST-02000,21,47.82,1136.86,1,8.8,0,7.5,One year,Electronic check,DSL,No,0,1,0,0
CUST-02001,64,89.88,5536.91,3,-12.4,2,7.9,Two year,Bank transfer,Fiber optic,No,1,1,0,0
CUST-02002,5,78.54,251.61,1,15.6,1,7.3,One year,Electronic check,Fiber optic,Yes,0,0,0,1
CUST-02003,29,117.21,3192.77,2,-2.9,0,6.4,Month-to-month,Mailed check,Fiber optic,No,0,1,0,0
CUST-02004,33,78.19,2358.8,2,-2.0,0,7.0,One year,Mailed check,Fiber optic,No,0,0,1,0
CUST-02005,58,56.48,3390.92,1,16.2,1,5.0,Two year,Mailed check,DSL,No,0,0,1,0
CUST-02006,10,71.09,639.02,3,1.5,0,8.2,Month-to-month,Electronic check,DSL,No,0,0,1,0
CUST-02007,32,40.36,1811.81,0,2.4,1,4.5,One year,Bank transfer,Fiber optic,No,0,0,0,0
CUST-02008,11,89.37,1295.66,0,26.7,0,5.6,Month-to-month,Electronic check,DSL,No,0,0,1,0
CUST-02009,57,94.52,5715.01,1,-7.6,0,8.3,One year,Credit card,None,No,0,1,0,0
CUST-02010,46,147.14,6936.28,0,16.0,0,7.6,One year,Bank transfer,DSL,Yes,0,1,1,0
CUST-02011,36,60.59,2075.58,2,23.2,1,6.2,Month-to-month,Bank transfer,Fiber optic,Yes,0,1,1,0
CUST-02012,29,70.5,2193.95,1,26.7,0,4.0,One year,Electronic check,DSL,No,0,0,1,0
CUST-02013,12,61.88,655.35,3,42.8,1,7.0,Month-to-month,Electronic check,Fiber optic,Yes,0,0,0,1
CUST-02014,67,83.94,6031.55,2,-2.3,1,6.0,Month-to-month,Electronic check,Fiber optic,No,1,0,0,0
CUST-02015,47,88.69,4269.5,2,-5.9,0,8.0,One year,Electronic check,Fiber optic,No,0,0,0,0
CUST-02016,23,76.51,1825.32,3,21.1,1,6.2,Month-to-month,Electronic check,DSL,Yes,0,0,0,0
CUST-02017,30,108.42,3284.37,1,23.0,0,3.9,Two year,Credit card,DSL,Yes,0,0,0,0
CUST-02018,53,60.72,3653.23,0,-4.7,2,4.6,Two year,Electronic check,DSL,No,0,0,0,0
CUST-02019,52,105.61,5133.28,2,15.8,0,6.3,Month-to-month,Electronic check,Fiber optic,No,0,0,0,0
CUST-02020,34,93.08,3624.29,2,51.6,1,7.3,Month-to-month,Mailed check,DSL,Yes,0,1,1,0
CUST-02021,22,77.66,1661.98,2,9.7,1,5.0,Month-to-month,Mailed check,Fiber optic,Yes,0,0,0,0
CUST-02022,48,69.18,2969.1,1,22.8,3,5.7,One year,Bank transfer,None,Yes,1,0,1,0
CUST-02023,48,145.95,6817.55,3,33.2,0,8.5,Month-to-month,Credit card,Fiber optic,No,0,0,0,0
CUST-02024,44,55.12,2012.58,3,48.1,0,9.1,Month-to-month,Electronic check,Fiber optic,No,0,0,0,0
CUST-02025,6,86.34,681.45,1,11.9,0,7.6,Month-to-month,Credit card,None,Yes,0,1,0,1
CUST-02026,35,56.99,1735.08,0,28.0,1,6.6,One year,Mailed check,Fiber optic,No,0,0,0,0
CUST-02027,45,128.0,5802.17,1,-4.6,0,6.0,One year,Bank transfer,Fiber optic,No,0,0,0,0
CUST-02028,69,102.83,7378.82,2,8.4,0,8.1,Month-to-month,Electronic check,None,Yes,0,0,0,0
CUST-02029,38,59.01,2074.38,4,0.9,1,6.5,Month-to-month,Bank transfer,Fiber optic,No,0,0,0,0
CUST-02030,25,92.35,2241.72,0,-22.2,1,8.8,One year,Credit card,Fiber optic,No,0,0,0,0
CUST-02031,41,85.22,3168.18,1,-17.6,0,8.9,Month-to-month,Mailed check,DSL,No,0,1,0,0
CUST-02032,13,63.53,728.8,2,14.9,1,7.8,Month-to-month,Bank transfer,Fiber optic,No,0,1,0,0
CUST-02033,7,99.23,1338.12,1,15.2,1,6.2,Month-to-month,Electronic check,None,No,0,0,1,1
CUST-02034,49,88.9,4550.58,3,-8.7,1,6.3,Month-to-month,Credit card,DSL,Yes,1,0,1,0
CUST-02035,72,84.04,5984.7,4,32.9,0,4.1,Month-to-month,Electronic check,DSL,No,0,0,0,0
CUST-02036,61,76.83,4533.71,3,-9.8,2,7.0,One year,Electronic check,Fiber optic,Yes,1,0,0,0
CUST-02037,43,90.07,3862.35,1,12.1,0,6.9,One year,Electronic check,Fiber optic,Yes,0,0,1,0
CUST-02038,3,84.42,285.77,2,1.4,0,4.6,Two year,Bank transfer,None,No,1,0,1,0
CUST-02039,72,79.65,5630.03,2,9.7,1,10.0,Month-to-month,Bank transfer,Fiber optic,Yes,0,0,0,0
CUST-02040,33,60.05,2114.16,2,22.4,0,8.1,Month-to-month,Credit card,Fiber optic,No,0,0,0,0
CUST-02041,21,125.43,2395.67,1,20.1,1,5.6,One year,Electronic check,Fiber optic,Yes,0,0,0,1
CUST-02042,65,48.59,2918.75,1,19.3,1,10.0,Month-to-month,Bank transfer,DSL,No,0,1,1,0
CUST-02043,54,89.97,4950.93,0,17.3,3,6.2,Month-to-month,Credit card,DSL,Yes,1,0,1,0
CUST-02044,54,69.03,3435.46,6,-12.4,0,8.6,Month-to-month,Bank transfer,Fiber optic,No,0,0,0,0
CUST-02045,20,127.27,2727.65,2,26.2,0,7.3,Month-to-month,Credit card,Fiber optic,No,0,0,1,1
CUST-02046,72,52.7,3790.83,1,-9.0,0,6.3,Month-to-month,Mailed check,DSL,No,1,0,1,0
CUST-02047,33,57.41,1437.55,3,6.3,1,6.5,Month-to-month,Electronic check,Fiber optic,No,0,0,0,0
CUST-02048,39,50.85,2010.52,0,2.4,2,9.7,Month-to-month,Mailed check,Fiber optic,No,0,0,0,0
CUST-02049,55,87.06,4367.01,2,13.6,2,8.7,Two year,Mailed check,Fiber optic,No,0,0,0,0
CUST-02050,48,39.55,2071.74,4,0.2,0,6.9,Month-to-month,Bank transfer,Fiber optic,Yes,1,0,0,0
CUST-02051,13,64.6,777.62,3,5.5,0,3.4,Month-to-month,Credit card,Fiber optic,No,0,0,0,0
CUST-02052,22,20.0,902.77,2,33.9,1,7.6,One year,Bank transfer,DSL,No,0,0,0,0
CUST-02053,27,84.73,2555.54,4,-12.7,1,4.9,Two year,Credit card,Fiber optic,Yes,1,0,1,0
CUST-02054,69,63.99,4150.14,1,8.0,0,8.1,Month-to-month,Credit card,Fiber optic,Yes,0,0,0,0
CUST-02055,52,36.33,1383.98,2,-9.8,0,5.8,One year,Mailed check,DSL,Yes,0,1,0,0
CUST-02056,27,108.4,2738.02,3,18.8,0,6.0,Month-to-month,Electronic check,DSL,No,0,0,1,1
CUST-02057,53,41.39,1888.36,3,-3.6,1,6.0,Month-to-month,Credit card,DSL,Yes,0,1,1,0
CUST-02058,54,100.31,5873.17,2,8.6,0,8.9,Two year,Electronic check,Fiber optic,No,1,0,1,0
CUST-02059,29,58.37,1690.15,3,-13.2,1,3.9,One year,Mailed check,Fiber optic,No,0,1,1,0
CUST-02060,30,122.84,3918.55,3,28.7,0,8.4,One year,Electronic check,DSL,No,0,0,0,1
CUST-02061,65,98.99,6363.09,2,9.2,1,7.7,Month-to-month,Bank transfer,DSL,No,0,1,0,0
CUST-02062,41,49.77,1995.65,4,10.2,0,7.0,One year,Credit card,Fiber optic,Yes,0,1,1,0
CUST-02063,11,52.32,567.36,1,21.3,0,6.3,Month-to-month,Bank transfer,DSL,Yes,1,0,1,0
CUST-02064,52,94.95,5214.03,1,-12.0,1,8.0,Month-to-month,Credit card,DSL,Yes,0,0,0,0
CUST-02065,43,70.65,3115.86,2,-1.8,1,6.3,One year,Bank transfer,Fiber optic,No,1,0,1,0
CUST-02066,37,73.26,2446.29,2,10.7,0,6.3,One year,Bank transfer,DSL,Yes,0,0,0,0
CUST-02067,53,113.62,6427.49,2,-20.2,1,7.2,One year,Credit card,DSL,No,0,0,0,0
CUST-02068,66,57.04,3691.44,2,-18.5,0,10.0,Month-to-month,Mailed check,Fiber optic,Yes,0,1,1,0
CUST-02069,24,80.56,1819.56,2,-5.1,1,4.4,One year,Bank transfer,DSL,No,0,1,0,0
CUST-02070,31,104.73,2539.25,2,-10.3,0,8.0,Two year,Credit card,DSL,Yes,0,1,0,0
CUST-02071,14,100.66,1567.84,4,2.5,0,6.8,Two year,Bank transfer,DSL,No,0,1,0,0
CUST-02072,47,73.53,3481.16,3,16.4,0,6.7,Month-to-month,Mailed check,Fiber optic,No,0,0,1,0
CUST-02073,29,69.91,2052.37,1,20.0,0,4.4,Month-to-month,Credit card,DSL,No,0,1,0,0
CUST-02074,25,29.31,632.04,4,37.0,0,3.9,Month-to-month,Bank transfer,DSL,No,0,1,0,0
CUST-02075,51,48.43,2326.13,2,7.6,3,7.7,Month-to-month,Bank transfer,Fiber optic,No,0,0,1,0
CUST-02076,30,86.91,2514.9,2,10.5,0,4.8,Two year,Electronic check,Fiber optic,Yes,0,0,1,1
CUST-02077,34,74.14,2636.55,3,7.6,0,8.9,Month-to-month,Mailed check,None,Yes,1,0,1,0
CUST-02078,32,80.1,2722.98,4,13.1,0,5.3,Month-to-month,Electronic check,Fiber optic,Yes,0,1,1,0
CUST-02079,19,107.1,1977.14,3,14.4,1,8.1,Month-to-month,Electronic check,DSL,No,0,0,1,0
CUST-02080,10,44.75,684.73,0,22.8,0,6.1,Two year,Bank transfer,Fiber optic,Yes,0,0,1,0
CUST-02081,60,71.39,4263.66,2,22.7,3,6.0,Month-to-month,Credit card,DSL,Yes,0,1,0,0
CUST-02082,7,83.28,456.9,3,16.3,1,5.5,Two year,Credit card,DSL,Yes,0,0,0,0
CUST-02083,24,58.28,1448.32,1,32.2,0,7.9,Two year,Electronic check,Fiber optic,Yes,0,0,1,0
CUST-02084,49,118.08,5446.07,0,8.4,0,8.4,Month-to-month,Electronic check,Fiber optic,No,0,1,0,1
CUST-02085,10,103.44,1092.58,0,-1.8,1,6.5,One year,Electronic check,Fiber optic,No,0,0,0,0
CUST-02086,48,86.12,3748.21,0,0.8,1,8.2,Month-to-month,Credit card,DSL,Yes,0,0,1,0
CUST-02087,53,128.24,6539.79,1,6.3,1,7.1,Month-to-month,Mailed check,DSL,No,0,0,0,1
CUST-02088,48,36.03,1224.77,1,-9.3,2,4.7,Month-to-month,Mailed check,DSL,No,0,0,0,0
CUST-02089,22,77.78,1667.38,0,-1.8,2,7.8,Two year,Bank transfer,Fiber optic,Yes,0,0,1,0
CUST-02090,2,88.26,578.93,0,-10.2,1,6.6,Month-to-month,Bank transfer,DSL,No,0,0,1,0
CUST-02091,64,52.39,3323.69,1,13.5,0,2.4,Month-to-month,Bank transfer,Fiber optic,No,1,0,1,0
CUST-02092,24,86.42,2234.98,0,13.7,0,6.4,Month-to-month,Credit card,None,No,0,0,1,0
CUST-02093,58,47.02,3315.24,2,-20.3,0,4.1,Month-to-month,Credit card,Fiber optic,No,0,1,1,0
CUST-02094,15,97.34,1561.11,1,-2.5,0,4.9,Month-to-month,Electronic check,DSL,No,0,1,0,0
CUST-02095,12,107.62,1100.14,1,37.2,3,6.7,Month-to-month,Electronic check,Fiber optic,No,0,1,1,1
CUST-02096,57,85.63,4724.02,6,18.1,0,7.0,Month-to-month,Bank transfer,DSL,Yes,1,0,0,0
CUST-02097,68,26.12,1776.32,2,15.3,0,5.6,Month-to-month,Bank transfer,DSL,Yes,0,1,1,0
CUST-02098,62,50.93,2999.44,0,-2.6,0,8.0,One year,Mailed check,DSL,No,0,1,0,0
CUST-02099,55,93.81,5020.03,3,12.6,1,6.9,One year,Electronic check,None,No,0,1,0,0
CUST-02100,18,78.59,1660.93,1,7.8,0,6.3,Month-to-month,Credit card,DSL,No,0,1,1,1
CUST-02101,66,20.0,1576.54,2,-4.7,0,7.2,Two year,Mailed check,Fiber optic,No,0,0,0,0
CUST-02102,49,112.8,5115.48,1,0.1,1,9.3,Month-to-month,Bank transfer,Fiber optic,Yes,0,0,1,0
CUST-02103,13,81.83,859.25,1,0.5,0,3.2,Month-to-month,Electronic check,Fiber optic,No,0,0,0,1
CUST-02104,10,55.07,434.7,2,-15.8,0,9.4,Two year,Electronic check,Fiber optic,Yes,0,1,0,0
CUST-02105,63,105.86,6818.95,0,-13.2,0,6.0,One year,Credit card,Fiber optic,Yes,0,1,0,0
CUST-02106,20,59.03,1466.37,6,4.8,1,5.7,One year,Electronic check,DSL,No,0,0,1,0
CUST-02107,56,58.72,3963.81,0,-5.6,1,6.4,Month-to-month,Mailed check,None,Yes,0,0,0,0
CUST-02108,10,88.03,763.88,2,3.2,3,5.5,Month-to-month,Credit card,Fiber optic,Yes,0,0,0,1
CUST-02109,21,127.87,2581.34,1,-17.7,2,5.2,One year,Credit card,DSL,No,0,0,1,0
CUST-02110,21,123.46,2739.8,1,20.8,0,8.6,Two year,Credit card,None,No,0,0,0,1
CUST-02111,21,88.07,1678.92,1,41.3,0,7.4,One year,Electronic check,DSL,No,0,1,1,0
CUST-02112,49,90.95,4421.31,2,24.4,1,3.6,Month-to-month,Credit card,DSL,No,0,1,0,0
CUST-02113,66,100.16,6506.8,3,26.1,1,8.3,One year,Credit card,DSL,No,0,0,0,0
CUST-02114,66,42.8,2169.39,2,18.0,1,8.1,Month-to-month,Electronic check,Fiber optic,No,0,0,1,0
CUST-02115,54,96.04,5216.97,0,12.2,1,4.4,Month-to-month,Electronic check,None,Yes,0,0,1,0
CUST-02116,15,57.45,816.16,2,9.4,1,7.4,Two year,Bank transfer,Fiber optic,No,0,0,1,0
CUST-02117,70,86.92,6402.21,1,-6.6,0,8.2,One year,Bank transfer,Fiber optic,No,0,0,0,0
CUST-02118,40,71.63,2866.57,5,19.0,0,4.2,One year,Electronic check,DSL,No,0,0,1,0
CUST-02119,40,92.03,3367.51,2,18.1,1,7.6,Month-to-month,Bank transfer,Fiber optic,No,0,0,0,0
CUST-02120,51,81.31,4082.29,1,0.6,0,5.9,Month-to-month,Mailed check,Fiber optic,No,0,0,0,0
CUST-02121,56,20.0,597.23,4,16.4,0,8.1,Month-to-month,Bank transfer,Fiber optic,Yes,0,0,1,0
CUST-02122,69,83.01,5424.96,2,-3.1,1,5.4,Month-to-month,Electronic check,Fiber optic,Yes,0,1,0,0
CUST-02123,42,95.98,4190.04,0,-2.1,0,9.0,One year,Bank transfer,Fiber optic,Yes,0,0,1,0
CUST-02124,44,90.49,3919.72,2,20.4,1,6.7,One year,Bank transfer,Fiber optic,Yes,0,0,1,0
CUST-02125,54,75.13,4287.65,1,14.9,0,6.0,One year,Mailed check,Fiber optic,Yes,0,1,1,0
CUST-02126,19,123.98,1863.9,2,4.3,0,5.8,One year,Bank transfer,DSL,No,0,0,0,0
CUST-02127,23,86.72,1933.94,2,2.4,1,8.7,Month-to-month,Electronic check,Fiber optic,No,0,0,1,0
CUST-02128,46,90.25,4032.62,1,10.8,0,5.8,Month-to-month,Electronic check,DSL,Yes,0,0,1,1
CUST-02129,5,107.25,775.21,3,-21.4,0,9.0,One year,Electronic check,DSL,Yes,0,0,0,1
CUST-02130,24,88.15,2283.79,0,-4.1,0,7.5,Month-to-month,Credit card,DSL,No,0,0,0,0
CUST-02131,52,52.86,2909.28,2,-12.2,0,4.6,Month-to-month,Electronic check,Fiber optic,No,0,1,1,0
CUST-02132,71,20.0,1805.35,3,8.2,0,7.1,Two year,Credit card,DSL,No,0,0,0,0
CUST-02133,38,64.64,2364.3,0,25.4,0,7.2,Month-to-month,Bank transfer,Fiber optic,No,0,0,0,0
CUST-02134,29,99.31,3213.76,3,15.6,1,4.5,Two year,Credit card,None,No,0,1,0,0
CUST-02135,32,68.11,1918.47,0,-0.2,2,7.1,One year,Electronic check,Fiber optic,Yes,0,0,1,0
CUST-02136,50,100.43,4751.28,1,-3.3,1,8.1,One year,Electronic check,Fiber optic,No,1,1,1,0
CUST-02137,40,82.16,3474.59,4,-4.1,0,9.1,Month-to-month,Bank transfer,Fiber optic,No,0,0,1,0
CUST-02138,2,114.07,20.0,2,40.0,0,9.1,One year,Bank transfer,None,No,0,0,1,1
CUST-02139,39,69.73,2862.66,3,9.1,1,10.0,Month-to-month,Bank transfer,Fiber optic,No,1,1,0,1
CUST-02140,29,91.09,2666.94,3,11.2,1,7.1,Two year,Credit card,Fiber optic,No,0,0,1,0
CUST-02141,51,92.16,4968.12,1,-25.8,0,8.1,Month-to-month,Mailed check,Fiber optic,No,0,0,1,0
CUST-02142,64,120.04,7667.7,1,-10.9,1,6.0,Month-to-month,Credit card,None,No,0,1,0,1
CUST-02143,70,30.21,2128.71,1,7.3,0,10.0,One year,Electronic check,Fiber optic,No,0,0,1,0
CUST-02144,44,65.16,2994.36,4,0.0,0,5.5,Month-to-month,Electronic check,None,Yes,0,1,1,0
CUST-02145,27,101.76,2581.86,1,10.1,0,10.0,Month-to-month,Mailed check,None,No,1,0,1,1
CUST-02146,32,121.29,3704.73,1,9.9,1,10.0,One year,Electronic check,DSL,No,0,1,0,0
CUST-02147,13,84.72,1219.97,2,17.6,1,5.7,Month-to-month,Electronic check,Fiber optic,No,0,0,0,1
CUST-02148,68,69.8,4739.08,0,-21.9,1,9.0,Month-to-month,Mailed check,None,No,0,1,0,0
CUST-02149,62,99.2,6048.57,2,-9.7,1,7.9,Month-to-month,Electronic check,Fiber optic,No,0,0,0,0
CUST-02150,62,102.32,6323.14,1,6.4,0,6.4,Month-to-month,Credit card,DSL,No,1,0,1,0
CUST-02151,24,67.93,2028.96,1,-2.4,0,6.9,Month-to-month,Electronic check,DSL,No,0,0,0,0
CUST-02152,24,87.25,1983.25,2,3.0,0,7.6,Month-to-month,Credit card,DSL,Yes,0,1,0,0
CUST-02153,62,111.05,6767.1,1,9.7,1,7.7,Month-to-month,Electronic check,None,No,0,0,1,0
CUST-02154,40,130.93,4810.34,4,-3.9,1,9.8,Month-to-month,Mailed check,None,No,0,0,0,1
CUST-02155,51,98.79,5027.7,1,11.1,0,8.1,Month-to-month,Electronic check,Fiber optic,Yes,0,0,1,0
CUST-02156,36,79.24,3016.86,2,16.7,2,5.7,Month-to-month,Electronic check,Fiber optic,No,0,0,0,0
CUST-02157,32,76.49,2656.73,1,9.0,0,8.4,Month-to-month,Credit card,None,Yes,1,0,0,0
CUST-02158,46,93.61,4333.11,3,19.5,0,4.0,Month-to-month,Bank transfer,Fiber optic,No,0,0,1,0
CUST-02159,59,74.76,4649.8,0,-26.8,1,6.4,Month-to-month,Bank transfer,DSL,No,0,0,1,0
CUST-02160,25,83.31,2265.56,1,-1.4,0,6.6,One year,Bank transfer,Fiber optic,Yes,0,1,0,0
CUST-02161,59,48.38,3132.66,1,22.3,2,8.3,Month-to-month,Bank transfer,Fiber optic,Yes,1,1,0,0
CUST-02162,18,114.32,2303.84,6,-5.8,1,10.0,Month-to-month,Mailed check,DSL,Yes,1,0,1,0
CUST-02163,30,46.07,1774.59,2,-8.0,1,7.5,Two year,Credit card,DSL,No,0,0,1,0
CUST-02164,66,65.9,4306.98,2,6.0,3,6.4,Two year,Bank transfer,None,Yes,1,0,1,0
CUST-02165,69,80.73,5238.61,0,7.7,1,5.8,Two year,Electronic check,None,No,0,0,0,0
CUST-02166,67,133.75,9127.18,0,-0.6,1,8.6,One year,Bank transfer,DSL,No,0,0,1,0
CUST-02167,23,66.16,1716.82,1,37.5,1,6.7,Month-to-month,Mailed check,Fiber optic,No,0,1,0,0
CUST-02168,61,59.35,4012.85,2,12.6,1,6.2,Two year,Electronic check,DSL,No,1,0,0,0
CUST-02169,68,62.58,4575.76,5,-6.4,1,8.8,One year,Bank transfer,Fiber optic,No,0,1,1,0
CUST-02170,71,124.45,9322.32,3,-15.0,1,9.2,Two year,Electronic check,DSL,Yes,0,0,1,0
CUST-02171,2,20.0,194.96,2,14.5,1,5.4,Month-to-month,Credit card,None,No,0,0,0,0
CUST-02172,54,49.92,2752.88,3,-6.8,2,4.4,Month-to-month,Credit card,DSL,No,0,0,0,0
CUST-02173,72,154.48,10776.31,2,42.4,0,6.9,Month-to-month,Credit card,Fiber optic,No,0,0,1,0
CUST-02174,56,94.54,5371.26,4,14.8,0,5.0,Month-to-month,Credit card,DSL,No,0,0,0,0
CUST-02175,17,47.03,661.38,1,17.0,2,4.8,One year,Credit card,Fiber optic,Yes,0,0,1,0
CUST-02176,55,76.83,4278.53,1,12.0,1,5.2,Two year,Mailed check,Fiber optic,Yes,0,0,0,0
CUST-02177,8,79.89,652.75,1,25.9,2,9.0,Month-to-month,Bank transfer,DSL,No,0,0,1,1
CUST-02178,35,101.69,3677.08,2,-30.3,2,8.3,Month-to-month,Electronic check,Fiber optic,Yes,1,0,1,0
CUST-02179,46,129.51,5933.13,1,-11.3,1,10.0,Month-to-month,Bank transfer,DSL,No,0,0,0,0
CUST-02180,33,88.88,3166.8,1,24.5,0,5.9,Month-to-month,Credit card,DSL,No,0,0,0,0
CUST-02181,51,62.89,2526.6,3,32.0,0,9.5,Two year,Bank transfer,Fiber optic,No,0,0,1,0
CUST-02182,18,100.04,1848.22,1,-11.8,1,8.0,Month-to-month,Bank transfer,DSL,Yes,0,1,1,0
CUST-02183,44,58.45,2872.42,4,-21.1,3,6.1,Month-to-month,Credit card,DSL,Yes,0,0,1,0
CUST-02184,47,49.07,2773.8,3,10.7,1,6.8,Month-to-month,Electronic check,DSL,No,0,1,0,0
CUST-02185,46,28.72,1504.11,0,15.8,1,6.1,Month-to-month,Credit card,None,No,0,1,0,0
CUST-02186,21,34.18,1139.0,3,10.4,0,7.6,One year,Credit card,None,No,0,0,0,0
CUST-02187,22,52.9,1206.03,0,7.0,0,8.9,Month-to-month,Mailed check,Fiber optic,Yes,0,0,1,0
CUST-02188,19,45.02,856.1,1,-21.6,0,6.4,Two year,Credit card,DSL,Yes,0,0,0,0
CUST-02189,34,86.77,3082.53,0,2.0,1,8.6,One year,Electronic check,Fiber optic,No,0,0,0,0
CUST-02190,43,44.42,1909.26,1,4.4,1,9.4,Month-to-month,Bank transfer,Fiber optic,No,0,0,0,0
CUST-02191,27,20.0,344.41,2,-0.8,1,9.8,Month-to-month,Bank transfer,Fiber optic,Yes,0,1,0,0
CUST-02192,30,48.77,1334.29,1,-22.7,1,5.0,Month-to-month,Bank transfer,Fiber optic,Yes,0,0,0,0
CUST-02193,21,64.79,1082.55,0,17.4,3,7.0,Month-to-month,Credit card,DSL,No,0,1,1,0
CUST-02194,16,61.05,1108.89,2,21.9,0,8.4,Month-to-month,Credit card,DSL,Yes,0,0,0,0
CUST-02195,48,120.55,5789.25,2,-4.7,0,5.1,Month-to-month,Credit card,Fiber optic,No,1,0,0,1
CUST-02196,59,60.82,3498.31,2,5.0,0,4.7,Month-to-month,Credit card,DSL,Yes,0,0,1,0
CUST-02197,21,102.67,2014.4,0,0.0,0,7.1,Month-to-month,Credit card,DSL,No,0,1,1,0
CUST-02198,62,77.47,4929.4,2,0.2,0,6.4,One year,Credit card,DSL,Yes,0,0,1,0
CUST-02199,42,76.82,3421.55,2,15.9,3,6.8,One year,Electronic check,Fiber optic,Yes,1,0,1,0
CUST-02200,13,54.61,427.3,5,16.3,1,6.3,Month-to-month,Electronic check,Fiber optic,Yes,0,0,1,0
CUST-02201,27,76.35,1739.53,2,25.2,1,10.0,Month-to-month,Electronic check,Fiber optic,Yes,0,1,1,0
CUST-02202,1,56.58,295.21,3,24.9,0,6.3,Two year,Credit card,Fiber optic,No,0,0,1,0
CUST-02203,3,82.76,20.0,1,5.3,1,8.2,Month-to-month,Mailed check,None,Yes,1,0,0,0
CUST-02204,25,71.39,1921.62,1,53.5,0,8.0,Month-to-month,Mailed check,Fiber optic,Yes,0,0,0,0
CUST-02205,33,51.55,2105.38,4,32.8,0,4.1,Month-to-month,Electronic check,Fiber optic,No,1,0,1,0
CUST-02206,58,105.77,6539.47,2,-2.5,1,9.7,Month-to-month,Mailed check,DSL,No,0,0,1,0
CUST-02207,10,89.95,1083.97,2,10.0,1,8.2,Month-to-month,Mailed check,DSL,No,0,0,1,0
CUST-02208,61,65.45,4169.65,2,-23.8,2,7.4,Two year,Electronic check,None,Yes,0,0,1,0
CUST-02209,17,82.07,1958.17,2,8.4,1,9.0,One year,Bank transfer,Fiber optic,No,0,1,0,0
CUST-02210,10,75.65,172.9,3,34.8,0,7.0,One year,Mailed check,DSL,No,0,0,1,0
CUST-02211,51,53.71,2623.13,4,52.5,0,8.7,Two year,Bank transfer,Fiber optic,No,0,0,0,0
CUST-02212,56,79.97,4690.44,3,6.1,0,3.7,Month-to-month,Mailed check,Fiber optic,No,0,0,0,0
CUST-02213,44,60.61,2582.52,0,13.4,3,8.6,Two year,Bank transfer,DSL,No,0,1,0,0
CUST-02214,9,51.54,773.8,2,17.7,1,7.4,Two year,Bank transfer,DSL,No,0,0,1,0
CUST-02215,9,32.56,283.2,2,39.7,0,7.5,One year,Electronic check,Fiber optic,No,0,1,1,0
CUST-02216,29,67.96,2003.78,3,-7.7,4,5.6,Two year,Electronic check,Fiber optic,No,0,0,0,0
CUST-02217,33,93.88,3029.37,1,50.5,3,6.7,Two year,Credit card,DSL,No,0,0,1,0
CUST-02218,72,58.55,4084.97,3,2.9,0,6.7,Month-to-month,Electronic check,DSL,No,0,1,0,0
CUST-02219,21,148.58,2983.4,2,-10.7,0,5.0,Month-to-month,Bank transfer,DSL,No,0,1,1,1
CUST-02220,14,102.8,1506.99,0,3.0,0,7.7,One year,Mailed check,Fiber optic,No,0,0,1,0
CUST-02221,69,114.52,7708.24,1,-5.0,3,9.9,One year,Electronic check,DSL,Yes,1,1,0,0
CUST-02222,12,100.27,1441.54,4,14.7,1,4.5,Month-to-month,Bank transfer,None,Yes,0,0,0,0
CUST-02223,2,129.88,423.07,1,-18.4,0,8.0,Month-to-month,Mailed check,None,Yes,1,0,0,0
CUST-02224,31,55.96,2009.61,0,10.3,0,6.3,Month-to-month,Mailed check,Fiber optic,Yes,0,1,1,0
CUST-02225,29,20.0,297.77,0,18.6,3,6.1,Month-to-month,Credit card,Fiber optic,No,0,0,1,0
CUST-02226,45,65.51,2523.08,0,31.7,0,7.2,Month-to-month,Bank transfer,DSL,No,1,1,0,0
CUST-02227,64,93.63,5991.27,1,18.9,1,7.3,Month-to-month,Electronic check,Fiber optic,No,0,0,1,0
CUST-02228,68,82.24,6317.02,0,30.7,1,7.4,Month-to-month,Credit card,DSL,No,0,1,0,0
CUST-02229,21,85.71,2116.46,1,-1.7,0,5.1,Two year,Credit card,Fiber optic,No,0,0,1,1
CUST-02230,71,114.99,8025.68,3,14.3,1,9.1,Month-to-month,Credit card,Fiber optic,Yes,1,1,1,0
CUST-02231,46,88.7,4186.33,0,-27.7,1,7.2,Two year,Electronic check,DSL,No,0,0,1,0
CUST-02232,6,100.37,784.12,2,6.2,2,8.2,Month-to-month,Credit card,Fiber optic,Yes,0,0,0,1
CUST-02233,68,51.69,3172.82,2,14.2,1,9.3,Month-to-month,Credit card,Fiber optic,Yes,0,0,1,0
CUST-02234,10,47.33,815.71,3,15.6,1,3.6,One year,Mailed check,DSL,No,0,0,1,0
CUST-02235,43,123.2,5255.74,3,-17.2,0,8.2,Two year,Electronic check,Fiber optic,No,0,0,0,0
CUST-02236,57,80.83,4584.64,2,1.8,0,6.8,One year,Electronic check,Fiber optic,Yes,0,0,1,0
CUST-02237,18,60.55,1095.85,3,4.0,0,8.9,Two year,Bank transfer,Fiber optic,Yes,0,0,0,0
CUST-02238,20,60.6,1498.14,3,1.1,1,5.7,Month-to-month,Credit card,Fiber optic,Yes,0,1,0,0
CUST-02239,35,59.82,1904.9,1,19.6,1,8.8,Month-to-month,Mailed check,Fiber optic,No,0,0,0,0
CUST-02240,64,58.15,3294.86,3,4.5,0,5.2,Two year,Electronic check,Fiber optic,Yes,1,1,0,0
CUST-02241,17,42.07,795.93,2,9.6,1,7.8,Month-to-month,Bank transfer,Fiber optic,Yes,0,0,1,0
CUST-02242,48,35.99,1216.61,1,0.2,0,7.6,Month-to-month,Credit card,None,No,0,0,0,0
CUST-02243,33,72.54,2318.54,3,25.0,0,6.8,Month-to-month,Electronic check,DSL,No,0,1,0,1
CUST-02244,9,61.4,849.32,2,26.2,0,5.2,One year,Credit card,DSL,No,0,0,1,0
CUST-02245,52,109.0,5812.77,1,3.1,0,6.4,Month-to-month,Bank transfer,DSL,No,1,0,0,0
CUST-02246,60,86.21,5433.19,6,53.6,0,8.8,Month-to-month,Mailed check,DSL,No,0,0,1,1
CUST-02247,42,85.43,3743.15,1,-4.3,1,9.8,Month-to-month,Bank transfer,DSL,Yes,0,0,1,0
CUST-02248,13,57.19,1346.05,3,24.1,0,10.0,Month-to-month,Credit card,None,Yes,0,1,1,0
CUST-02249,12,74.61,748.26,2,-7.2,1,8.0,Month-to-month,Electronic check,DSL,No,1,0,0,0
CUST-02250,31,88.11,2830.94,2,20.4,2,7.6,Month-to-month,Bank transfer,DSL,No,1,1,0,0
CUST-02251,37,98.05,3518.32,2,19.1,0,7.9,One year,Bank transfer,Fiber optic,No,0,1,1,0
CUST-02252,40,75.37,3254.0,0,-8.2,1,10.0,Month-to-month,Electronic check,DSL,No,0,1,0,0
CUST-02253,18,108.22,1932.57,2,5.9,1,8.0,One year,Bank transfer,Fiber optic,No,0,0,1,0
CUST-02254,37,78.22,3323.85,2,37.9,0,7.3,Month-to-month,Credit card,DSL,No,0,0,0,0
CUST-02255,22,100.2,2071.7,1,-5.0,1,6.6,Month-to-month,Bank transfer,DSL,Yes,0,0,1,0
CUST-02256,50,64.28,3565.78,4,14.4,2,6.8,One year,Credit card,Fiber optic,Yes,0,0,0,0
CUST-02257,58,27.25,1728.78,4,13.4,0,7.8,Month-to-month,Electronic check,Fiber optic,No,0,1,0,0
CUST-02258,47,85.51,4010.85,4,7.3,1,5.7,Month-to-month,Electronic check,None,Yes,1,0,1,0
CUST-02259,1,98.31,233.92,0,-19.7,1,6.0,Month-to-month,Electronic check,Fiber optic,No,0,1,1,0
CUST-02260,72,94.11,6841.24,2,21.3,0,7.0,Month-to-month,Credit card,DSL,Yes,0,0,0,0
CUST-02261,2,89.82,268.63,2,8.2,0,6.3,Month-to-month,Electronic check,Fiber optic,No,0,0,1,0
CUST-02262,72,68.24,4861.56,2,25.7,1,8.2,One year,Electronic check,DSL,No,0,1,0,0
CUST-02263,3,55.41,20.0,2,11.7,0,8.3,Month-to-month,Electronic check,None,No,0,1,1,0
CUST-02264,38,93.45,3467.33,1,9.0,0,7.6,Month-to-month,Bank transfer,DSL,No,0,1,1,0
CUST-02265,8,89.94,298.73,2,14.0,0,8.0,Month-to-month,Bank transfer,Fiber optic,No,0,0,0,0
CUST-02266,7,62.29,646.52,1,-7.8,0,7.3,Month-to-month,Bank transfer,DSL,No,0,0,1,0
CUST-02267,50,109.06,5144.21,2,32.9,2,1.0,Month-to-month,Credit card,Fiber optic,No,1,0,1,1
CUST-02268,53,53.28,2769.43,0,2.0,0,5.5,Month-to-month,Bank transfer,Fiber optic,Yes,0,1,0,0
CUST-02269,9,61.66,716.95,1,2.2,0,8.4,Month-to-month,Electronic check,DSL,No,1,0,1,0
CUST-02270,71,123.82,9001.07,3,28.7,0,5.6,Month-to-month,Credit card,DSL,No,1,0,1,0
CUST-02271,24,102.32,2012.02,0,12.0,0,8.6,Month-to-month,Electronic check,DSL,No,0,1,1,0
CUST-02272,23,67.98,1540.58,3,4.2,1,8.7,Two year,Electronic check,DSL,No,0,0,0,0
CUST-02273,22,86.05,2008.04,0,14.6,0,6.6,One year,Credit card,Fiber optic,No,0,1,0,0
CUST-02274,34,82.33,2812.22,2,18.0,1,6.0,One year,Electronic check,Fiber optic,No,0,0,1,0
CUST-02275,13,20.0,596.02,0,6.1,2,7.1,Month-to-month,Credit card,Fiber optic,Yes,1,0,1,0
CUST-02276,31,52.62,1425.77,0,22.8,1,7.0,Month-to-month,Credit card,None,No,0,0,1,0
CUST-02277,16,76.58,713.02,2,-12.3,0,8.2,Month-to-month,Mailed check,DSL,Yes,0,0,0,0
CUST-02278,4,68.01,474.62,1,12.2,2,2.9,Month-to-month,Bank transfer,DSL,No,0,1,1,0
CUST-02279,27,84.92,2158.57,2,20.8,0,5.8,One year,Credit card,Fiber optic,No,0,0,1,0
CUST-02280,49,109.63,4932.23,0,17.9,2,5.3,Two year,Bank transfer,DSL,No,0,0,1,0
CUST-02281,55,69.0,3755.37,1,-27.9,1,2.6,Month-to-month,Credit card,Fiber optic,No,0,0,0,0
CUST-02282,26,48.39,1565.78,1,6.0,1,6.2,Month-to-month,Electronic check,None,No,0,0,1,0
CUST-02283,24,87.1,1774.59,4,-11.4,0,4.4,One year,Credit card,Fiber optic,No,0,0,0,0
CUST-02284,57,68.85,4508.45,3,28.6,1,6.4,Month-to-month,Bank transfer,Fiber optic,No,0,0,0,0
CUST-02285,50,73.63,3472.03,0,1.7,1,6.2,One year,Electronic check,Fiber optic,No,1,0,1,0
CUST-02286,60,69.83,4211.55,3,26.8,1,7.9,One year,Electronic check,Fiber optic,No,0,0,1,0
CUST-02287,66,140.77,8986.04,5,-11.5,5,6.6,Two year,Mailed check,Fiber optic,Yes,0,0,1,0
CUST-02288,60,20.0,1210.4,0,14.3,1,4.1,Month-to-month,Credit card,None,Yes,0,0,0,0
CUST-02289,68,67.13,4531.4,2,8.1,0,7.7,Month-to-month,Credit card,None,No,0,1,0,0
CUST-02290,30,77.9,1964.63,5,52.2,1,10.0,One year,Credit card,DSL,No,0,1,0,0
CUST-02291,29,56.13,2334.23,3,26.8,0,9.0,Month-to-month,Electronic check,DSL,Yes,0,1,0,0
CUST-02292,24,103.2,2352.97,0,25.8,0,8.3,Two year,Electronic check,Fiber optic,No,0,1,0,0
CUST-02293,17,100.77,1589.47,3,40.4,0,6.7,Month-to-month,Credit card,None,No,0,0,1,0
CUST-02294,54,76.66,4381.9,4,12.5,0,6.2,Month-to-month,Credit card,Fiber optic,No,1,0,0,0
CUST-02295,52,70.42,4115.4,2,6.4,0,6.1,Month-to-month,Credit card,Fiber optic,Yes,0,0,0,0
CUST-02296,58,74.87,4624.07,1,4.6,0,7.5,One year,Bank transfer,Fiber optic,No,1,0,1,0
CUST-02297,13,75.07,675.61,2,13.2,0,5.1,Month-to-month,Credit card,None,No,0,0,1,0
CUST-02298,36,75.81,2782.64,1,-35.0,1,7.5,Month-to-month,Credit card,Fiber optic,Yes,0,0,1,0
CUST-02299,16,72.74,693.5,5,8.0,0,5.9,Month-to-month,Bank transfer,Fiber optic,No,0,1,0,0
CUST-02300,65,85.07,5754.98,3,11.6,1,4.0,One year,Bank transfer,Fiber optic,No,0,0,1,0
CUST-02301,20,99.09,1573.0,3,5.5,3,5.9,Two year,Electronic check,DSL,Yes,0,0,1,1
CUST-02302,11,43.55,278.25,3,-16.5,0,9.4,Month-to-month,Electronic check,DSL,No,1,0,0,0
CUST-02303,42,48.58,2039.56,1,5.6,2,7.3,Month-to-month,Credit card,DSL,No,0,0,1,0
CUST-02304,64,29.04,1969.81,3,-16.5,0,1.0,One year,Bank transfer,DSL,No,0,0,0,0
CUST-02305,66,102.26,6683.93,4,36.4,4,5.9,One year,Credit card,DSL,Yes,0,0,1,0
CUST-02306,7,85.01,974.84,5,3.9,0,8.7,Month-to-month,Credit card,DSL,Yes,0,0,0,0
CUST-02307,24,92.15,2392.41,2,-25.0,1,6.6,Month-to-month,Bank transfer,DSL,No,0,1,1,0
CUST-02308,12,37.97,616.82,0,4.7,0,8.0,One year,Credit card,None,No,0,0,1,0
CUST-02309,23,127.98,2636.19,2,22.3,0,6.4,One year,Electronic check,Fiber optic,Yes,0,1,0,1
CUST-02310,39,60.95,2801.89,1,10.8,1,7.4,Month-to-month,Electronic check,Fiber optic,No,0,0,1,0
CUST-02311,21,82.71,1536.14,2,-6.6,2,7.2,Month-to-month,Bank transfer,DSL,Yes,0,1,0,0
CUST-02312,5,101.92,943.99,5,-2.9,1,5.9,One year,Credit card,DSL,No,0,0,1,0
CUST-02313,37,50.36,2368.87,1,3.4,1,8.1,Month-to-month,Electronic check,None,No,0,1,1,0
CUST-02314,4,62.7,378.96,3,1.0,0,9.9,One year,Electronic check,Fiber optic,Yes,0,0,0,0
CUST-02315,17,83.02,1669.34,3,-12.2,0,7.8,One year,Mailed check,DSL,No,0,0,0,0
CUST-02316,1,158.01,20.0,0,6.9,1,7.3,Month-to-month,Mailed check,DSL,Yes,0,1,0,1
CUST-02317,7,86.43,556.26,2,-13.3,0,5.6,Month-to-month,Mailed check,DSL,No,0,0,1,0
CUST-02318,32,122.98,4210.9,1,23.2,0,8.8,Month-to-month,Electronic check,Fiber optic,No,0,0,0,1
CUST-02319,62,111.76,7160.25,2,25.1,0,6.2,One year,Credit card,None,No,0,1,0,0
CUST-02320,56,88.3,4639.87,0,-8.1,0,8.1,Two year,Credit card,Fiber optic,No,0,1,0,0
CUST-02321,8,50.3,328.97,2,-3.5,1,8.5,Two year,Electronic check,Fiber optic,No,0,0,0,0
CUST-02322,3,107.67,20.0,1,1.2,0,8.9,Two year,Electronic check,DSL,Yes,0,0,0,0
CUST-02323,25,36.05,1004.5,2,7.5,1,8.9,One year,Electronic check,Fiber optic,No,0,0,0,0
CUST-02324,47,122.82,5301.71,0,12.1,0,8.8,Two year,Credit card,Fiber optic,Yes,0,0,0,0
CUST-02325,54,83.6,4797.02,4,15.4,2,4.8,Month-to-month,Credit card,None,No,0,0,1,0
CUST-02326,60,20.0,1495.68,0,15.0,1,5.6,Two year,Electronic check,DSL,Yes,0,0,0,0
CUST-02327,25,68.47,1593.16,0,32.9,1,4.6,Month-to-month,Electronic check,None,Yes,0,0,0,1
CUST-02328,13,96.31,1382.35,2,9.0,0,4.5,One year,Credit card,Fiber optic,Yes,0,0,0,0
CUST-02329,2,71.36,88.45,0,-12.8,0,9.8,Month-to-month,Credit card,Fiber optic,No,0,0,0,0
CUST-02330,11,98.02,1138.7,0,-17.7,2,5.3,Month-to-month,Credit card,Fiber optic,No,0,1,0,1
CUST-02331,5,54.2,20.0,2,34.2,0,5.1,Month-to-month,Electronic check,Fiber optic,No,0,0,1,0
CUST-02332,62,41.43,2724.28,2,16.2,1,7.0,Month-to-month,Mailed check,Fiber optic,Yes,0,0,0,0
CUST-02333,20,76.0,1109.7,1,11.3,3,5.8,One year,Electronic check,None,No,1,0,0,1
CUST-02334,60,78.88,4275.32,3,15.2,1,10.0,Two year,Electronic check,Fiber optic,Yes,1,0,0,0
CUST-02335,40,68.25,2699.52,0,10.6,1,6.6,Two year,Mailed check,DSL,Yes,0,0,1,0
CUST-02336,39,112.36,4329.23,0,14.9,1,7.9,Month-to-month,Electronic check,DSL,No,1,0,0,1
CUST-02337,33,54.19,1856.35,2,2.0,1,5.7,One year,Credit card,Fiber optic,No,0,0,1,0
CUST-02338,59,86.77,4957.05,0,24.9,0,4.1,Month-to-month,Bank transfer,Fiber optic,Yes,0,1,0,0
CUST-02339,4,79.9,791.02,1,-0.4,1,5.8,Month-to-month,Credit card,DSL,No,0,1,1,0
CUST-02340,7,34.41,281.02,3,-6.5,0,5.8,Two year,Electronic check,Fiber optic,No,0,1,0,0
CUST-02341,31,41.07,1331.39,5,-19.1,0,5.8,Month-to-month,Bank transfer,DSL,No,0,1,1,0
CUST-02342,29,78.33,2320.88,0,4.2,2,4.2,Two year,Electronic check,DSL,No,0,0,0,0
CUST-02343,40,133.47,5589.53,2,28.3,2,7.3,Month-to-month,Mailed check,Fiber optic,Yes,0,0,0,1
CUST-02344,54,94.22,5231.88,4,0.7,0,6.5,Two year,Mailed check,Fiber optic,Yes,0,0,1,0
CUST-02345,43,29.68,1386.74,1,-14.1,1,4.3,One year,Credit card,DSL,No,1,1,0,0
CUST-02346,19,20.0,564.0,2,12.6,0,7.3,Month-to-month,Mailed check,Fiber optic,No,0,1,1,0
CUST-02347,24,98.53,1908.57,2,-2.4,1,8.5,Month-to-month,Credit card,DSL,No,0,0,0,0
CUST-02348,55,75.31,3695.34,1,32.8,0,9.3,Month-to-month,Electronic check,Fiber optic,Yes,0,1,0,0
CUST-02349,15,109.96,1630.39,1,25.2,1,2.7,Month-to-month,Electronic check,DSL,Yes,0,0,0,1
CUST-02350,37,53.34,1924.16,2,-12.3,0,5.8,One year,Credit card,DSL,No,0,1,1,0
CUST-02351,39,87.81,3569.54,3,5.2,0,4.6,One year,Bank transfer,None,No,0,1,1,0
CUST-02352,55,101.69,5597.95,0,-4.1,2,5.9,Month-to-month,Electronic check,DSL,No,0,0,1,0
CUST-02353,52,65.47,3549.91,5,-10.6,0,9.6,Month-to-month,Electronic check,DSL,Yes,0,1,1,0
CUST-02354,34,66.07,1934.98,3,7.1,2,5.8,Month-to-month,Mailed check,DSL,No,0,0,0,0
CUST-02355,23,78.71,1807.64,1,21.1,0,6.2,One year,Electronic check,Fiber optic,No,0,0,0,0
CUST-02356,27,93.19,2180.87,2,6.7,1,5.6,Month-to-month,Bank transfer,Fiber optic,Yes,0,0,1,0
CUST-02357,30,77.6,2424.71,0,-0.3,0,10.0,One year,Credit card,DSL,No,0,0,0,0
CUST-02358,16,105.27,1214.75,1,-27.3,0,3.0,One year,Credit card,DSL,No,0,1,1,0
CUST-02359,46,65.07,3080.3,1,-2.7,2,6.1,Month-to-month,Electronic check,None,No,0,0,1,0
CUST-02360,16,40.8,285.55,1,16.8,0,5.5,Month-to-month,Credit card,DSL,No,0,0,0,0
CUST-02361,47,133.36,6172.04,5,-13.5,0,4.0,Month-to-month,Electronic check,Fiber optic,No,0,0,0,0
CUST-02362,55,61.07,3582.58,0,28.5,2,9.1,Two year,Electronic check,Fiber optic,No,0,0,0,0
CUST-02363,70,62.08,4402.44,4,-1.3,1,3.9,Month-to-month,Credit card,Fiber optic,No,0,0,0,0
CUST-02364,9,76.16,274.02,4,11.1,0,6.3,Month-to-month,Mailed check,None,Yes,0,0,0,0
CUST-02365,55,79.88,4225.3,3,1.6,0,7.0,One year,Credit card,Fiber optic,Yes,0,0,0,0
CUST-02366,7,67.17,94.85,1,-10.8,2,5.7,Month-to-month,Electronic check,DSL,No,0,1,1,0
CUST-02367,25,77.51,1514.06,3,15.0,0,4.0,Month-to-month,Electronic check,Fiber optic,No,0,0,0,0
CUST-02368,13,76.89,1028.99,3,-1.6,1,6.8,Month-to-month,Bank transfer,None,Yes,1,0,1,0
CUST-02369,12,82.89,1134.75,1,-5.3,0,5.7,Month-to-month,Electronic check,DSL,No,0,0,1,0
CUST-02370,13,20.0,370.15,0,-30.0,2,8.6,One year,Electronic check,DSL,No,0,1,1,0
CUST-02371,4,130.66,673.3,2,28.8,0,8.0,Two year,Electronic check,DSL,No,0,1,0,1
CUST-02372,60,73.88,4429.82,2,8.1,1,10.0,Two year,Electronic check,Fiber optic,Yes,0,0,0,0
CUST-02373,5,94.26,402.95,5,25.7,1,7.3,Month-to-month,Bank transfer,DSL,No,1,0,0,1
CUST-02374,29,39.41,874.62,3,17.9,1,8.2,Month-to-month,Electronic check,Fiber optic,No,0,0,1,0
CUST-02375,51,64.81,3195.29,3,25.7,3,6.5,Month-to-month,Electronic check,Fiber optic,Yes,0,1,1,0
CUST-02376,72,59.18,3930.62,2,-1.0,1,10.0,Month-to-month,Electronic check,Fiber optic,Yes,0,0,0,0
CUST-02377,62,119.15,7176.01,2,-14.0,0,7.1,One year,Bank transfer,Fiber optic,No,0,0,0,0
CUST-02378,10,61.6,638.23,6,20.2,0,6.9,Month-to-month,Bank transfer,DSL,Yes,0,0,0,0
CUST-02379,72,99.23,7115.11,0,10.1,0,8.1,Month-to-month,Electronic check,DSL,No,0,1,0,0
CUST-02380,48,59.79,3636.1,4,0.5,0,5.9,Month-to-month,Bank transfer,None,No,0,0,1,0
CUST-02381,13,65.33,512.84,2,19.9,1,6.2,Month-to-month,Electronic check,DSL,Yes,0,1,1,0
CUST-02382,33,71.12,2315.69,4,12.9,0,8.1,One year,Credit card,DSL,Yes,0,0,0,0
CUST-02383,67,113.95,7278.72,1,18.2,1,8.4,Two year,Bank transfer,DSL,Yes,0,0,0,0
CUST-02384,29,25.08,630.37,0,-8.4,2,8.2,One year,Credit card,Fiber optic,No,0,1,0,0
CUST-02385,14,41.16,489.47,2,23.6,0,7.0,Month-to-month,Credit card,Fiber optic,No,0,1,0,0
CUST-02386,64,23.48,1713.94,1,7.9,0,7.6,Month-to-month,Bank transfer,None,No,1,0,1,0
CUST-02387,69,47.55,3168.53,4,25.4,1,8.8,One year,Credit card,Fiber optic,Yes,0,0,1,0
CUST-02388,71,55.28,3877.05,1,23.5,2,5.1,Two year,Bank transfer,Fiber optic,No,1,1,1,0
CUST-02389,69,32.79,2154.93,4,19.0,1,7.1,One year,Bank transfer,DSL,Yes,0,1,1,0
CUST-02390,63,57.44,3268.46,1,6.2,2,1.9,Month-to-month,Electronic check,Fiber optic,Yes,0,1,1,0
CUST-02391,33,21.59,549.44,2,19.4,1,8.4,One year,Electronic check,Fiber optic,No,0,0,1,0
CUST-02392,14,49.5,597.52,0,25.8,2,5.7,Month-to-month,Bank transfer,Fiber optic,No,0,1,1,1
CUST-02393,45,111.61,5040.91,3,17.7,1,5.7,Month-to-month,Bank transfer,Fiber optic,No,0,0,0,1
CUST-02394,16,89.3,1568.54,1,11.2,1,6.9,Two year,Electronic check,Fiber optic,Yes,0,0,0,0
CUST-02395,35,83.25,2855.1,2,19.4,0,8.2,Two year,Mailed check,Fiber optic,No,1,1,1,0
CUST-02396,48,49.92,2333.12,2,-0.4,0,10.0,Month-to-month,Electronic check,None,No,0,1,0,0
CUST-02397,69,34.99,1984.11,1,32.2,0,4.3,One year,Electronic check,DSL,Yes,0,0,0,0
CUST-02398,21,46.1,1103.03,2,-18.9,1,5.6,Month-to-month,Credit card,Fiber optic,No,1,0,0,0
CUST-02399,19,76.79,1285.04,4,8.6,3,7.5,Month-to-month,Credit card,Fiber optic,Yes,0,0,0,0
CUST-02400,53,102.31,5609.21,1,1.5,3,5.8,Two year,Bank transfer,None,Yes,0,1,0,0
CUST-02401,1,103.27,432.38,3,-2.3,1,8.6,Two year,Credit card,DSL,No,0,0,1,0
CUST-02402,41,95.66,3875.08,2,12.9,0,6.8,Month-to-month,Electronic check,DSL,Yes,0,1,0,0
CUST-02403,54,57.35,2841.07,0,-10.0,0,8.7,One year,Mailed check,DSL,No,0,1,0,0
CUST-02404,40,78.69,3143.43,3,42.4,1,6.7,Month-to-month,Credit card,Fiber optic,No,0,1,1,0
CUST-02405,28,69.0,2019.18,0,-13.6,0,8.1,Month-to-month,Electronic check,Fiber optic,No,0,0,0,0
CUST-02406,60,72.37,4263.32,5,-7.2,1,5.4,Two year,Credit card,Fiber optic,Yes,1,0,0,0
CUST-02407,27,135.04,3505.07,1,-8.7,0,10.0,One year,Electronic check,Fiber optic,Yes,0,0,0,0
CUST-02408,52,28.66,1631.2,1,11.2,4,4.0,One year,Bank transfer,None,No,0,0,1,0
CUST-02409,34,71.43,2553.01,2,24.2,0,5.8,Month-to-month,Bank transfer,Fiber optic,No,0,0,0,0
CUST-02410,2,111.93,137.29,1,16.4,0,4.5,One year,Credit card,Fiber optic,No,0,1,0,0
CUST-02411,39,36.96,1027.92,0,31.6,1,8.5,Two year,Mailed check,None,No,0,1,0,0
CUST-02412,4,59.98,354.01,2,-5.2,0,8.1,Month-to-month,Bank transfer,None,No,0,0,0,0
CUST-02413,68,63.19,4105.09,1,18.5,1,4.9,Month-to-month,Credit card,Fiber optic,No,0,1,0,0
CUST-02414,44,71.75,3210.59,3,3.1,0,8.9,Month-to-month,Credit card,Fiber optic,No,0,1,0,0
CUST-02415,27,33.31,937.16,3,11.6,2,5.8,Month-to-month,Electronic check,DSL,No,0,0,0,0
CUST-02416,36,94.67,2935.88,6,25.7,0,7.8,Month-to-month,Credit card,Fiber optic,No,0,0,1,1
CUST-02417,45,96.66,4369.97,0,-19.1,0,8.2,One year,Mailed check,None,Yes,0,1,0,0
CUST-02418,19,92.23,1881.0,1,39.9,0,6.7,Month-to-month,Bank transfer,Fiber optic,No,0,1,1,1
CUST-02419,21,53.63,1285.52,3,5.7,0,8.7,Two year,Bank transfer,Fiber optic,No,0,1,1,0
CUST-02420,31,80.42,2522.36,3,-17.7,0,6.8,Month-to-month,Credit card,DSL,No,0,0,1,0
CUST-02421,19,52.82,509.28,0,-3.1,0,7.7,Two year,Credit card,DSL,No,0,0,1,0
CUST-02422,55,68.69,4097.22,1,9.6,0,6.6,Two year,Electronic check,None,No,1,0,1,0
CUST-02423,8,138.3,1209.16,1,-3.1,0,3.7,Month-to-month,Electronic check,DSL,Yes,0,0,0,0
CUST-02424,60,80.68,4539.97,1,-24.8,0,6.9,Month-to-month,Credit card,Fiber optic,No,0,0,0,0
CUST-02425,26,44.75,966.56,0,9.5,0,5.5,Two year,Electronic check,DSL,No,0,1,0,0
CUST-02426,41,83.05,3462.86,2,-3.5,0,9.6,Month-to-month,Credit card,Fiber optic,Yes,0,0,1,0
CUST-02427,12,40.15,651.75,0,18.4,0,4.6,Month-to-month,Electronic check,Fiber optic,Yes,0,0,0,0
CUST-02428,28,44.43,1122.05,1,-9.1,0,9.3,Month-to-month,Electronic check,Fiber optic,No,0,0,0,0
CUST-02429,55,48.85,2893.13,1,44.2,1,6.8,Month-to-month,Credit card,Fiber optic,Yes,0,0,1,0
CUST-02430,20,65.56,863.01,2,16.2,1,7.8,One year,Electronic check,Fiber optic,No,1,0,0,0
CUST-02431,10,104.24,781.79,7,11.1,0,4.6,One year,Bank transfer,DSL,No,0,0,1,1
CUST-02432,38,94.2,3063.51,2,18.0,0,6.5,Two year,Bank transfer,Fiber optic,No,0,1,0,0
CUST-02433,12,92.64,887.33,1,-21.1,0,5.9,One year,Credit card,DSL,Yes,1,0,1,0
CUST-02434,23,47.23,1463.31,1,0.0,2,10.0,Month-to-month,Electronic check,Fiber optic,No,0,0,0,0
CUST-02435,33,62.84,2588.17,1,36.5,0,5.9,One year,Credit card,DSL,No,0,1,0,0
CUST-02436,41,85.62,3569.07,1,2.9,1,9.2,Month-to-month,Mailed check,DSL,No,0,0,0,0
CUST-02437,47,60.41,2679.66,1,7.0,0,9.2,Month-to-month,Credit card,Fiber optic,Yes,0,1,1,0
CUST-02438,49,70.21,3384.88,1,0.5,0,9.2,Month-to-month,Electronic check,DSL,Yes,0,0,1,0
CUST-02439,61,90.36,5630.29,2,31.4,0,6.0,Month-to-month,Electronic check,DSL,No,0,0,1,0
CUST-02440,5,68.23,20.0,3,4.1,0,10.0,Month-to-month,Bank transfer,None,Yes,0,1,0,0
CUST-02441,27,84.33,2133.79,2,-12.0,1,10.0,Month-to-month,Electronic check,None,Yes,0,0,1,0
CUST-02442,1,122.6,481.32,3,49.3,1,7.8,Month-to-month,Bank transfer,Fiber optic,No,0,0,0,1
CUST-02443,1,73.19,20.0,3,-14.0,0,6.3,Two year,Bank transfer,None,No,0,0,0,0
CUST-02444,16,111.02,1589.06,1,6.4,0,5.6,Month-to-month,Credit card,DSL,Yes,1,0,0,0
CUST-02445,44,93.66,4124.34,2,-5.5,1,7.9,Two year,Credit card,Fiber optic,No,1,1,0,0
CUST-02446,65,36.92,2470.59,1,-3.2,0,7.2,Two year,Credit card,DSL,No,1,0,1,0
CUST-02447,56,47.14,2483.59,2,-9.0,0,7.4,Two year,Electronic check,Fiber optic,No,0,1,1,0
CUST-02448,47,54.66,2588.26,4,-0.6,0,4.7,Month-to-month,Bank transfer,DSL,No,0,1,1,0
CUST-02449,57,54.06,3233.4,0,23.7,0,7.2,Month-to-month,Credit card,Fiber optic,Yes,0,0,0,0
CUST-02450,13,75.47,1471.47,0,-22.4,1,9.2,Month-to-month,Credit card,DSL,No,0,0,1,0
CUST-02451,61,95.21,5776.25,4,28.2,0,8.6,Month-to-month,Electronic check,None,No,0,0,1,0
CUST-02452,65,113.14,7343.78,2,25.4,0,6.4,Month-to-month,Electronic check,Fiber optic,No,0,0,1,0
CUST-02453,7,86.63,988.27,4,16.1,0,6.9,Month-to-month,Credit card,DSL,No,0,0,0,0
CUST-02454,34,65.52,2090.39,2,10.0,0,4.5,One year,Bank transfer,Fiber optic,Yes,0,0,0,0
CUST-02455,60,20.0,868.91,1,12.4,2,5.9,One year,Bank transfer,None,Yes,1,0,0,0
CUST-02456,35,79.98,2861.86,0,30.8,0,6.5,Month-to-month,Electronic check,Fiber optic,No,0,0,1,0
CUST-02457,61,78.72,5070.96,3,-19.9,2,8.2,Month-to-month,Bank transfer,Fiber optic,No,1,0,1,0
CUST-02458,68,83.12,5742.42,0,19.6,1,5.8,One year,Electronic check,DSL,No,0,0,1,0
CUST-02459,35,136.97,4769.7,1,-3.9,1,5.2,One year,Electronic check,DSL,No,0,0,0,1
CUST-02460,5,112.74,201.6,4,21.2,2,8.5,One year,Bank transfer,Fiber optic,Yes,0,0,0,1
CUST-02461,25,99.98,2484.91,0,-1.8,1,6.3,Two year,Credit card,DSL,Yes,0,1,1,0
CUST-02462,16,51.06,1125.25,1,19.3,1,5.6,One year,Mailed check,DSL,No,0,0,0,0
CUST-02463,35,63.64,1918.87,3,-16.8,0,8.6,Month-to-month,Electronic check,Fiber optic,Yes,0,0,1,0
CUST-02464,43,75.34,3178.43,1,-19.1,0,7.9,Month-to-month,Electronic check,Fiber optic,Yes,0,0,0,0
CUST-02465,34,56.29,1816.99,3,6.2,1,6.7,Month-to-month,Electronic check,DSL,Yes,0,0,1,0
CUST-02466,15,92.01,1205.72,0,31.0,0,6.5,Month-to-month,Mailed check,DSL,No,0,0,1,0
CUST-02467,22,87.99,1997.76,2,16.6,0,7.8,Two year,Electronic check,DSL,Yes,0,0,1,0
CUST-02468,49,47.53,2439.8,1,16.5,0,8.1,One year,Mailed check,DSL,Yes,0,1,0,0
CUST-02469,2,111.51,331.23,3,21.8,1,7.5,One year,Credit card,DSL,No,0,0,1,0
CUST-02470,16,80.86,1049.56,0,1.6,0,7.3,Month-to-month,Credit card,Fiber optic,No,0,1,0,0
CUST-02471,65,29.59,1511.85,2,17.8,3,6.0,One year,Electronic check,Fiber optic,No,0,0,0,0
CUST-02472,8,76.56,678.08,1,-1.3,1,6.1,Month-to-month,Credit card,DSL,No,0,0,0,0
CUST-02473,30,85.87,2449.62,2,3.0,0,6.8,Month-to-month,Electronic check,Fiber optic,No,0,0,1,0
CUST-02474,15,105.24,2038.18,4,5.0,1,5.4,One year,Credit card,None,No,0,0,0,0
CUST-02475,8,68.55,1019.53,2,-0.7,0,5.2,Month-to-month,Credit card,None,No,0,0,0,0
CUST-02476,31,101.18,3634.25,0,6.9,1,6.9,Month-to-month,Credit card,Fiber optic,Yes,0,0,1,0
CUST-02477,38,83.24,2928.09,0,3.9,1,8.9,Month-to-month,Credit card,Fiber optic,No,0,1,1,1
CUST-02478,13,41.18,677.68,1,-3.3,2,3.4,Month-to-month,Mailed check,Fiber optic,No,0,0,0,0
CUST-02479,6,38.38,448.02,2,5.8,0,6.4,Month-to-month,Bank transfer,Fiber optic,Yes,1,0,0,1
CUST-02480,10,109.43,1283.89,3,10.5,1,7.6,One year,Bank transfer,None,No,0,0,0,0
CUST-02481,47,111.49,5151.43,2,-9.6,0,9.0,Month-to-month,Electronic check,Fiber optic,No,0,0,1,1
CUST-02482,62,87.04,5716.27,0,14.7,1,10.0,Month-to-month,Electronic check,Fiber optic,Yes,0,0,1,0
CUST-02483,13,119.88,1558.56,1,0.1,1,6.6,Month-to-month,Electronic check,DSL,No,0,0,0,1
CUST-02484,24,107.59,2614.19,0,11.2,0,10.0,Month-to-month,Electronic check,DSL,No,0,1,0,1
CUST-02485,25,97.14,2044.04,4,-2.6,1,7.9,One year,Electronic check,DSL,No,1,1,0,0
CUST-02486,26,52.48,1525.67,2,24.8,0,8.6,Two year,Electronic check,DSL,Yes,0,0,0,0
CUST-02487,18,126.48,2211.54,1,23.3,0,5.2,One year,Electronic check,DSL,No,0,0,0,1
CUST-02488,4,93.02,488.27,2,-8.8,0,7.9,One year,Credit card,DSL,No,0,0,0,0
CUST-02489,38,67.2,2612.38,0,16.4,2,8.7,One year,Bank transfer,Fiber optic,No,0,0,1,0
CUST-02490,26,59.29,1586.77,2,31.1,0,5.9,Month-to-month,Mailed check,DSL,Yes,0,1,0,0
CUST-02491,25,85.19,2118.32,3,-7.2,0,2.4,One year,Bank transfer,DSL,Yes,0,1,0,0
CUST-02492,20,31.21,820.85,3,-5.9,1,7.4,Month-to-month,Electronic check,Fiber optic,No,1,0,1,0
CUST-02493,67,97.59,6488.81,2,19.8,2,6.7,Month-to-month,Credit card,DSL,Yes,0,0,0,0
CUST-02494,44,51.3,1893.4,1,-12.9,0,9.5,One year,Credit card,DSL,No,0,1,0,0
CUST-02495,31,88.38,2882.02,2,-4.4,1,6.1,One year,Bank transfer,Fiber optic,No,0,0,0,0
CUST-02496,15,63.39,748.6,2,-8.2,0,5.8,Month-to-month,Electronic check,None,Yes,0,0,0,0
CUST-02497,58,70.6,3763.73,1,20.0,0,5.0,Two year,Mailed check,DSL,No,1,1,1,0
CUST-02498,64,56.81,3380.28,3,-3.1,1,6.0,Month-to-month,Mailed check,None,No,0,0,1,0
CUST-02499,3,73.49,291.3,2,3.4,1,10.0,Month-to-month,Mailed check,DSL,No,1,0,0,0
CUST-02500,67,130.9,8746.17,4,-4.0,1,4.2,Month-to-month,Bank transfer,DSL,No,0,0,0,1
CUST-02501,51,116.78,5422.61,2,26.4,1,4.7,One year,Electronic check,Fiber optic,No,1,1,0,0
CUST-02502,8,87.93,607.53,1,-5.8,2,7.0,Two year,Bank transfer,Fiber optic,Yes,0,0,0,0
CUST-02503,55,77.29,4543.26,1,-14.5,0,10.0,One year,Credit card,DSL,No,1,0,0,0
CUST-02504,8,101.64,700.3,2,-15.1,1,8.4,Month-to-month,Electronic check,DSL,Yes,0,0,0,0
CUST-02505,4,109.64,397.19,0,19.1,2,9.9,Month-to-month,Electronic check,None,Yes,0,0,1,0
CUST-02506,9,54.77,753.68,1,20.3,1,6.4,Month-to-month,Mailed check,Fiber optic,No,0,0,0,0
CUST-02507,34,75.83,2777.09,0,28.0,0,4.6,One year,Electronic check,DSL,Yes,0,0,1,0
CUST-02508,45,26.99,1469.99,1,-12.2,2,6.3,Two year,Electronic check,Fiber optic,Yes,0,0,1,0
CUST-02509,30,109.45,2590.36,2,4.3,0,6.9,Two year,Credit card,DSL,Yes,1,0,1,0
CUST-02510,9,135.82,1655.76,0,46.8,1,7.1,Month-to-month,Mailed check,Fiber optic,No,0,0,0,1
CUST-02511,15,80.24,1362.7,1,3.2,1,6.7,Month-to-month,Mailed check,DSL,Yes,0,0,0,0
CUST-02512,62,20.0,1855.37,3,-1.0,0,8.2,Month-to-month,Electronic check,DSL,No,1,1,1,0
CUST-02513,70,95.05,6457.92,2,7.7,1,5.8,Month-to-month,Credit card,None,No,1,1,1,0
CUST-02514,55,52.69,2457.09,1,16.5,1,5.4,Two year,Mailed check,DSL,No,1,0,1,0
CUST-02515,8,59.43,477.24,1,16.2,0,4.9,Month-to-month,Credit card,Fiber optic,Yes,1,1,0,0
CUST-02516,60,95.54,5663.56,1,-1.8,1,7.5,Two year,Electronic check,DSL,No,0,0,0,0
CUST-02517,50,85.13,4419.92,3,-1.4,1,7.3,Month-to-month,Credit card,DSL,Yes,0,0,0,0
CUST-02518,38,64.33,2713.27,0,3.3,0,9.1,One year,Bank transfer,Fiber optic,No,0,0,0,0
CUST-02519,11,59.81,636.09,1,-3.7,2,9.9,Two year,Bank transfer,Fiber optic,No,0,1,0,0
CUST-02520,72,81.52,5809.26,1,-11.8,0,4.9,One year,Bank transfer,None,No,0,0,1,0
CUST-02521,32,66.53,2259.64,3,36.9,0,7.1,One year,Electronic check,Fiber optic,No,0,0,1,0
CUST-02522,4,46.94,123.68,0,1.5,1,6.7,Month-to-month,Credit card,Fiber optic,No,0,0,0,0
CUST-02523,16,68.69,1014.04,1,2.4,0,4.3,Month-to-month,Bank transfer,DSL,No,1,0,1,0
CUST-02524,29,87.51,2797.07,1,2.9,0,6.1,Month-to-month,Electronic check,Fiber optic,No,0,0,1,0
CUST-02525,5,73.01,679.99,3,6.7,0,9.9,Month-to-month,Bank transfer,DSL,No,0,1,0,0
CUST-02526,24,38.42,1193.07,0,15.0,0,6.0,One year,Credit card,Fiber optic,No,0,0,1,0
CUST-02527,34,105.69,3551.4,2,0.6,2,5.7,Month-to-month,Bank transfer,Fiber optic,Yes,0,0,0,1
CUST-02528,69,20.0,845.05,2,26.2,5,7.0,Month-to-month,Credit card,Fiber optic,No,1,0,0,0
CUST-02529,7,65.5,421.45,4,17.6,1,8.7,One year,Credit card,DSL,No,0,0,0,0
CUST-02530,42,60.63,2356.96,4,4.9,0,6.6,Two year,Credit card,Fiber optic,No,0,0,1,0
CUST-02531,66,82.15,5389.47,1,-2.7,0,7.3,Two year,Bank transfer,Fiber optic,No,0,0,0,0
CUST-02532,59,93.73,5362.3,5,25.4,0,3.0,Month-to-month,Bank transfer,DSL,Yes,0,0,0,1
CUST-02533,67,109.55,7334.67,5,5.4,2,8.1,Month-to-month,Bank transfer,DSL,No,0,0,1,1
CUST-02534,13,58.05,494.83,1,-11.9,2,7.5,Month-to-month,Bank transfer,Fiber optic,No,0,1,1,0
CUST-02535,58,94.42,5156.18,1,24.3,1,8.7,Two year,Bank transfer,DSL,No,0,0,1,0
CUST-02536,71,83.48,6232.75,3,-3.6,0,3.7,One year,Credit card,Fiber optic,Yes,0,0,0,0
CUST-02537,24,30.08,479.51,5,21.9,1,6.6,Two year,Credit card,Fiber optic,No,0,0,1,0
CUST-02538,36,131.22,4724.0,2,-32.2,0,8.8,Two year,Electronic check,Fiber optic,No,0,0,0,1
CUST-02539,39,37.71,1709.32,3,2.1,0,6.1,Month-to-month,Mailed check,DSL,No,0,1,0,0
CUST-02540,36,89.75,3459.58,0,26.6,1,7.2,Month-to-month,Mailed check,None,Yes,0,1,0,0
CUST-02541,21,88.92,2066.03,3,8.1,1,6.4,Month-to-month,Electronic check,Fiber optic,No,0,0,0,1
CUST-02542,70,85.72,6076.12,1,17.6,2,6.4,Month-to-month,Mailed check,Fiber optic,Yes,0,1,1,0
CUST-02543,69,64.15,4607.35,1,-6.4,1,9.2,Two year,Bank transfer,None,Yes,0,0,1,0
CUST-02544,28,101.16,3175.75,1,13.6,1,4.5,Month-to-month,Electronic check,DSL,No,0,0,1,1
CUST-02545,58,34.31,2096.24,0,8.1,0,7.0,One year,Credit card,None,No,0,0,0,0
CUST-02546,29,76.16,1749.34,2,11.9,2,7.6,Month-to-month,Electronic check,DSL,No,0,0,1,0
CUST-02547,58,62.21,3476.05,0,40.6,2,8.8,One year,Credit card,DSL,No,0,1,1,0
CUST-02548,43,59.04,2712.81,3,28.9,1,6.9,Month-to-month,Credit card,DSL,Yes,1,0,0,0
CUST-02549,34,90.0,2903.23,4,20.7,1,8.8,Month-to-month,Bank transfer,Fiber optic,No,0,1,0,0
CUST-02550,10,108.17,1486.73,1,20.9,1,7.0,One year,Electronic check,DSL,Yes,0,0,1,0
CUST-02551,48,68.39,3266.93,2,-6.5,0,7.3,Month-to-month,Electronic check,Fiber optic,No,0,1,0,0
CUST-02552,24,99.86,2417.95,3,0.5,1,7.2,Two year,Bank transfer,DSL,No,0,1,0,0
CUST-02553,16,79.39,1551.43,2,-16.5,1,8.3,One year,Bank transfer,Fiber optic,No,0,0,0,0
CUST-02554,14,53.0,696.29,1,-12.3,1,8.1,Month-to-month,Credit card,DSL,No,1,1,1,0
CUST-02555,71,70.78,5069.45,2,-6.2,0,5.1,Month-to-month,Mailed check,Fiber optic,No,1,1,0,0
CUST-02556,8,69.61,781.66,0,7.5,1,7.5,Month-to-month,Bank transfer,Fiber optic,No,0,1,0,0
CUST-02557,58,58.49,3024.35,1,-11.6,1,8.1,Month-to-month,Bank transfer,Fiber optic,Yes,0,0,0,0
CUST-02558,63,90.0,5598.68,1,7.4,0,9.7,Month-to-month,Bank transfer,Fiber optic,Yes,0,0,0,0
CUST-02559,3,84.57,461.0,3,5.5,0,5.3,Month-to-month,Credit card,Fiber optic,No,0,0,1,1
CUST-02560,43,33.46,1455.18,3,-10.1,0,8.1,Two year,Electronic check,Fiber optic,No,0,1,0,0
CUST-02561,42,31.76,1700.75,3,32.4,1,6.5,Two year,Bank transfer,None,No,0,0,1,0
CUST-02562,26,89.89,1943.16,0,-13.2,0,7.4,Month-to-month,Bank transfer,DSL,No,0,0,0,0
CUST-02563,49,55.17,2280.83,3,25.9,0,5.2,One year,Credit card,DSL,Yes,0,0,1,0
CUST-02564,30,86.46,2786.22,1,-28.1,1,7.1,Month-to-month,Electronic check,DSL,No,0,1,0,1
CUST-02565,32,99.87,3412.29,2,5.7,0,7.7,Month-to-month,Bank transfer,Fiber optic,No,0,0,0,0
CUST-02566,32,42.41,1308.81,1,-11.2,3,5.4,Month-to-month,Credit card,DSL,Yes,1,0,0,0
CUST-02567,58,38.48,2331.94,2,-2.5,0,9.7,Month-to-month,Credit card,DSL,Yes,0,1,0,0
CUST-02568,46,124.88,5930.78,3,37.0,0,4.3,Month-to-month,Bank transfer,Fiber optic,Yes,1,0,0,1
CUST-02569,28,87.84,2256.05,4,2.4,0,8.1,One year,Mailed check,DSL,Yes,0,1,1,0
CUST-02570,67,66.26,4262.71,1,-9.7,1,2.7,Month-to-month,Credit card,None,No,0,0,1,0
CUST-02571,58,51.85,3054.73,2,15.8,0,6.6,Two year,Credit card,Fiber optic,Yes,0,0,0,0
CUST-02572,68,63.71,4558.3,3,2.3,1,8.0,Month-to-month,Credit card,Fiber optic,No,0,0,0,0
CUST-02573,53,44.66,2075.49,1,10.4,0,8.4,One year,Credit card,DSL,Yes,0,0,0,0
CUST-02574,29,102.74,2929.97,1,-6.6,1,6.9,Month-to-month,Credit card,Fiber optic,No,0,1,0,0
CUST-02575,56,56.25,3088.94,4,-5.8,2,6.7,Month-to-month,Electronic check,Fiber optic,No,1,0,0,0
CUST-02576,24,108.62,2711.37,2,-4.6,3,8.1,Month-to-month,Bank transfer,Fiber optic,No,1,1,1,0
CUST-02577,20,66.78,1333.43,2,20.8,0,8.8,Month-to-month,Credit card,Fiber optic,No,0,0,1,0
CUST-02578,33,48.79,1473.6,3,4.4,0,9.6,One year,Electronic check,DSL,Yes,0,1,1,0
CUST-02579,70,66.06,4936.34,3,-8.8,1,4.8,Month-to-month,Electronic check,None,No,0,0,1,0
CUST-02580,41,20.0,685.19,2,10.6,0,6.7,One year,Bank transfer,DSL,Yes,0,0,1,0
CUST-02581,28,74.62,2016.34,1,9.3,1,3.2,Month-to-month,Bank transfer,DSL,No,0,1,1,0
CUST-02582,34,73.24,2092.29,5,17.2,0,4.6,Month-to-month,Credit card,Fiber optic,Yes,0,0,0,0
CUST-02583,21,101.09,1944.48,2,0.3,1,5.8,Month-to-month,Bank transfer,Fiber optic,No,0,1,1,0
CUST-02584,48,25.18,1337.66,1,6.8,1,8.7,Month-to-month,Electronic check,Fiber optic,No,1,1,0,0
CUST-02585,26,110.53,2953.93,2,14.7,0,6.2,Month-to-month,Credit card,Fiber optic,Yes,0,0,0,0
CUST-02586,40,100.98,4189.08,1,-8.1,0,6.6,Month-to-month,Electronic check,DSL,No,1,1,0,0
CUST-02587,27,113.06,3190.37,2,22.2,1,7.6,Two year,Credit card,None,No,0,0,0,1
CUST-02588,24,76.52,2358.41,1,8.3,0,5.9,Month-to-month,Bank transfer,Fiber optic,Yes,0,0,1,0
CUST-02589,70,106.39,7260.34,1,-9.6,2,3.5,Month-to-month,Electronic check,None,Yes,0,0,0,1
CUST-02590,25,36.81,515.39,3,-9.7,1,5.8,Month-to-month,Bank transfer,DSL,Yes,0,0,0,0
CUST-02591,6,97.97,325.18,2,6.4,2,6.9,Two year,Credit card,Fiber optic,Yes,0,1,1,0
CUST-02592,28,56.41,1403.57,2,-0.8,0,7.9,Month-to-month,Mailed check,DSL,No,0,0,1,0
CUST-02593,39,31.76,995.06,0,20.1,1,6.7,Month-to-month,Credit card,DSL,No,0,1,1,0
CUST-02594,7,46.52,349.06,2,3.4,0,7.9,Two year,Mailed check,DSL,Yes,0,0,1,0
CUST-02595,23,78.15,2110.61,2,12.8,1,8.8,Two year,Bank transfer,DSL,No,0,0,0,0
CUST-02596,12,54.92,1043.95,2,-5.6,0,9.1,Month-to-month,Electronic check,DSL,No,0,1,0,0
CUST-02597,37,88.53,3401.69,1,7.6,0,7.4,Month-to-month,Bank transfer,DSL,No,0,1,0,0
CUST-02598,53,27.37,1985.93,2,29.0,0,5.1,Month-to-month,Credit card,DSL,Yes,0,1,0,0
CUST-02599,70,20.0,1310.91,1,5.6,0,4.9,Two year,Electronic check,Fiber optic,No,1,1,1,0
CUST-02600,29,116.43,2968.34,3,-0.8,1,5.0,One year,Electronic check,None,No,0,0,1,0
CUST-02601,63,103.31,6771.82,0,-5.8,1,5.2,Month-to-month,Credit card,Fiber optic,Yes,0,0,1,0
CUST-02602,16,48.62,318.27,2,7.7,0,7.3,Month-to-month,Bank transfer,DSL,No,1,0,0,0
CUST-02603,57,77.92,4252.69,1,30.5,1,10.0,Month-to-month,Credit card,DSL,No,0,0,0,0
CUST-02604,41,106.55,4498.58,1,-13.8,0,7.5,One year,Electronic check,Fiber optic,Yes,0,0,0,0
CUST-02605,55,89.74,4910.1,5,7.2,1,6.9,One year,Bank transfer,DSL,No,0,0,0,0
CUST-02606,55,82.15,4470.51,0,-19.4,0,8.8,Month-to-month,Bank transfer,Fiber optic,No,1,0,0,0
CUST-02607,39,108.66,3942.54,0,1.4,0,5.6,One year,Mailed check,Fiber optic,No,0,1,0,0
CUST-02608,19,57.54,1090.56,2,12.2,1,9.0,One year,Electronic check,DSL,No,0,0,0,0
CUST-02609,38,78.87,3247.98,2,-17.3,1,8.8,One year,Electronic check,None,No,0,1,0,0
CUST-02610,60,77.5,4654.99,2,0.9,1,7.2,Month-to-month,Electronic check,Fiber optic,No,0,0,1,0
CUST-02611,70,70.36,4717.64,1,12.6,0,10.0,Two year,Mailed check,DSL,No,0,0,0,0
CUST-02612,67,67.09,4183.15,2,10.1,2,9.1,Month-to-month,Electronic check,DSL,Yes,0,0,0,0
CUST-02613,14,80.04,918.16,0,13.4,0,7.2,One year,Credit card,DSL,No,0,0,1,0
CUST-02614,44,78.96,3572.32,0,-7.6,3,6.8,Month-to-month,Bank transfer,DSL,No,0,0,0,1
CUST-02615,8,48.64,475.02,3,12.6,0,6.3,One year,Credit card,DSL,Yes,0,0,1,0
CUST-02616,49,100.45,4721.92,3,-1.6,2,6.9,One year,Electronic check,Fiber optic,Yes,0,1,1,0
CUST-02617,72,50.66,3094.83,1,19.4,0,6.9,Month-to-month,Bank transfer,DSL,No,0,1,0,0
CUST-02618,4,71.89,392.56,3,-29.0,0,6.5,Month-to-month,Mailed check,DSL,No,0,0,0,0
CUST-02619,48,69.73,3122.61,1,3.4,0,6.7,Month-to-month,Electronic check,DSL,No,0,0,0,0
CUST-02620,69,88.03,6246.34,2,9.6,1,5.0,Month-to-month,Credit card,DSL,No,1,1,1,0
CUST-02621,61,20.0,1030.97,1,29.6,1,6.1,Month-to-month,Mailed check,None,Yes,1,0,0,0
CUST-02622,29,102.95,2738.57,4,9.4,0,4.2,Month-to-month,Electronic check,Fiber optic,Yes,0,0,1,1
CUST-02623,8,59.04,510.61,3,11.0,1,7.8,Two year,Credit card,DSL,No,0,0,1,0
CUST-02624,67,112.16,8104.14,2,14.0,1,7.2,Month-to-month,Electronic check,DSL,Yes,0,0,1,0
CUST-02625,67,64.61,4516.13,2,28.0,2,6.9,Month-to-month,Electronic check,Fiber optic,Yes,0,0,1,0
CUST-02626,42,76.63,3252.51,1,1.9,0,8.7,Month-to-month,Electronic check,DSL,Yes,0,1,0,0
CUST-02627,71,131.59,9432.6,1,-14.4,1,5.5,One year,Credit card,DSL,Yes,0,0,1,1
CUST-02628,1,70.23,20.0,4,-17.5,0,5.8,One year,Electronic check,DSL,No,0,1,0,0
CUST-02629,45,112.69,4790.46,2,18.6,1,4.4,One year,Bank transfer,DSL,Yes,0,1,0,0
CUST-02630,3,79.09,20.0,0,11.6,1,8.9,One year,Credit card,DSL,No,0,0,1,0
CUST-02631,68,89.63,6527.31,0,3.9,1,8.2,Month-to-month,Electronic check,None,No,0,1,0,0
CUST-02632,49,79.96,4299.89,3,-1.4,1,9.5,Two year,Electronic check,Fiber optic,Yes,0,0,1,0
CUST-02633,66,101.74,6813.04,2,10.9,0,9.9,One year,Electronic check,Fiber optic,No,1,1,0,0
CUST-02634,41,58.81,2444.99,0,11.4,0,6.3,One year,Electronic check,None,Yes,0,1,0,0
CUST-02635,6,50.45,20.0,2,15.7,3,5.8,One year,Bank transfer,Fiber optic,No,0,0,0,0
CUST-02636,2,60.12,65.42,0,-9.7,0,3.9,Month-to-month,Bank transfer,DSL,Yes,0,0,0,0
CUST-02637,25,80.79,2467.85,2,-20.2,1,5.1,One year,Mailed check,DSL,No,1,1,1,0
CUST-02638,54,71.82,3911.13,3,-6.6,0,6.5,One year,Credit card,Fiber optic,No,0,1,0,0
CUST-02639,11,97.89,935.63,3,-13.6,0,3.4,Two year,Mailed check,DSL,No,0,0,0,0
CUST-02640,62,114.53,6661.34,3,-14.4,0,5.2,Two year,Credit card,DSL,No,0,1,0,0
CUST-02641,18,50.68,1257.32,3,33.1,0,7.0,Month-to-month,Mailed check,Fiber optic,No,0,0,0,0
CUST-02642,36,57.45,2050.68,0,-28.3,1,8.7,One year,Electronic check,Fiber optic,Yes,0,1,0,0
CUST-02643,15,37.79,127.67,2,15.5,4,5.8,Month-to-month,Electronic check,DSL,Yes,0,0,0,0
CUST-02644,34,134.85,4353.83,1,22.5,0,7.3,Two year,Bank transfer,DSL,No,0,0,1,0
CUST-02645,33,86.53,2536.11,1,23.8,1,10.0,One year,Bank transfer,Fiber optic,No,0,0,1,0
CUST-02646,1,91.43,58.49,4,12.4,2,3.8,Two year,Credit card,Fiber optic,No,0,1,0,1
CUST-02647,41,40.47,1711.1,4,29.1,2,9.1,One year,Bank transfer,DSL,No,0,0,1,0
CUST-02648,57,77.97,4318.49,1,36.5,1,7.8,One year,Mailed check,DSL,No,0,1,1,0
CUST-02649,68,92.26,6467.94,3,3.2,2,9.4,Month-to-month,Electronic check,DSL,No,0,0,1,0
CUST-02650,24,70.92,1721.78,1,15.2,1,8.8,One year,Bank transfer,None,Yes,0,0,0,0
CUST-02651,64,108.12,7185.26,2,28.4,0,5.9,Month-to-month,Credit card,DSL,Yes,0,1,1,0
CUST-02652,64,142.73,9045.42,2,-5.8,0,7.1,Month-to-month,Electronic check,DSL,Yes,0,1,0,0
CUST-02653,72,51.48,4467.89,3,4.1,1,4.5,Month-to-month,Credit card,DSL,No,0,0,0,0
CUST-02654,27,49.38,1192.14,0,-2.0,1,6.2,Month-to-month,Credit card,DSL,Yes,0,1,1,0
CUST-02655,62,53.42,3086.21,2,15.4,0,7.2,Two year,Electronic check,None,No,0,1,0,0
CUST-02656,41,122.97,4785.19,0,-22.4,1,7.6,One year,Bank transfer,Fiber optic,No,0,1,1,0
CUST-02657,5,107.19,483.21,6,31.0,0,8.5,Month-to-month,Credit card,DSL,Yes,0,0,0,1
CUST-02658,20,74.21,1054.32,3,16.5,1,9.9,One year,Credit card,Fiber optic,No,0,1,0,0
CUST-02659,49,79.02,3945.62,5,17.4,0,6.3,Month-to-month,Bank transfer,DSL,No,0,0,1,0
CUST-02660,12,55.14,185.35,1,-29.8,0,9.2,Month-to-month,Credit card,DSL,No,0,0,0,0
CUST-02661,32,102.92,3333.86,5,-8.6,1,7.6,Month-to-month,Electronic check,Fiber optic,No,0,0,0,1
CUST-02662,56,67.36,3434.35,2,31.8,0,4.7,Month-to-month,Electronic check,DSL,No,0,1,0,0
CUST-02663,11,70.72,682.6,0,5.2,0,6.8,Two year,Electronic check,DSL,No,0,0,0,0
CUST-02664,36,95.05,3572.94,3,-19.6,0,7.3,One year,Bank transfer,None,Yes,1,0,0,0
CUST-02665,16,72.74,1739.85,4,11.5,0,5.6,One year,Electronic check,DSL,Yes,1,0,1,0
CUST-02666,39,71.42,2515.88,1,18.9,1,5.2,One year,Credit card,DSL,No,0,0,1,0
CUST-02667,18,78.3,1371.82,0,16.5,1,5.2,Month-to-month,Mailed check,Fiber optic,No,0,0,0,0
CUST-02668,70,100.27,6837.96,2,5.6,0,6.1,One year,Mailed check,None,No,0,0,0,0
CUST-02669,6,124.1,527.13,1,26.2,1,5.5,One year,Bank transfer,DSL,Yes,0,0,0,1
CUST-02670,70,94.39,6428.56,0,-3.2,2,9.3,Month-to-month,Credit card,DSL,No,0,0,1,0
CUST-02671,58,100.49,6034.44,3,16.6,1,2.7,Month-to-month,Mailed check,DSL,No,1,1,0,1
CUST-02672,62,72.4,4366.79,1,10.2,0,7.3,Month-to-month,Bank transfer,DSL,No,0,0,0,0
CUST-02673,62,58.18,4169.49,0,5.9,0,8.1,Month-to-month,Electronic check,DSL,Yes,0,0,1,0
CUST-02674,14,96.31,1452.33,2,1.9,1,5.4,Month-to-month,Electronic check,Fiber optic,No,0,0,0,1
CUST-02675,68,82.79,5377.22,2,2.5,3,6.7,One year,Electronic check,DSL,No,0,0,1,0
CUST-02676,43,38.17,1549.63,2,8.5,1,6.5,Month-to-month,Credit card,Fiber optic,No,0,1,0,0
CUST-02677,70,68.81,4616.24,1,3.3,1,7.0,One year,Electronic check,Fiber optic,No,0,1,0,0
CUST-02678,64,75.68,5043.54,1,19.7,0,8.3,Month-to-month,Electronic check,Fiber optic,Yes,1,0,1,0
CUST-02679,42,63.71,2266.13,3,-0.6,0,8.1,Month-to-month,Credit card,DSL,Yes,1,0,1,0
CUST-02680,27,119.49,2890.99,1,33.1,0,6.0,One year,Credit card,DSL,No,0,1,0,1
CUST-02681,9,91.44,675.07,0,-1.3,1,4.4,Month-to-month,Electronic check,DSL,No,0,0,0,1
CUST-02682,8,116.45,1102.34,1,22.7,0,7.4,Two year,Credit card,None,No,0,1,1,0
CUST-02683,29,85.38,2784.29,0,23.4,2,5.9,Month-to-month,Bank transfer,Fiber optic,Yes,0,1,0,0
CUST-02684,59,80.28,5081.66,1,10.7,1,6.2,One year,Electronic check,DSL,Yes,0,1,1,0
CUST-02685,37,51.78,2048.31,2,9.2,0,7.5,Month-to-month,Bank transfer,None,No,0,1,0,0
CUST-02686,35,78.33,2720.83,3,-3.7,0,6.3,Month-to-month,Credit card,DSL,No,0,0,1,0
CUST-02687,18,78.37,1609.32,3,-0.3,0,7.7,Month-to-month,Electronic check,Fiber optic,No,0,0,1,0
CUST-02688,41,39.72,1342.39,1,11.5,0,10.0,Month-to-month,Electronic check,None,No,0,0,1,0
CUST-02689,46,62.89,2431.78,0,7.3,1,8.3,Month-to-month,Mailed check,DSL,No,1,0,0,0
CUST-02690,71,68.95,5004.61,1,26.9,1,9.5,Month-to-month,Mailed check,DSL,No,0,1,1,0
CUST-02691,53,89.58,4496.32,2,0.7,0,8.0,Two year,Bank transfer,Fiber optic,Yes,1,1,0,0
CUST-02692,44,90.92,3984.15,5,1.7,1,7.2,Month-to-month,Electronic check,DSL,No,0,0,0,0
CUST-02693,66,61.72,4103.43,1,-18.6,1,8.0,Month-to-month,Electronic check,None,No,1,1,1,0
CUST-02694,31,91.13,2887.06,2,18.3,1,8.0,Month-to-month,Electronic check,DSL,No,0,0,0,0
CUST-02695,68,72.9,5191.65,1,16.9,1,8.7,Two year,Electronic check,Fiber optic,No,0,0,0,0
CUST-02696,27,20.0,748.02,2,23.6,0,7.2,Month-to-month,Credit card,Fiber optic,No,1,0,1,0
CUST-02697,10,64.43,693.05,3,24.5,0,4.7,One year,Electronic check,None,Yes,0,1,1,0
CUST-02698,31,108.21,3244.01,3,20.6,1,4.5,Month-to-month,Electronic check,None,No,0,0,1,1
CUST-02699,10,30.91,336.04,2,21.3,1,7.9,Month-to-month,Credit card,DSL,No,1,0,0,0
CUST-02700,9,81.16,581.39,3,17.8,2,5.1,Month-to-month,Electronic check,DSL,No,0,0,0,1
CUST-02701,64,122.39,7783.85,1,20.2,0,8.3,Two year,Electronic check,Fiber optic,No,0,0,0,0
CUST-02702,58,56.7,3943.14,1,-21.5,1,9.5,One year,Credit card,DSL,Yes,0,1,1,0
CUST-02703,16,78.06,1294.51,2,-9.6,0,6.7,Month-to-month,Electronic check,Fiber optic,Yes,0,0,0,0
CUST-02704,61,41.49,2643.45,1,-12.2,1,9.3,One year,Credit card,Fiber optic,No,1,0,1,0
CUST-02705,5,123.56,441.43,3,28.3,0,7.6,Month-to-month,Electronic check,Fiber optic,No,1,0,1,1
CUST-02706,21,75.67,1844.09,4,-4.5,1,7.1,Two year,Electronic check,DSL,Yes,0,1,1,0
CUST-02707,51,79.31,4234.88,0,-2.0,0,7.2,Month-to-month,Bank transfer,DSL,No,0,0,0,1
CUST-02708,22,115.92,2742.08,2,8.1,0,5.6,Two year,Credit card,DSL,Yes,0,0,0,0
CUST-02709,53,96.52,5169.28,0,-11.9,2,5.4,Two year,Electronic check,Fiber optic,Yes,1,0,0,0
CUST-02710,63,53.48,3627.79,0,14.1,1,4.1,Month-to-month,Mailed check,None,No,0,1,1,0
CUST-02711,5,59.88,617.32,0,-26.1,0,5.8,Two year,Mailed check,Fiber optic,Yes,0,0,1,0
CUST-02712,2,91.86,254.49,2,-10.8,0,10.0,Two year,Bank transfer,None,Yes,1,0,1,0
CUST-02713,68,60.52,4086.71,1,11.2,1,4.4,Two year,Electronic check,DSL,No,0,0,0,0
CUST-02714,38,20.0,983.64,2,-11.9,1,5.0,Month-to-month,Electronic check,Fiber optic,Yes,0,1,0,0
CUST-02715,37,76.51,2604.84,2,28.8,2,5.6,One year,Mailed check,DSL,No,0,0,0,0
CUST-02716,34,36.55,1063.21,0,8.7,1,5.7,Month-to-month,Electronic check,Fiber optic,No,0,0,0,0
CUST-02717,32,123.26,3930.99,3,26.1,1,7.6,Two year,Electronic check,DSL,No,0,0,1,1
CUST-02718,50,82.95,3712.16,1,13.7,0,6.0,Month-to-month,Electronic check,DSL,No,0,0,1,0
CUST-02719,42,52.66,2418.62,3,7.8,0,6.7,One year,Electronic check,DSL,No,0,0,1,0
CUST-02720,12,58.44,460.55,2,-7.9,1,5.6,Two year,Electronic check,DSL,Yes,0,0,0,0
CUST-02721,46,25.1,1036.73,1,22.9,0,6.2,Two year,Electronic check,DSL,No,1,1,1,0
CUST-02722,49,47.22,2260.46,4,15.1,2,7.0,Two year,Credit card,Fiber optic,Yes,0,1,0,0
CUST-02723,9,106.46,967.96,2,41.4,1,6.9,Two year,Electronic check,DSL,Yes,0,0,0,1
CUST-02724,28,140.49,3847.81,1,21.3,1,10.0,One year,Credit card,None,Yes,0,0,1,0
CUST-02725,57,98.34,5588.54,3,1.6,0,7.0,One year,Bank transfer,Fiber optic,Yes,0,1,0,0
CUST-02726,45,75.42,3378.99,1,12.6,0,6.7,Month-to-month,Electronic check,Fiber optic,No,0,0,1,0
CUST-02727,10,65.91,547.34,1,14.8,1,2.6,Two year,Credit card,Fiber optic,No,0,0,0,0
CUST-02728,3,51.22,20.0,1,26.6,0,7.5,Month-to-month,Credit card,DSL,No,0,0,1,0
CUST-02729,42,135.67,5968.51,1,29.1,0,3.5,One year,Credit card,None,Yes,0,0,1,0
CUST-02730,34,72.72,1946.38,4,5.4,1,8.1,Month-to-month,Electronic check,DSL,No,0,1,0,0
CUST-02731,70,137.24,9555.37,0,-11.4,0,7.4,Month-to-month,Credit card,DSL,No,0,0,0,0
CUST-02732,38,117.02,4329.54,0,-21.7,1,8.5,Month-to-month,Credit card,Fiber optic,No,0,1,0,1
CUST-02733,68,29.26,2094.38,2,-10.2,1,6.0,Two year,Mailed check,DSL,No,0,0,1,0
CUST-02734,16,59.35,586.03,3,-1.5,1,7.1,Month-to-month,Credit card,Fiber optic,No,0,0,0,0
CUST-02735,33,59.27,1830.96,4,32.1,0,8.3,Month-to-month,Bank transfer,Fiber optic,Yes,1,0,1,0
CUST-02736,11,75.76,807.77,5,32.3,2,5.4,Month-to-month,Credit card,DSL,No,0,1,1,1
CUST-02737,42,76.31,3472.54,2,23.4,1,8.2,Month-to-month,Electronic check,DSL,Yes,0,0,1,0
CUST-02738,14,161.89,2349.51,3,27.7,1,8.1,Month-to-month,Bank transfer,DSL,No,0,0,1,1
CUST-02739,36,47.84,1426.37,2,-3.3,1,6.9,Month-to-month,Credit card,DSL,Yes,0,0,1,0
CUST-02740,25,84.41,1988.38,4,-16.2,0,9.9,One year,Bank transfer,DSL,No,0,0,0,0
CUST-02741,14,95.26,1555.15,1,-8.1,0,8.0,Two year,Electronic check,DSL,No,0,0,1,0
CUST-02742,7,77.96,245.53,2,-24.6,1,4.1,Two year,Electronic check,DSL,No,1,0,1,0
CUST-02743,37,81.09,2980.67,2,-9.8,1,8.9,One year,Electronic check,Fiber optic,Yes,0,0,1,0
CUST-02744,69,48.75,3361.47,1,-0.1,1,5.9,Month-to-month,Credit card,Fiber optic,No,0,1,1,0
CUST-02745,15,80.98,1118.25,6,10.7,1,8.5,One year,Credit card,None,No,0,0,0,0
CUST-02746,30,92.32,3443.54,2,10.2,0,7.6,One year,Credit card,DSL,Yes,0,0,0,0
CUST-02747,17,87.17,1378.71,2,-3.0,0,2.3,One year,Mailed check,None,Yes,0,0,0,0
CUST-02748,59,93.97,5656.67,1,17.1,0,8.2,One year,Electronic check,None,No,0,1,1,0
CUST-02749,30,117.55,3334.92,5,-2.7,2,6.7,One year,Credit card,DSL,No,0,1,1,1
CUST-02750,71,104.24,7532.98,4,8.2,0,6.3,One year,Bank transfer,Fiber optic,Yes,0,0,1,0
CUST-02751,18,80.0,1657.7,1,-9.8,0,6.3,Two year,Credit card,DSL,No,0,0,0,0
CUST-02752,6,45.19,124.15,4,25.4,1,8.5,One year,Credit card,Fiber optic,No,0,0,0,0
CUST-02753,42,61.2,2556.72,2,8.3,1,5.4,Month-to-month,Mailed check,Fiber optic,Yes,0,0,1,0
CUST-02754,47,71.85,3153.13,3,18.9,0,9.1,Two year,Credit card,DSL,Yes,1,0,0,0
CUST-02755,72,85.07,5838.94,3,-11.5,1,4.4,One year,Electronic check,Fiber optic,Yes,0,0,1,0
CUST-02756,63,64.61,4329.63,2,10.8,1,7.6,One year,Credit card,Fiber optic,Yes,0,1,1,0
CUST-02757,64,51.8,3176.7,0,17.2,0,8.5,Month-to-month,Electronic check,Fiber optic,No,0,1,0,0
CUST-02758,46,44.73,1454.18,3,-24.7,0,8.4,Month-to-month,Bank transfer,DSL,Yes,1,0,1,0
CUST-02759,26,31.77,1267.36,2,26.7,1,7.4,One year,Electronic check,DSL,Yes,0,0,1,0
CUST-02760,31,71.42,2013.5,1,-12.0,1,6.7,Month-to-month,Bank transfer,Fiber optic,No,0,0,1,0
CUST-02761,10,36.85,306.91,2,11.4,0,6.1,Month-to-month,Credit card,DSL,No,0,0,0,0
CUST-02762,32,49.99,2009.91,1,36.6,1,4.9,Month-to-month,Electronic check,Fiber optic,No,0,0,1,0
CUST-02763,27,66.97,1772.75,4,23.3,0,5.9,Month-to-month,Electronic check,Fiber optic,No,0,1,0,0
CUST-02764,3,40.59,80.94,1,-15.8,0,5.4,One year,Electronic check,Fiber optic,No,1,0,0,0
CUST-02765,15,88.63,1022.41,3,5.2,1,5.1,Month-to-month,Electronic check,DSL,Yes,0,0,0,0
CUST-02766,39,98.73,3441.76,3,27.7,0,10.0,Month-to-month,Electronic check,Fiber optic,No,0,0,0,0
CUST-02767,27,62.62,1649.14,1,-5.1,2,4.0,Two year,Credit card,Fiber optic,Yes,0,0,0,0
CUST-02768,72,65.76,4825.42,2,2.2,1,9.1,One year,Credit card,Fiber optic,No,0,0,1,0
CUST-02769,35,93.05,3333.13,2,1.8,0,4.9,Two year,Bank transfer,DSL,Yes,0,0,0,0
CUST-02770,70,58.01,3940.38,0,17.1,0,5.3,Month-to-month,Electronic check,Fiber optic,No,0,1,1,0
CUST-02771,48,56.08,2696.9,3,-16.6,0,5.2,Two year,Bank transfer,DSL,No,1,1,1,0
CUST-02772,3,111.5,20.0,2,18.0,0,5.1,Month-to-month,Mailed check,Fiber optic,Yes,0,0,0,1
CUST-02773,15,102.76,1656.44,2,-2.0,0,8.8,Month-to-month,Bank transfer,DSL,Yes,1,0,0,0
CUST-02774,51,94.84,4877.19,2,7.8,0,8.2,Month-to-month,Bank transfer,Fiber optic,No,0,1,0,0
CUST-02775,40,103.92,4650.22,1,4.4,0,6.7,Month-to-month,Bank transfer,DSL,No,0,0,1,0
CUST-02776,22,22.64,499.95,0,17.6,0,10.0,Two year,Electronic check,Fiber optic,No,0,0,1,0
CUST-02777,38,115.91,4168.91,2,7.7,0,7.1,Month-to-month,Electronic check,DSL,No,0,0,1,0
CUST-02778,66,88.98,5860.0,5,31.0,0,7.2,One year,Credit card,Fiber optic,No,0,0,1,0
CUST-02779,28,106.3,2894.45,4,23.8,1,5.9,Month-to-month,Electronic check,Fiber optic,Yes,0,0,0,1
CUST-02780,4,88.84,464.04,0,-4.7,0,5.7,Month-to-month,Credit card,DSL,No,0,0,0,0
CUST-02781,23,79.37,1832.23,2,29.8,0,6.1,Two year,Bank transfer,None,Yes,0,0,0,0
CUST-02782,68,70.29,4464.73,0,13.1,1,8.6,One year,Electronic check,DSL,No,0,0,0,0
CUST-02783,55,88.28,4446.46,2,10.7,1,8.1,Month-to-month,Bank transfer,None,Yes,0,0,1,0
CUST-02784,61,69.27,4291.2,1,21.6,1,9.4,Month-to-month,Electronic check,Fiber optic,No,0,0,1,0
CUST-02785,66,102.3,7097.58,1,-8.7,2,5.8,Month-to-month,Electronic check,DSL,No,0,0,1,0
CUST-02786,9,33.58,322.06,0,-14.1,1,8.2,One year,Bank transfer,DSL,Yes,0,1,0,0
CUST-02787,21,62.84,1522.96,1,8.4,1,7.6,Month-to-month,Credit card,Fiber optic,No,0,0,0,0
CUST-02788,5,135.26,929.5,0,-1.7,0,7.9,Two year,Credit card,Fiber optic,Yes,1,0,1,1
CUST-02789,1,60.47,127.17,1,41.2,1,5.5,Two year,Credit card,Fiber optic,Yes,0,1,0,0
CUST-02790,61,71.32,4146.9,0,-4.2,1,5.2,Month-to-month,Bank transfer,None,No,0,1,0,0
CUST-02791,68,53.29,3672.55,1,8.6,0,8.1,Month-to-month,Electronic check,DSL,No,0,0,0,0
CUST-02792,12,87.4,1350.57,3,11.1,0,8.7,Two year,Electronic check,Fiber optic,Yes,1,0,0,0
CUST-02793,52,57.38,3116.23,4,27.7,2,6.0,Month-to-month,Electronic check,DSL,Yes,0,0,0,0
CUST-02794,39,72.8,3026.26,1,-7.9,1,8.2,Month-to-month,Electronic check,DSL,No,0,0,0,0
CUST-02795,5,101.77,393.21,3,-17.8,0,9.3,One year,Electronic check,DSL,Yes,0,1,0,0
CUST-02796,66,58.43,3805.79,1,30.3,3,6.4,Month-to-month,Credit card,Fiber optic,No,1,0,0,0
CUST-02797,63,100.08,6275.36,3,9.3,3,4.5,One year,Bank transfer,DSL,No,0,0,0,0
CUST-02798,41,101.02,4128.99,1,21.0,0,4.7,Two year,Electronic check,Fiber optic,Yes,0,0,1,0
CUST-02799,51,107.54,5776.53,1,21.7,2,5.9,One year,Credit card,Fiber optic,Yes,0,0,0,0
CUST-02800,29,81.94,1789.47,3,24.5,0,6.3,Month-to-month,Credit card,DSL,No,0,0,0,0
CUST-02801,58,168.76,9795.71,3,2.0,1,7.0,Month-to-month,Electronic check,Fiber optic,No,0,0,1,1
CUST-02802,33,107.53,3528.62,0,-2.4,4,7.1,Two year,Electronic check,DSL,No,0,1,1,0
CUST-02803,72,87.1,5928.32,0,-23.9,0,6.6,One year,Bank transfer,Fiber optic,No,0,0,0,0
CUST-02804,5,53.47,435.29,4,-7.9,0,8.3,One year,Electronic check,DSL,No,0,0,0,0
CUST-02805,13,75.28,797.51,2,9.0,4,5.7,Month-to-month,Electronic check,Fiber optic,Yes,0,0,1,1
CUST-02806,70,117.94,8166.54,1,-3.2,1,9.4,Two year,Credit card,DSL,No,0,1,0,0
CUST-02807,21,125.87,3105.47,0,-10.3,2,8.8,Month-to-month,Bank transfer,Fiber optic,No,0,0,0,0
CUST-02808,23,119.39,2998.46,0,8.8,0,8.7,Two year,Credit card,Fiber optic,No,0,1,0,0
CUST-02809,57,99.99,5843.05,4,29.5,0,5.9,Month-to-month,Electronic check,Fiber optic,No,0,1,1,0
CUST-02810,14,42.84,694.95,1,7.1,2,6.9,Month-to-month,Mailed check,Fiber optic,No,1,0,1,0
CUST-02811,37,91.64,3349.51,3,-10.1,1,8.4,Month-to-month,Electronic check,Fiber optic,No,0,0,1,0
CUST-02812,21,43.24,1407.88,1,28.4,0,6.7,Month-to-month,Electronic check,DSL,Yes,0,0,1,0
CUST-02813,15,36.35,745.79,3,-4.4,1,5.8,Two year,Electronic check,DSL,No,0,0,0,0
CUST-02814,70,84.7,5741.61,2,31.7,0,5.8,Month-to-month,Electronic check,DSL,No,0,0,1,0
CUST-02815,15,92.65,1039.72,2,3.8,1,5.9,Two year,Credit card,DSL,No,0,0,0,0
CUST-02816,7,103.29,864.74,1,9.7,0,5.0,One year,Electronic check,Fiber optic,Yes,0,0,1,0
CUST-02817,49,91.92,4490.11,5,33.0,0,10.0,Month-to-month,Electronic check,None,Yes,0,1,0,0
CUST-02818,63,92.88,5494.21,1,-13.6,1,3.6,One year,Credit card,Fiber optic,Yes,0,0,0,0
CUST-02819,10,50.43,611.45,1,-8.8,2,5.3,Two year,Electronic check,Fiber optic,No,0,0,1,0
CUST-02820,51,75.06,3760.8,4,2.8,0,8.2,One year,Credit card,Fiber optic,No,0,0,1,0
CUST-02821,39,35.8,1528.87,2,5.8,0,5.9,Month-to-month,Mailed check,Fiber optic,No,1,0,0,0
CUST-02822,60,21.91,1425.04,2,50.3,1,6.5,Two year,Electronic check,DSL,Yes,0,0,1,0
CUST-02823,10,98.74,835.33,2,-6.2,1,7.8,One year,Electronic check,Fiber optic,No,0,1,0,0
CUST-02824,71,56.91,4198.82,3,-12.9,0,9.0,Two year,Bank transfer,Fiber optic,No,0,0,0,0
CUST-02825,45,102.43,4484.87,3,-7.0,1,6.6,One year,Credit card,Fiber optic,No,0,1,0,0
CUST-02826,61,109.03,6542.61,1,11.7,1,8.8,Month-to-month,Mailed check,Fiber optic,No,0,1,1,0
CUST-02827,27,60.66,1504.75,6,15.9,0,4.0,Month-to-month,Credit card,DSL,No,0,0,0,0
CUST-02828,68,94.53,6710.78,2,-3.3,1,6.0,Two year,Credit card,Fiber optic,No,1,0,0,0
CUST-02829,46,59.49,2666.4,4,8.3,2,8.0,Two year,Bank transfer,Fiber optic,No,0,0,0,0
CUST-02830,10,26.32,606.31,2,39.1,0,10.0,Month-to-month,Credit card,DSL,No,0,0,1,0
CUST-02831,67,81.45,5903.02,3,8.6,2,5.4,Month-to-month,Credit card,DSL,Yes,0,0,0,0
CUST-02832,58,64.82,3574.88,1,13.1,1,5.0,Month-to-month,Electronic check,None,No,0,0,0,0
CUST-02833,22,65.68,714.71,1,38.2,0,7.7,Month-to-month,Credit card,Fiber optic,No,0,0,1,0
CUST-02834,40,133.31,5593.53,2,-3.2,0,7.2,Month-to-month,Credit card,DSL,No,0,0,1,0
CUST-02835,28,35.28,902.35,3,-4.2,1,5.8,Month-to-month,Mailed check,Fiber optic,No,0,1,0,0
CUST-02836,40,88.72,3332.25,3,0.5,1,4.9,Month-to-month,Credit card,DSL,No,0,0,1,0
CUST-02837,70,50.15,3363.32,3,-0.4,1,6.2,Month-to-month,Credit card,DSL,No,0,1,0,0
CUST-02838,65,103.43,6619.25,1,-21.1,0,8.0,Two year,Mailed check,Fiber optic,Yes,0,0,0,0
CUST-02839,16,86.36,1706.06,2,10.2,3,6.5,Month-to-month,Electronic check,DSL,No,0,0,0,1
CUST-02840,70,88.62,6243.38,0,11.5,2,9.2,One year,Bank transfer,Fiber optic,No,0,1,1,0
CUST-02841,32,51.54,1970.18,1,5.0,0,6.9,Month-to-month,Mailed check,Fiber optic,No,1,0,1,0
CUST-02842,51,56.56,3008.12,1,12.0,0,8.2,One year,Credit card,DSL,Yes,0,1,1,0
CUST-02843,56,103.96,5744.45,3,12.1,0,7.6,Two year,Mailed check,Fiber optic,No,0,1,1,0
CUST-02844,35,127.58,4367.71,2,-13.1,2,6.4,Month-to-month,Electronic check,DSL,No,1,0,1,0
CUST-02845,33,91.45,3158.25,2,12.6,0,8.6,Two year,Electronic check,DSL,No,0,0,1,0
CUST-02846,33,52.87,1949.82,0,16.9,0,4.9,Month-to-month,Electronic check,Fiber optic,No,1,0,0,0
CUST-02847,63,87.49,5761.07,0,-17.6,2,6.1,Month-to-month,Electronic check,Fiber optic,Yes,1,1,1,0
CUST-02848,28,145.97,4021.78,3,31.4,2,6.4,Month-to-month,Credit card,Fiber optic,Yes,0,1,0,1
CUST-02849,21,80.87,1742.07,2,-11.8,0,7.8,Month-to-month,Bank transfer,Fiber optic,Yes,0,0,0,0
CUST-02850,27,118.93,3357.12,0,-10.2,2,8.2,Month-to-month,Electronic check,None,Yes,1,1,0,0
CUST-02851,15,57.27,763.06,1,11.2,2,5.6,One year,Credit card,None,No,0,0,1,0
CUST-02852,29,76.82,1944.04,3,16.6,2,5.4,Month-to-month,Credit card,Fiber optic,No,0,1,1,0
CUST-02853,9,95.35,656.58,3,20.4,1,7.2,Two year,Electronic check,Fiber optic,No,0,0,0,0
CUST-02854,7,89.13,563.65,4,17.0,1,4.3,Month-to-month,Bank transfer,DSL,Yes,0,1,1,0
CUST-02855,53,56.54,3162.17,2,-0.3,0,8.9,Month-to-month,Credit card,DSL,Yes,0,0,1,0
CUST-02856,6,55.33,646.72,2,9.7,1,6.7,Month-to-month,Electronic check,DSL,No,0,1,1,0
CUST-02857,41,105.67,3993.46,4,2.9,0,5.0,One year,Credit card,DSL,No,0,0,1,0
CUST-02858,57,111.36,6198.18,2,10.8,0,5.0,Two year,Credit card,Fiber optic,Yes,0,1,0,0
CUST-02859,53,120.34,6288.55,1,9.1,3,7.7,Two year,Credit card,None,Yes,0,0,0,0
CUST-02860,33,128.51,4439.51,0,-0.1,1,7.6,Month-to-month,Electronic check,DSL,No,0,1,0,0
CUST-02861,14,81.77,1012.75,3,2.4,0,5.7,Two year,Credit card,DSL,Yes,0,0,0,0
CUST-02862,68,69.29,4604.29,3,-21.6,0,6.9,Month-to-month,Electronic check,Fiber optic,No,0,0,0,0
CUST-02863,61,115.83,6712.63,1,21.3,0,5.1,Two year,Mailed check,Fiber optic,No,0,0,0,0
CUST-02864,45,97.97,4529.5,1,12.8,0,6.6,Month-to-month,Electronic check,Fiber optic,Yes,0,0,1,0
CUST-02865,7,50.49,313.08,3,-28.9,1,9.8,Month-to-month,Electronic check,None,No,1,0,0,0
CUST-02866,3,49.06,20.0,4,20.7,1,10.0,Month-to-month,Credit card,DSL,No,0,0,1,0
CUST-02867,23,91.77,2045.83,3,7.2,1,6.7,One year,Electronic check,Fiber optic,No,0,1,0,1
CUST-02868,12,73.04,1158.23,4,-7.0,1,7.9,Month-to-month,Electronic check,Fiber optic,Yes,0,1,0,0
CUST-02869,62,77.26,4538.9,0,-8.4,0,7.8,Month-to-month,Electronic check,Fiber optic,Yes,0,0,1,0
CUST-02870,15,108.03,1410.04,1,-3.0,1,4.0,Month-to-month,Credit card,DSL,No,0,0,1,1
CUST-02871,21,99.25,2397.31,0,-6.9,0,5.0,Month-to-month,Bank transfer,None,Yes,0,1,1,0
CUST-02872,71,115.24,8200.98,5,-4.8,0,2.9,One year,Bank transfer,Fiber optic,No,0,0,1,0
CUST-02873,59,23.92,1578.72,0,35.2,0,7.9,Two year,Electronic check,Fiber optic,No,1,0,1,0
CUST-02874,16,85.1,1462.04,1,13.9,0,10.0,Two year,Bank transfer,Fiber optic,No,0,0,0,0
CUST-02875,28,97.45,2719.77,3,40.6,1,9.0,Month-to-month,Bank transfer,DSL,No,0,0,0,1
CUST-02876,38,35.26,1252.81,0,11.6,1,7.2,One year,Electronic check,DSL,No,0,1,1,0
CUST-02877,48,59.66,3071.57,1,17.3,1,6.9,One year,Electronic check,DSL,No,1,0,0,0
CUST-02878,68,54.47,3994.54,4,-6.1,1,6.5,Two year,Credit card,None,No,0,0,0,0
CUST-02879,63,78.61,5223.48,0,5.3,0,9.0,One year,Electronic check,DSL,Yes,0,0,1,0
CUST-02880,71,123.58,8477.81,1,6.7,1,7.5,One year,Mailed check,Fiber optic,Yes,0,1,0,0
CUST-02881,3,134.63,730.12,0,17.9,0,7.2,Month-to-month,Electronic check,Fiber optic,No,1,1,1,1
CUST-02882,18,55.2,904.12,2,7.2,0,5.1,Two year,Electronic check,DSL,Yes,0,1,0,0
CUST-02883,41,92.74,3613.58,0,13.6,3,8.2,One year,Electronic check,DSL,No,0,0,0,0
CUST-02884,4,93.65,332.27,0,13.0,0,6.8,Month-to-month,Credit card,DSL,No,0,0,0,0
CUST-02885,26,88.85,2517.88,1,3.2,1,7.8,One year,Electronic check,DSL,No,0,1,0,0
CUST-02886,12,89.17,1205.16,0,1.5,0,8.9,Month-to-month,Electronic check,Fiber optic,No,0,1,0,0
CUST-02887,68,86.5,5818.15,2,-2.7,1,4.2,Month-to-month,Electronic check,Fiber optic,No,0,1,1,0
CUST-02888,5,125.25,835.67,1,25.3,3,6.6,One year,Electronic check,Fiber optic,No,0,1,0,1
CUST-02889,11,108.87,1232.54,1,3.2,0,6.3,One year,Electronic check,Fiber optic,No,0,0,0,1
CUST-02890,15,48.32,581.56,4,13.3,2,6.1,Two year,Bank transfer,DSL,No,0,0,0,0
CUST-02891,11,100.28,926.07,1,5.5,4,5.1,Two year,Credit card,None,No,0,0,0,1
CUST-02892,41,102.99,4325.15,1,25.0,2,5.8,Month-to-month,Electronic check,DSL,No,0,0,0,0
CUST-02893,27,86.82,2323.51,2,-23.8,1,5.1,Month-to-month,Bank transfer,Fiber optic,Yes,0,0,0,0
CUST-02894,66,109.68,6895.0,1,12.8,1,8.6,Month-to-month,Mailed check,DSL,No,0,1,1,0
CUST-02895,19,83.27,1793.92,2,-12.1,1,7.8,Two year,Credit card,DSL,No,0,1,1,0
CUST-02896,39,83.61,3140.72,0,14.3,0,7.7,Month-to-month,Mailed check,Fiber optic,No,0,0,0,0
CUST-02897,48,81.39,4304.75,3,5.7,2,3.6,Month-to-month,Electronic check,DSL,No,0,0,0,1
CUST-02898,46,21.49,637.79,2,-15.7,1,10.0,One year,Bank transfer,DSL,No,0,1,0,0
CUST-02899,58,75.75,4348.32,2,13.4,0,6.4,Month-to-month,Electronic check,DSL,Yes,0,1,1,0
CUST-02900,15,59.29,714.36,2,11.6,0,10.0,One year,Mailed check,None,No,0,0,1,0
CUST-02901,37,44.78,1413.0,3,4.3,3,8.4,Two year,Mailed check,DSL,No,1,0,0,0
CUST-02902,58,118.15,6731.0,0,6.3,0,6.7,One year,Bank transfer,DSL,No,0,0,1,0
CUST-02903,63,92.12,6246.2,3,10.6,1,10.0,Month-to-month,Electronic check,DSL,No,0,0,0,0
CUST-02904,45,77.16,3508.04,2,26.9,0,8.1,Month-to-month,Bank transfer,DSL,Yes,0,0,0,0
CUST-02905,47,62.19,2725.0,1,3.0,0,6.7,Month-to-month,Mailed check,Fiber optic,No,0,0,0,0
CUST-02906,63,86.29,4979.11,1,24.2,2,6.4,Month-to-month,Bank transfer,Fiber optic,Yes,0,0,0,1
CUST-02907,45,105.76,4328.86,2,7.4,1,9.0,Month-to-month,Credit card,DSL,No,0,0,0,1
CUST-02908,69,54.84,3649.84,3,28.7,1,6.1,Month-to-month,Credit card,Fiber optic,No,0,0,0,0
CUST-02909,10,77.86,620.18,0,4.2,1,6.4,One year,Electronic check,None,No,0,1,0,1
CUST-02910,26,102.31,2604.05,5,-2.7,2,6.0,Month-to-month,Credit card,Fiber optic,Yes,0,0,0,0
CUST-02911,9,23.79,20.0,1,-9.6,0,5.7,Month-to-month,Electronic check,DSL,No,0,0,0,0
CUST-02912,7,76.39,511.81,1,7.5,1,5.8,Month-to-month,Mailed check,Fiber optic,Yes,0,0,1,0
CUST-02913,34,65.98,2500.25,6,-4.7,0,10.0,Month-to-month,Electronic check,DSL,No,0,0,0,0
CUST-02914,17,74.25,1667.96,1,30.5,1,8.9,One year,Bank transfer,DSL,No,0,0,1,0
CUST-02915,30,63.95,1444.89,0,-5.9,1,7.5,Month-to-month,Electronic check,Fiber optic,Yes,0,0,1,0
CUST-02916,32,81.85,2418.85,3,-3.0,0,6.1,Month-to-month,Electronic check,Fiber optic,No,0,0,1,0
CUST-02917,45,131.86,5720.14,2,17.3,0,6.1,One year,Credit card,DSL,No,0,0,1,0
CUST-02918,69,68.93,4792.6,1,27.0,0,6.4,One year,Credit card,Fiber optic,No,0,0,1,0
CUST-02919,62,86.17,5037.6,2,19.7,1,10.0,Two year,Mailed check,Fiber optic,No,0,1,1,0
CUST-02920,28,133.85,4168.37,1,24.9,1,7.6,One year,Bank transfer,Fiber optic,No,1,1,0,1
CUST-02921,24,62.6,1513.28,3,6.7,1,8.4,One year,Electronic check,DSL,Yes,0,0,0,0
CUST-02922,56,128.81,7182.57,1,6.9,0,7.5,Two year,Electronic check,Fiber optic,Yes,0,1,0,0
CUST-02923,9,78.15,1101.53,3,40.2,1,5.5,Two year,Bank transfer,Fiber optic,Yes,0,1,0,0
CUST-02924,39,127.89,4983.7,2,35.0,1,7.3,Two year,Electronic check,Fiber optic,Yes,1,0,0,1
CUST-02925,31,99.01,3169.39,5,19.4,1,5.2,One year,Bank transfer,DSL,Yes,0,1,1,0
CUST-02926,14,86.6,1024.7,2,25.7,1,9.3,Two year,Electronic check,Fiber optic,Yes,0,0,1,0
CUST-02927,45,76.16,3084.57,2,21.7,0,5.8,Month-to-month,Mailed check,Fiber optic,No,0,0,0,0
CUST-02928,24,60.53,1300.13,0,-11.3,2,6.1,Two year,Electronic check,Fiber optic,Yes,1,0,0,0
CUST-02929,14,80.12,1668.42,2,7.4,0,8.6,Month-to-month,Credit card,Fiber optic,Yes,1,0,1,0
CUST-02930,48,103.13,5108.5,4,31.9,2,5.8,Month-to-month,Bank transfer,DSL,No,0,0,0,0
CUST-02931,13,77.63,1077.82,2,19.5,0,6.7,Month-to-month,Bank transfer,DSL,Yes,0,0,0,0
CUST-02932,49,69.13,3143.28,4,7.0,1,2.4,One year,Credit card,DSL,Yes,1,0,1,0
CUST-02933,12,70.98,1079.57,2,32.1,0,6.5,Month-to-month,Mailed check,DSL,No,0,0,1,0
CUST-02934,32,105.79,3045.86,4,13.9,0,8.2,One year,Credit card,Fiber optic,No,0,0,0,0
CUST-02935,59,112.3,6233.94,2,20.1,1,6.0,Month-to-month,Electronic check,Fiber optic,Yes,0,0,1,1
CUST-02936,17,59.32,868.72,2,14.0,0,8.1,Month-to-month,Electronic check,DSL,No,0,0,0,0
CUST-02937,56,59.28,3808.3,2,16.7,0,7.1,Two year,Credit card,DSL,Yes,0,1,1,0
CUST-02938,52,88.62,5082.71,2,17.8,0,9.1,Month-to-month,Bank transfer,None,No,1,0,0,0
CUST-02939,65,120.77,7737.24,6,28.8,1,5.8,One year,Credit card,None,Yes,0,1,0,1
CUST-02940,13,110.09,1262.62,2,30.9,0,6.7,Two year,Bank transfer,DSL,No,0,1,0,0
CUST-02941,52,42.95,1823.31,2,0.8,3,4.5,Month-to-month,Credit card,Fiber optic,No,0,0,0,0
CUST-02942,68,70.61,4820.99,2,13.7,1,6.9,Month-to-month,Bank transfer,None,Yes,0,0,0,0
CUST-02943,55,51.94,2897.2,1,28.3,1,6.3,Month-to-month,Bank transfer,Fiber optic,No,0,1,0,0
CUST-02944,14,70.51,1184.53,3,5.9,0,8.8,Month-to-month,Mailed check,Fiber optic,No,0,0,1,0
CUST-02945,60,122.92,7602.88,0,-12.9,0,6.0,One year,Bank transfer,DSL,Yes,0,0,1,0
CUST-02946,8,38.17,256.0,1,-6.5,1,6.3,Month-to-month,Electronic check,DSL,No,1,1,0,0
CUST-02947,43,32.67,1543.82,2,-5.4,1,5.9,Month-to-month,Bank transfer,Fiber optic,Yes,0,0,0,0
CUST-02948,36,54.8,1797.64,0,0.7,3,7.1,One year,Electronic check,DSL,Yes,0,0,0,0
CUST-02949,39,86.04,3489.82,2,-3.9,1,10.0,One year,Electronic check,DSL,No,0,0,0,0
CUST-02950,38,95.38,3497.63,1,24.5,0,1.0,Month-to-month,Credit card,Fiber optic,No,0,1,0,0
CUST-02951,3,90.25,385.61,3,3.6,0,7.0,Month-to-month,Electronic check,DSL,No,0,0,0,1
CUST-02952,37,110.92,4198.67,2,28.2,1,9.2,Month-to-month,Bank transfer,Fiber optic,No,0,1,1,0
CUST-02953,68,28.63,1964.04,0,-10.1,0,6.2,Month-to-month,Credit card,Fiber optic,No,0,0,1,0
CUST-02954,32,111.27,3759.27,1,2.3,0,8.0,Month-to-month,Electronic check,Fiber optic,No,0,1,1,0
CUST-02955,20,69.26,992.6,1,9.7,1,9.2,One year,Electronic check,DSL,Yes,1,0,0,0
CUST-02956,72,98.48,6824.33,2,21.0,1,6.6,Two year,Credit card,Fiber optic,No,0,1,1,0
CUST-02957,8,40.94,260.01,0,26.3,1,5.9,Month-to-month,Mailed check,DSL,No,0,1,1,0
CUST-02958,36,78.14,2452.22,1,-0.6,0,8.8,Month-to-month,Electronic check,DSL,Yes,1,0,1,0
CUST-02959,37,84.62,3029.22,2,23.9,1,8.0,Month-to-month,Electronic check,Fiber optic,No,0,0,0,0
CUST-02960,35,110.36,3768.94,3,-18.9,1,7.0,One year,Mailed check,DSL,Yes,0,1,0,0
CUST-02961,67,33.61,2579.29,2,21.9,1,8.2,One year,Credit card,Fiber optic,No,0,0,0,0
CUST-02962,31,78.86,2480.29,5,-13.5,1,8.8,One year,Mailed check,DSL,No,1,0,0,0
CUST-02963,71,47.61,3637.67,1,15.1,0,7.0,Month-to-month,Electronic check,DSL,No,0,0,1,0
CUST-02964,5,92.15,536.17,4,26.1,0,7.6,Month-to-month,Mailed check,None,No,0,0,1,0
CUST-02965,53,99.76,5153.36,1,22.2,0,8.0,Two year,Credit card,DSL,Yes,0,0,0,0
CUST-02966,43,114.04,4937.15,1,-18.2,0,6.3,Month-to-month,Electronic check,None,No,0,0,0,0
CUST-02967,18,63.02,1316.72,0,0.8,2,9.2,Month-to-month,Credit card,Fiber optic,Yes,0,0,0,0
CUST-02968,17,103.96,2065.67,3,19.5,3,5.2,One year,Electronic check,Fiber optic,Yes,0,1,0,1
CUST-02969,52,116.11,6004.64,0,19.0,0,6.9,One year,Bank transfer,DSL,No,0,0,0,0
CUST-02970,46,31.99,1059.66,2,12.4,2,8.5,Month-to-month,Credit card,DSL,No,0,0,0,0
CUST-02971,45,95.15,3852.3,1,-27.2,0,5.2,One year,Electronic check,Fiber optic,No,0,0,0,0
CUST-02972,4,104.84,337.76,1,27.2,0,8.7,Month-to-month,Mailed check,Fiber optic,Yes,0,0,1,1
CUST-02973,44,70.76,2528.96,2,30.0,0,7.4,Two year,Mailed check,DSL,No,0,0,0,1
CUST-02974,71,44.1,3579.88,1,10.6,0,9.5,One year,Mailed check,DSL,No,0,0,0,0
CUST-02975,2,104.4,358.03,4,11.7,1,8.2,One year,Electronic check,DSL,No,0,0,1,0
CUST-02976,34,44.41,1351.02,1,16.0,1,6.8,Month-to-month,Credit card,Fiber optic,Yes,0,0,1,0
CUST-02977,36,73.01,2350.95,2,31.4,0,7.5,Month-to-month,Mailed check,Fiber optic,Yes,0,1,0,0
CUST-02978,65,76.88,5254.23,3,12.0,0,7.6,One year,Electronic check,None,No,0,0,1,0
CUST-02979,21,98.04,1780.43,1,4.9,0,10.0,Month-to-month,Credit card,Fiber optic,Yes,0,0,0,0
CUST-02980,35,60.45,1861.19,4,14.1,1,7.3,Month-to-month,Electronic check,DSL,Yes,0,0,0,0
CUST-02981,52,58.83,2867.67,1,7.8,0,6.9,Two year,Credit card,None,No,0,0,1,0
CUST-02982,5,80.77,432.37,0,8.0,1,6.7,Two year,Credit card,None,No,1,0,1,0
CUST-02983,58,106.18,6313.64,2,-20.3,0,7.4,Two year,Mailed check,Fiber optic,No,0,0,0,0
CUST-02984,60,142.05,8821.17,3,16.4,1,5.1,Month-to-month,Bank transfer,DSL,Yes,0,1,0,0
CUST-02985,52,35.79,2122.32,1,26.7,0,6.4,Month-to-month,Credit card,DSL,Yes,0,0,0,0
CUST-02986,47,86.83,4081.2,3,24.3,0,5.3,Month-to-month,Electronic check,Fiber optic,Yes,0,0,0,0
CUST-02987,54,47.58,2824.45,1,23.2,1,5.5,One year,Credit card,Fiber optic,Yes,0,0,0,0
CUST-02988,57,106.53,5904.46,1,7.2,1,8.5,Two year,Mailed check,Fiber optic,Yes,0,0,0,0
CUST-02989,66,51.72,2958.3,0,10.3,0,7.1,Month-to-month,Credit card,Fiber optic,Yes,0,0,0,0
CUST-02990,31,59.11,1664.63,1,27.1,1,5.8,Month-to-month,Mailed check,Fiber optic,Yes,0,0,1,0
CUST-02991,33,61.5,1827.93,3,21.9,1,6.8,Two year,Credit card,Fiber optic,Yes,0,0,0,0
CUST-02992,46,75.87,3332.02,1,31.8,0,6.7,Month-to-month,Bank transfer,DSL,No,1,0,1,0
CUST-02993,14,87.05,978.86,1,-2.8,1,7.2,Month-to-month,Mailed check,DSL,No,0,0,0,0
CUST-02994,62,91.54,5560.2,1,-2.9,2,4.4,Two year,Electronic check,DSL,No,0,1,0,0
CUST-02995,56,77.84,4514.04,1,2.7,0,5.1,Month-to-month,Credit card,DSL,No,0,0,1,0
CUST-02996,46,40.76,2303.77,2,-7.1,0,4.5,One year,Credit card,Fiber optic,No,0,0,0,0
CUST-02997,22,98.38,1733.02,1,-13.1,0,5.5,Two year,Credit card,DSL,No,0,0,1,0
CUST-02998,26,76.52,1667.59,2,15.5,0,5.8,Two year,Bank transfer,Fiber optic,No,0,0,0,0
CUST-02999,32,110.53,3339.1,5,14.4,0,5.2,Month-to-month,Bank transfer,Fiber optic,Yes,1,1,0,1
CUST-03000,48,58.18,2984.08,1,11.9,1,8.5,One year,Electronic check,DSL,No,1,0,1,0
CUST-03001,57,33.14,1837.74,1,13.7,0,10.0,One year,Mailed check,None,Yes,0,0,0,0
CUST-03002,49,77.05,3594.42,3,-15.4,0,8.6,Two year,Bank transfer,Fiber optic,No,0,0,1,0
CUST-03003,67,114.29,7836.61,0,0.3,1,6.1,Month-to-month,Bank transfer,DSL,Yes,0,0,0,0
CUST-03004,70,82.51,6014.8,4,3.3,3,7.5,One year,Electronic check,Fiber optic,Yes,0,0,1,0
CUST-03005,51,72.41,3688.22,2,8.8,1,7.0,Two year,Credit card,DSL,No,0,0,0,0
CUST-03006,27,53.63,1243.96,1,-15.4,1,6.0,Month-to-month,Bank transfer,Fiber optic,Yes,1,0,0,0
CUST-03007,44,127.22,5665.25,1,-6.8,0,9.5,One year,Credit card,DSL,No,0,0,0,0
CUST-03008,31,49.17,1465.95,2,1.0,2,10.0,Month-to-month,Credit card,Fiber optic,No,1,0,1,0
CUST-03009,46,57.69,2593.49,3,24.9,0,4.5,Month-to-month,Credit card,Fiber optic,No,0,1,1,0
CUST-03010,59,93.96,5415.54,1,12.2,0,9.7,Month-to-month,Electronic check,DSL,Yes,0,0,0,0
CUST-03011,27,26.03,934.06,2,24.3,2,6.0,Month-to-month,Credit card,DSL,No,0,1,0,0
CUST-03012,37,113.69,4269.0,1,6.0,0,6.6,Month-to-month,Bank transfer,DSL,Yes,0,0,0,0
CUST-03013,4,95.48,640.85,0,8.0,0,7.6,One year,Electronic check,None,Yes,0,0,1,1
CUST-03014,54,103.18,5905.8,1,16.0,1,9.9,Month-to-month,Electronic check,Fiber optic,No,0,1,0,1
CUST-03015,36,93.63,3485.43,1,5.2,1,7.6,Month-to-month,Credit card,DSL,Yes,1,0,1,0
CUST-03016,34,73.49,2372.04,2,-2.0,0,7.8,Month-to-month,Mailed check,Fiber optic,No,0,1,1,0
CUST-03017,39,48.23,2141.05,2,-15.8,0,8.6,One year,Credit card,Fiber optic,No,1,0,0,0
CUST-03018,16,74.08,1301.7,1,-1.6,0,8.9,Month-to-month,Mailed check,DSL,No,0,1,1,0
CUST-03019,44,50.69,2881.2,1,21.4,1,8.0,One year,Bank transfer,None,No,0,1,1,0
CUST-03020,54,91.61,5024.47,2,28.2,1,8.9,Two year,Bank transfer,Fiber optic,Yes,0,0,0,0
CUST-03021,26,100.59,2789.76,2,-4.4,1,6.0,One year,Credit card,DSL,No,0,0,0,0
CUST-03022,10,119.35,1266.11,2,-19.7,0,4.0,One year,Bank transfer,DSL,No,0,1,1,0
CUST-03023,28,88.41,2450.71,3,22.8,0,10.0,One year,Credit card,Fiber optic,Yes,0,0,0,1
CUST-03024,15,103.89,1493.65,0,9.1,0,5.2,One year,Credit card,DSL,No,0,0,0,0
CUST-03025,27,69.68,1954.92,2,-13.6,0,6.1,Month-to-month,Electronic check,DSL,No,0,0,0,0
CUST-03026,46,64.61,3102.35,2,-35.0,0,6.5,Month-to-month,Electronic check,Fiber optic,Yes,0,0,1,0
CUST-03027,9,91.26,1109.94,1,-7.4,1,6.2,Two year,Electronic check,DSL,No,0,0,1,0
CUST-03028,54,67.18,3704.93,2,0.6,2,5.8,Two year,Electronic check,None,No,0,0,1,0
CUST-03029,17,85.54,1338.46,2,-10.4,1,7.9,One year,Bank transfer,DSL,No,0,0,0,0
CUST-03030,65,48.29,3057.14,3,19.1,1,8.0,One year,Electronic check,Fiber optic,Yes,0,0,0,0
CUST-03031,53,53.31,2494.7,1,-5.0,0,8.2,One year,Electronic check,Fiber optic,Yes,0,1,1,0
CUST-03032,20,95.79,2331.1,1,8.2,1,8.1,Month-to-month,Electronic check,Fiber optic,No,0,0,1,0
CUST-03033,41,102.83,4080.74,4,46.0,0,6.3,Month-to-month,Credit card,Fiber optic,Yes,0,0,0,1
CUST-03034,8,50.4,645.06,1,9.9,0,6.3,Month-to-month,Credit card,Fiber optic,Yes,0,0,1,0
CUST-03035,8,96.78,843.38,2,6.2,2,9.1,One year,Bank transfer,DSL,No,0,1,1,0
CUST-03036,69,63.08,4428.45,3,6.5,0,6.2,One year,Credit card,DSL,No,0,1,1,0
CUST-03037,58,78.46,4521.32,0,18.7,1,6.1,Month-to-month,Credit card,DSL,Yes,0,0,0,0
CUST-03038,12,117.67,1215.09,3,16.7,0,8.8,Month-to-month,Credit card,DSL,No,1,1,1,1
CUST-03039,21,100.61,1870.68,2,-8.1,0,7.1,Two year,Mailed check,Fiber optic,Yes,1,0,0,1
CUST-03040,15,100.28,1936.32,3,1.4,1,6.2,One year,Credit card,None,No,1,0,1,0
CUST-03041,29,131.45,3840.54,2,-2.7,0,6.2,Two year,Bank transfer,None,No,0,0,1,0
CUST-03042,21,58.29,1505.41,5,3.5,0,9.1,Month-to-month,Mailed check,Fiber optic,Yes,0,0,1,0
CUST-03043,24,50.4,1555.83,3,37.2,1,8.2,Month-to-month,Credit card,Fiber optic,No,0,0,0,0
CUST-03044,39,57.78,2150.71,4,17.9,1,7.5,One year,Bank transfer,DSL,No,0,0,0,0
CUST-03045,14,70.87,1098.06,1,6.7,0,5.0,Month-to-month,Credit card,DSL,No,0,0,0,0
CUST-03046,64,20.0,1291.25,4,27.9,0,7.5,Month-to-month,Electronic check,None,Yes,0,1,0,0
CUST-03047,53,72.19,3536.77,1,11.0,0,6.7,Month-to-month,Credit card,Fiber optic,No,0,0,0,0
CUST-03048,55,62.75,3404.88,6,-18.2,2,5.5,One year,Credit card,DSL,No,0,1,1,0
CUST-03049,13,99.95,1446.23,2,34.6,3,6.0,Month-to-month,Credit card,DSL,Yes,1,0,0,1
CUST-03050,51,87.87,4356.61,4,5.5,2,8.4,Month-to-month,Electronic check,DSL,No,0,0,0,0
CUST-03051,61,61.18,3650.77,2,-28.1,2,9.3,Month-to-month,Bank transfer,Fiber optic,No,0,1,1,0
CUST-03052,13,94.52,1185.42,0,-17.6,1,5.2,Month-to-month,Credit card,DSL,No,0,1,0,0
CUST-03053,55,98.25,5931.63,3,26.0,0,5.4,One year,Bank transfer,Fiber optic,Yes,0,0,1,0
CUST-03054,26,56.48,1009.97,0,-17.3,0,8.3,Two year,Mailed check,Fiber optic,Yes,0,0,0,0
CUST-03055,57,64.2,3784.81,2,29.6,3,6.4,Month-to-month,Electronic check,DSL,No,0,0,1,0
CUST-03056,35,20.0,636.67,0,9.3,1,8.1,One year,Credit card,Fiber optic,No,0,1,0,0
CUST-03057,58,47.46,2592.52,0,19.4,3,6.3,Month-to-month,Electronic check,Fiber optic,No,1,0,0,0
CUST-03058,11,57.21,559.84,5,3.9,1,8.1,One year,Credit card,Fiber optic,Yes,0,0,1,0
CUST-03059,29,80.08,2489.16,1,16.4,1,4.6,Two year,Mailed check,DSL,Yes,0,1,1,0
CUST-03060,20,51.53,1211.73,4,13.1,0,8.1,Month-to-month,Bank transfer,Fiber optic,No,0,0,0,0
CUST-03061,18,63.62,1191.66,3,7.4,1,3.3,Two year,Bank transfer,None,Yes,0,0,0,0
CUST-03062,23,43.69,1278.06,4,-9.0,1,8.8,Month-to-month,Credit card,DSL,Yes,0,0,0,0
CUST-03063,28,82.79,2635.33,1,13.7,0,7.0,Two year,Bank transfer,None,No,0,0,1,0
CUST-03064,10,89.92,1103.29,2,-21.1,0,7.9,One year,Bank transfer,Fiber optic,Yes,0,0,0,0
CUST-03065,51,89.27,4416.22,1,22.9,0,7.5,Month-to-month,Electronic check,DSL,No,0,0,0,0
CUST-03066,40,78.35,3257.61,2,11.2,0,4.0,One year,Bank transfer,None,No,1,0,1,0
CUST-03067,60,34.85,2215.8,0,15.4,1,9.6,Month-to-month,Credit card,None,Yes,0,0,0,0
CUST-03068,51,60.64,2888.73,1,-33.9,0,7.7,Two year,Bank transfer,DSL,No,0,0,0,0
CUST-03069,11,66.6,340.24,0,-10.0,2,8.5,Month-to-month,Electronic check,None,No,0,0,0,0
CUST-03070,6,66.71,20.0,2,-0.1,1,5.7,One year,Electronic check,Fiber optic,No,0,1,1,0
CUST-03071,31,80.1,2500.56,3,18.8,0,7.5,Month-to-month,Electronic check,Fiber optic,No,0,0,0,0
CUST-03072,35,117.92,4201.71,0,-7.1,0,4.7,Month-to-month,Credit card,DSL,Yes,0,0,1,0
CUST-03073,18,100.74,1517.87,0,48.8,0,7.4,Two year,Mailed check,Fiber optic,No,1,1,0,0
CUST-03074,57,50.35,3131.46,3,3.8,1,5.4,One year,Bank transfer,None,No,1,0,0,0
CUST-03075,42,97.0,4112.05,5,-8.3,1,10.0,Month-to-month,Credit card,Fiber optic,Yes,0,0,0,0
CUST-03076,54,95.93,5517.58,5,5.0,0,8.2,Two year,Electronic check,Fiber optic,No,0,0,1,1
CUST-03077,8,55.43,536.07,2,-7.2,0,9.5,Two year,Credit card,Fiber optic,No,0,0,0,0
CUST-03078,59,101.77,5737.85,1,-10.9,1,6.7,Two year,Electronic check,DSL,Yes,0,0,0,0
CUST-03079,15,73.51,1217.22,2,24.2,1,7.8,Month-to-month,Electronic check,Fiber optic,No,0,0,0,0
CUST-03080,33,38.52,1438.69,2,16.2,0,8.7,Two year,Electronic check,DSL,Yes,0,1,0,0
CUST-03081,32,90.75,2767.09,1,16.3,2,5.2,Month-to-month,Bank transfer,None,Yes,0,0,0,0
CUST-03082,60,84.07,4683.68,2,28.4,0,5.9,One year,Credit card,DSL,No,1,0,0,0
CUST-03083,20,71.63,1457.67,1,15.8,2,8.9,Two year,Electronic check,Fiber optic,No,0,0,0,0
CUST-03084,18,76.95,1134.89,0,-9.1,0,6.7,Month-to-month,Bank transfer,Fiber optic,No,0,0,1,0
CUST-03085,25,57.87,1726.97,1,19.3,2,5.8,Month-to-month,Credit card,Fiber optic,No,1,0,0,1
CUST-03086,26,95.08,2370.29,3,-10.0,1,6.0,Two year,Credit card,Fiber optic,No,0,0,1,0
CUST-03087,14,76.78,1506.07,3,0.4,0,4.9,Month-to-month,Electronic check,DSL,No,0,1,0,0
CUST-03088,13,82.66,543.54,0,7.3,1,3.6,Month-to-month,Electronic check,Fiber optic,No,0,0,0,0
CUST-03089,17,88.0,1529.7,6,5.6,0,4.0,Month-to-month,Credit card,Fiber optic,Yes,1,0,1,1
CUST-03090,34,45.67,1910.13,0,-20.7,2,7.2,One year,Credit card,DSL,No,0,1,0,0
CUST-03091,25,52.96,1101.42,0,-7.5,0,8.3,Month-to-month,Bank transfer,DSL,No,0,0,1,0
CUST-03092,29,20.0,540.2,3,7.6,0,10.0,Month-to-month,Bank transfer,DSL,No,0,1,1,0
CUST-03093,52,93.81,4777.36,1,-1.8,0,7.0,Two year,Bank transfer,DSL,No,0,0,0,0
CUST-03094,18,44.06,622.14,2,26.0,1,4.8,One year,Bank transfer,DSL,No,0,0,0,0
CUST-03095,66,81.71,5454.02,3,28.8,1,7.0,One year,Credit card,DSL,Yes,0,0,0,0
CUST-03096,55,88.39,4537.59,1,-9.9,1,8.4,Month-to-month,Mailed check,Fiber optic,Yes,0,0,1,0
CUST-03097,13,94.87,1205.57,1,9.0,3,9.0,Two year,Credit card,Fiber optic,Yes,1,0,0,0
CUST-03098,23,44.29,1147.67,1,33.3,1,8.8,Month-to-month,Electronic check,DSL,No,0,0,1,0
CUST-03099,14,76.18,1012.75,2,5.9,1,8.1,Two year,Mailed check,Fiber optic,Yes,0,0,1,0
CUST-03100,20,124.77,2245.35,1,1.5,0,7.3,Month-to-month,Electronic check,None,Yes,0,1,0,0
CUST-03101,27,126.0,3659.55,3,21.8,1,8.4,Two year,Mailed check,Fiber optic,No,0,1,0,1
CUST-03102,10,105.65,1239.06,1,3.6,1,5.0,Two year,Bank transfer,DSL,No,0,0,1,0
CUST-03103,2,87.45,20.0,3,28.3,0,3.5,Month-to-month,Credit card,None,Yes,0,0,0,0
CUST-03104,32,49.86,1271.99,1,-1.5,2,10.0,Month-to-month,Bank transfer,Fiber optic,Yes,1,0,0,0
CUST-03105,51,98.12,4766.14,2,0.4,0,7.0,Month-to-month,Bank transfer,DSL,No,0,0,1,0
CUST-03106,22,73.58,1755.08,1,20.6,1,8.1,Month-to-month,Electronic check,Fiber optic,Yes,0,0,1,0
CUST-03107,62,93.69,5877.67,3,9.6,0,2.1,Month-to-month,Electronic check,DSL,Yes,0,0,0,0
CUST-03108,27,60.28,1825.08,3,9.7,0,9.9,Month-to-month,Electronic check,DSL,No,0,0,0,0
CUST-03109,65,73.16,4673.86,3,-22.5,1,9.2,Month-to-month,Electronic check,None,No,0,0,1,0
CUST-03110,17,82.6,1173.02,4,2.3,3,4.3,Month-to-month,Bank transfer,Fiber optic,No,0,1,0,0
CUST-03111,39,84.9,3540.81,7,21.8,0,6.5,Month-to-month,Credit card,DSL,No,0,1,0,1
CUST-03112,55,91.82,4911.74,4,-4.5,1,7.6,One year,Electronic check,DSL,Yes,0,1,0,0
CUST-03113,5,61.78,355.54,2,19.2,0,4.8,Month-to-month,Credit card,Fiber optic,No,0,0,0,0
CUST-03114,67,40.39,2318.65,1,12.3,0,8.0,Month-to-month,Electronic check,None,Yes,0,0,0,0
CUST-03115,27,123.49,3191.78,1,4.8,0,9.0,Month-to-month,Credit card,DSL,Yes,1,0,1,1
CUST-03116,36,147.7,5569.55,0,29.7,0,7.7,Month-to-month,Credit card,DSL,Yes,0,0,1,0
CUST-03117,46,90.53,3985.31,2,2.6,0,4.3,Month-to-month,Credit card,Fiber optic,No,1,0,0,0
CUST-03118,47,40.93,2127.34,0,3.7,0,5.2,Month-to-month,Electronic check,Fiber optic,No,0,1,0,0
CUST-03119,2,56.35,20.0,1,4.6,1,6.9,Month-to-month,Electronic check,Fiber optic,No,0,1,1,0
CUST-03120,63,92.26,5672.53,3,9.3,2,6.7,Month-to-month,Electronic check,Fiber optic,No,0,1,0,0
CUST-03121,45,115.55,5156.91,0,20.3,2,6.7,Month-to-month,Mailed check,DSL,Yes,0,0,1,0
CUST-03122,72,44.04,3606.52,2,-15.6,0,6.6,One year,Bank transfer,Fiber optic,No,0,0,1,0
CUST-03123,34,74.52,2241.41,0,21.9,2,3.9,Two year,Credit card,Fiber optic,Yes,0,1,0,0
CUST-03124,45,83.49,3924.8,1,9.1,3,8.6,One year,Electronic check,Fiber optic,Yes,0,0,1,0
CUST-03125,32,102.21,3534.95,0,16.9,1,8.2,Month-to-month,Bank transfer,Fiber optic,Yes,0,0,0,0
CUST-03126,65,68.38,4264.33,2,46.3,0,8.0,Month-to-month,Bank transfer,Fiber optic,Yes,0,0,0,0
CUST-03127,60,34.21,1959.22,1,-0.2,0,7.9,One year,Electronic check,Fiber optic,No,0,0,1,0
CUST-03128,66,95.39,6331.15,2,-11.6,0,6.6,One year,Bank transfer,DSL,No,0,0,1,0
CUST-03129,37,109.49,3680.76,4,11.1,1,6.0,Month-to-month,Electronic check,Fiber optic,No,0,0,0,0
CUST-03130,57,75.69,4200.55,2,13.6,1,5.3,One year,Electronic check,Fiber optic,No,0,1,1,0
CUST-03131,26,89.35,2642.13,2,21.9,3,9.9,Month-to-month,Bank transfer,DSL,No,0,0,0,0
CUST-03132,34,64.71,2330.8,2,-0.6,0,7.1,Month-to-month,Credit card,Fiber optic,No,0,0,1,0
CUST-03133,55,54.32,2948.41,4,-5.3,1,4.1,One year,Electronic check,Fiber optic,No,1,0,0,0
CUST-03134,6,106.74,668.71,2,-16.5,1,7.0,Two year,Electronic check,None,Yes,0,0,0,0
CUST-03135,52,88.85,4765.43,3,-13.9,0,3.3,Two year,Electronic check,Fiber optic,No,1,0,0,0
CUST-03136,2,91.73,376.56,0,1.3,0,7.5,Two year,Credit card,None,No,0,0,1,0
CUST-03137,42,120.06,4903.42,2,6.1,0,7.4,Month-to-month,Electronic check,None,No,0,0,0,0
CUST-03138,35,48.46,2079.78,2,41.0,1,6.1,Month-to-month,Credit card,None,Yes,0,0,0,0
CUST-03139,34,62.54,2455.45,2,-19.1,1,5.4,Month-to-month,Electronic check,DSL,No,0,0,0,0
CUST-03140,36,82.42,3136.43,2,13.4,0,8.1,Month-to-month,Electronic check,DSL,No,0,1,0,0
CUST-03141,36,62.2,2028.46,4,-3.6,1,7.0,One year,Bank transfer,Fiber optic,Yes,1,1,0,0
CUST-03142,30,99.93,2742.84,0,11.6,2,3.6,Month-to-month,Bank transfer,Fiber optic,Yes,1,1,0,0
CUST-03143,33,72.75,2319.1,1,-0.9,0,9.3,Month-to-month,Bank transfer,DSL,No,0,1,0,0
CUST-03144,41,50.21,2073.8,1,24.6,2,5.4,Two year,Bank transfer,DSL,Yes,0,0,1,0
CUST-03145,55,79.84,3949.08,1,24.5,0,4.7,Month-to-month,Mailed check,DSL,Yes,0,0,0,0
CUST-03146,40,82.77,3434.47,2,6.2,0,9.5,Month-to-month,Credit card,Fiber optic,Yes,0,1,1,0
CUST-03147,47,104.17,5217.86,1,31.0,1,9.0,Two year,Mailed check,Fiber optic,Yes,1,1,1,0
CUST-03148,61,89.01,5573.73,0,20.2,0,6.3,Month-to-month,Mailed check,DSL,Yes,0,1,0,0
CUST-03149,72,90.91,6376.51,3,30.3,0,4.8,Two year,Bank transfer,DSL,No,0,0,0,0
CUST-03150,8,86.97,497.16,2,7.3,1,5.5,Month-to-month,Credit card,Fiber optic,No,0,0,1,1
CUST-03151,52,72.73,3856.92,0,23.2,0,6.3,Month-to-month,Bank transfer,Fiber optic,No,0,0,1,0
CUST-03152,17,57.95,946.82,0,-4.3,1,9.3,Month-to-month,Credit card,DSL,No,0,0,0,0
CUST-03153,15,86.09,1402.11,2,-5.9,0,9.4,Month-to-month,Credit card,DSL,Yes,0,0,0,0
CUST-03154,58,68.67,4133.29,0,42.9,0,7.4,Month-to-month,Credit card,Fiber optic,No,0,1,1,0
CUST-03155,5,125.32,899.57,0,-9.4,0,8.3,One year,Bank transfer,DSL,No,1,1,1,0
CUST-03156,62,115.58,6882.93,4,1.0,0,6.7,Month-to-month,Electronic check,Fiber optic,No,0,0,1,0
CUST-03157,56,95.72,5415.72,2,-22.4,0,5.5,Month-to-month,Mailed check,DSL,Yes,0,1,0,0
CUST-03158,72,88.6,6288.33,2,-5.5,0,4.4,Month-to-month,Electronic check,DSL,No,1,0,0,0
CUST-03159,49,75.54,3676.8,3,-7.9,2,7.7,One year,Electronic check,Fiber optic,No,1,0,0,0
CUST-03160,63,42.69,2905.57,1,-2.7,1,8.7,Month-to-month,Electronic check,Fiber optic,Yes,0,0,0,0
CUST-03161,9,71.95,890.83,0,12.8,1,6.2,Month-to-month,Credit card,DSL,Yes,1,0,0,0
CUST-03162,65,80.84,5604.21,1,16.7,0,9.2,Two year,Electronic check,DSL,No,0,0,0,0
CUST-03163,12,84.42,1119.44,3,-8.1,0,6.4,Two year,Mailed check,Fiber optic,No,0,0,1,0
CUST-03164,23,91.15,2068.95,3,-4.6,0,7.3,Month-to-month,Credit card,DSL,Yes,0,1,0,0
CUST-03165,10,103.8,974.78,1,25.3,0,6.7,Month-to-month,Credit card,Fiber optic,Yes,0,0,0,0
CUST-03166,29,58.62,1266.29,1,35.3,0,9.3,One year,Electronic check,None,No,0,1,0,0
CUST-03167,54,58.87,3513.91,2,28.1,1,8.0,Month-to-month,Bank transfer,DSL,No,0,0,0,0
CUST-03168,20,118.62,2291.93,1,-18.3,0,7.0,Two year,Credit card,DSL,No,0,0,0,0
CUST-03169,60,99.59,6101.87,3,27.0,1,7.2,Month-to-month,Electronic check,Fiber optic,No,0,1,0,0
CUST-03170,44,67.06,3120.39,0,37.7,0,5.0,Month-to-month,Bank transfer,Fiber optic,Yes,0,0,0,0
CUST-03171,46,75.0,3138.67,1,-19.1,1,3.1,Month-to-month,Credit card,Fiber optic,Yes,1,0,0,0
CUST-03172,68,75.12,4877.32,3,25.3,1,6.1,Month-to-month,Credit card,DSL,No,0,1,0,0
CUST-03173,32,78.88,2910.91,5,11.6,0,6.8,Month-to-month,Mailed check,DSL,Yes,0,0,0,0
CUST-03174,25,91.24,2353.61,4,2.8,3,8.1,One year,Bank transfer,DSL,No,0,0,0,0
CUST-03175,72,148.98,10581.41,1,9.7,2,6.8,Two year,Electronic check,DSL,No,0,0,1,1
CUST-03176,41,83.31,3384.12,2,15.1,3,6.3,Month-to-month,Mailed check,Fiber optic,No,0,0,1,0
CUST-03177,45,96.55,4616.31,3,26.5,4,1.8,One year,Mailed check,Fiber optic,Yes,0,0,0,0
CUST-03178,22,30.78,910.74,2,25.7,1,8.0,Month-to-month,Bank transfer,Fiber optic,Yes,0,1,1,0
CUST-03179,16,64.42,664.2,1,-16.1,2,7.5,Two year,Electronic check,Fiber optic,No,1,1,0,0
CUST-03180,13,112.41,1869.9,3,-2.4,2,8.6,Month-to-month,Electronic check,DSL,Yes,0,0,0,0
CUST-03181,17,89.26,1758.96,2,9.5,1,7.1,Month-to-month,Credit card,DSL,Yes,1,0,1,0
CUST-03182,15,20.0,261.88,2,33.2,1,9.2,Month-to-month,Electronic check,DSL,Yes,0,1,0,0
CUST-03183,54,96.87,4933.05,2,-35.0,1,6.1,One year,Electronic check,Fiber optic,No,0,0,0,0
CUST-03184,5,131.71,922.05,2,-1.8,2,7.0,Month-to-month,Bank transfer,DSL,No,0,1,0,1
CUST-03185,46,22.11,1136.17,4,-16.4,1,7.5,One year,Credit card,Fiber optic,No,1,1,0,0
CUST-03186,69,120.54,7952.81,2,-13.9,2,8.3,Month-to-month,Bank transfer,DSL,No,0,0,1,0
CUST-03187,56,20.0,1061.98,2,23.8,0,7.8,One year,Bank transfer,Fiber optic,No,0,1,1,0
CUST-03188,30,104.26,3909.34,0,-0.5,1,8.0,Two year,Credit card,Fiber optic,No,0,0,1,0
CUST-03189,5,77.76,392.93,0,-29.3,1,7.6,Month-to-month,Credit card,None,Yes,0,0,0,0
CUST-03190,61,20.0,1034.51,3,5.5,2,6.8,One year,Electronic check,Fiber optic,No,0,1,0,0
CUST-03191,1,90.49,20.0,4,40.6,1,8.7,Month-to-month,Electronic check,DSL,No,0,0,0,1
CUST-03192,50,110.22,5954.02,3,-20.9,1,4.1,Month-to-month,Electronic check,DSL,No,0,0,1,0
CUST-03193,49,88.19,4533.25,1,16.5,0,6.0,Month-to-month,Electronic check,DSL,Yes,1,0,0,0
CUST-03194,14,94.38,1673.18,4,33.1,1,10.0,Month-to-month,Electronic check,DSL,No,0,0,0,1
CUST-03195,54,66.47,3651.43,3,7.2,0,5.9,One year,Bank transfer,DSL,Yes,0,0,0,0
CUST-03196,13,25.88,649.94,0,38.8,1,7.0,Month-to-month,Electronic check,DSL,No,0,0,1,0
CUST-03197,17,97.37,1443.21,2,-2.6,0,9.6,Month-to-month,Credit card,Fiber optic,No,0,0,1,1
CUST-03198,59,126.99,7533.06,4,31.1,0,6.9,Month-to-month,Electronic check,Fiber optic,No,0,0,1,1
CUST-03199,71,109.63,7855.49,1,27.4,0,5.6,One year,Mailed check,DSL,No,0,0,1,0
CUST-03200,20,22.34,792.41,1,7.5,0,9.3,Two year,Electronic check,Fiber optic,No,0,0,1,0
CUST-03201,67,35.58,2463.57,0,-15.8,0,6.6,Two year,Electronic check,Fiber optic,Yes,0,0,0,0
CUST-03202,66,54.31,3428.08,2,-8.0,0,6.7,One year,Credit card,Fiber optic,No,0,1,0,0
CUST-03203,56,33.4,1886.42,2,-29.5,1,3.5,Two year,Mailed check,DSL,No,0,1,0,0
CUST-03204,11,79.24,452.54,3,17.5,3,6.9,One year,Electronic check,DSL,No,0,0,0,0
CUST-03205,22,89.02,1378.2,4,15.6,0,8.3,Month-to-month,Credit card,Fiber optic,No,0,0,1,1
CUST-03206,49,37.95,2067.39,3,9.3,1,6.3,Month-to-month,Credit card,Fiber optic,Yes,0,0,0,0
CUST-03207,72,99.76,7089.03,2,6.0,1,4.8,Two year,Bank transfer,Fiber optic,No,0,0,0,0
CUST-03208,59,94.83,5529.62,2,29.7,0,6.2,Month-to-month,Credit card,None,No,0,1,1,0
CUST-03209,31,62.65,2149.89,1,12.8,0,6.0,Month-to-month,Bank transfer,Fiber optic,Yes,0,0,0,0
CUST-03210,17,73.17,1593.14,1,-0.9,1,6.6,One year,Electronic check,Fiber optic,No,0,1,0,0
CUST-03211,70,23.41,1772.32,0,10.4,2,6.2,Month-to-month,Electronic check,Fiber optic,No,0,0,1,0
CUST-03212,20,68.7,1856.02,2,40.8,0,10.0,Two year,Electronic check,Fiber optic,No,1,0,1,0
CUST-03213,25,78.21,2080.92,1,18.0,1,7.6,Two year,Bank transfer,DSL,Yes,0,0,1,0
CUST-03214,70,82.72,5865.95,4,1.8,1,4.0,Month-to-month,Electronic check,Fiber optic,No,0,0,0,1
CUST-03215,41,88.61,3693.11,1,7.3,2,7.2,Two year,Electronic check,DSL,No,0,0,1,0
CUST-03216,20,84.84,1375.43,1,15.4,2,7.0,Month-to-month,Electronic check,Fiber optic,Yes,0,0,0,1
CUST-03217,1,70.6,309.6,1,1.3,0,9.3,Two year,Credit card,DSL,No,0,0,0,0
CUST-03218,31,86.01,2054.94,1,-0.2,1,6.8,Month-to-month,Credit card,Fiber optic,No,0,1,0,0
CUST-03219,71,106.06,7383.7,1,7.8,0,6.8,Month-to-month,Credit card,Fiber optic,No,0,1,0,0
CUST-03220,32,75.33,2416.29,0,32.3,1,10.0,Month-to-month,Mailed check,DSL,No,1,0,1,0
CUST-03221,51,86.89,4233.95,2,20.7,2,5.2,One year,Mailed check,None,No,0,1,1,0
CUST-03222,19,72.79,1270.07,2,1.4,0,8.5,One year,Electronic check,Fiber optic,No,0,0,0,0
CUST-03223,56,59.89,3813.68,2,21.9,0,7.2,One year,Bank transfer,DSL,Yes,0,1,1,0
CUST-03224,56,92.64,5463.85,6,8.1,1,6.2,One year,Bank transfer,DSL,No,0,0,0,1
CUST-03225,44,62.45,2576.34,2,13.5,2,5.9,One year,Electronic check,DSL,No,0,1,0,0
CUST-03226,56,88.81,4855.97,0,12.1,1,9.5,Two year,Electronic check,DSL,No,0,0,0,0
CUST-03227,42,78.79,2989.93,1,-25.8,0,7.9,Month-to-month,Credit card,DSL,Yes,0,1,0,0
CUST-03228,28,69.49,2121.97,2,-35.0,1,8.2,Two year,Bank transfer,DSL,No,0,1,0,0
CUST-03229,54,68.81,3653.3,1,11.6,0,8.7,Two year,Bank transfer,DSL,No,0,1,1,0
CUST-03230,61,63.77,3398.35,2,-5.6,1,7.7,Two year,Credit card,DSL,No,0,0,1,0
CUST-03231,61,31.92,1972.32,4,-18.2,1,5.2,Month-to-month,Credit card,Fiber optic,No,0,1,1,0
CUST-03232,16,88.72,1529.26,1,-5.2,1,4.3,Two year,Mailed check,DSL,Yes,0,0,0,0
CUST-03233,49,84.48,4380.31,0,22.8,0,9.9,Month-to-month,Mailed check,Fiber optic,No,0,0,0,0
CUST-03234,1,101.79,83.45,3,13.7,0,7.5,Month-to-month,Electronic check,DSL,No,0,1,1,0
CUST-03235,42,63.12,2557.87,4,20.3,2,7.2,Month-to-month,Credit card,DSL,No,0,0,1,0
CUST-03236,42,131.07,6001.51,2,15.2,0,10.0,Two year,Electronic check,DSL,No,0,0,1,1
CUST-03237,27,67.37,1820.64,3,-6.7,1,5.2,Two year,Mailed check,Fiber optic,No,0,1,0,0
CUST-03238,72,53.5,4031.89,3,20.4,0,2.6,Month-to-month,Electronic check,DSL,No,0,1,0,0
CUST-03239,64,50.18,3076.64,4,17.4,1,3.8,One year,Bank transfer,Fiber optic,Yes,0,0,1,0
CUST-03240,3,29.45,260.83,2,6.1,0,6.1,Month-to-month,Mailed check,DSL,Yes,0,0,1,0
CUST-03241,16,120.91,1570.65,2,8.9,1,7.3,Month-to-month,Credit card,Fiber optic,No,0,0,1,1
CUST-03242,15,116.39,1630.33,3,20.7,2,9.6,One year,Electronic check,None,No,0,0,1,1
CUST-03243,65,94.82,5861.23,1,-4.0,2,8.6,Month-to-month,Electronic check,None,Yes,0,1,0,0
CUST-03244,38,52.91,1859.34,2,25.4,1,2.5,One year,Bank transfer,None,No,0,0,0,0
CUST-03245,53,128.72,7134.78,0,17.0,1,10.0,Month-to-month,Credit card,Fiber optic,No,0,0,1,0
CUST-03246,59,68.15,3867.77,2,8.0,1,6.4,Month-to-month,Credit card,Fiber optic,Yes,0,0,1,0
CUST-03247,56,70.47,4125.88,4,32.5,1,9.3,One year,Electronic check,DSL,No,0,0,0,0
CUST-03248,7,118.24,1207.0,0,-12.7,1,8.1,Month-to-month,Credit card,Fiber optic,No,0,0,0,0
CUST-03249,11,96.45,1054.06,2,0.6,0,7.1,Two year,Bank transfer,None,No,0,0,0,0
CUST-03250,29,139.63,4297.71,2,-2.9,0,6.7,One year,Mailed check,DSL,No,0,0,0,0
CUST-03251,25,84.96,2256.77,3,13.7,2,5.1,Month-to-month,Credit card,DSL,No,0,0,0,0
CUST-03252,54,66.88,3640.63,1,26.9,1,4.8,One year,Mailed check,None,Yes,0,0,1,0
CUST-03253,12,60.87,918.02,2,-7.7,0,6.8,Month-to-month,Electronic check,None,No,0,1,0,1
CUST-03254,27,26.28,1169.54,2,60.9,0,4.6,One year,Mailed check,Fiber optic,No,0,0,0,0
CUST-03255,18,70.2,1104.28,1,-2.6,0,10.0,Month-to-month,Mailed check,None,Yes,0,0,0,0
CUST-03256,14,110.05,1300.9,0,13.8,1,7.3,Month-to-month,Bank transfer,Fiber optic,Yes,0,0,0,0
CUST-03257,13,94.77,977.53,0,8.0,0,10.0,Month-to-month,Mailed check,DSL,Yes,0,1,0,0
CUST-03258,15,78.57,1427.16,0,8.7,0,6.3,Two year,Credit card,DSL,No,0,1,0,0
CUST-03259,41,50.14,2338.08,3,-4.7,0,6.0,Month-to-month,Mailed check,Fiber optic,Yes,0,0,1,0
CUST-03260,30,84.35,2396.24,1,25.1,1,8.2,Two year,Credit card,Fiber optic,No,0,0,0,0
CUST-03261,32,106.36,2869.52,3,-5.7,0,6.6,One year,Mailed check,DSL,No,1,1,1,0
CUST-03262,35,90.06,2983.41,1,-20.3,0,8.9,Month-to-month,Electronic check,DSL,No,0,0,0,0
CUST-03263,54,82.67,4601.14,2,-10.0,2,9.7,One year,Electronic check,DSL,No,0,0,1,0
CUST-03264,63,55.69,3491.79,0,31.1,2,9.1,One year,Bank transfer,Fiber optic,No,0,1,1,0
CUST-03265,38,102.28,3931.73,3,28.0,0,9.6,Month-to-month,Credit card,Fiber optic,No,0,0,1,0
CUST-03266,47,20.0,809.16,3,-24.1,1,8.6,Month-to-month,Electronic check,DSL,No,0,0,1,0
CUST-03267,54,88.72,5044.4,0,21.0,1,6.1,Two year,Bank transfer,Fiber optic,No,0,0,0,1
CUST-03268,50,149.97,7584.3,1,-23.7,0,9.2,Two year,Electronic check,DSL,No,0,1,0,0
CUST-03269,10,35.77,504.32,1,7.6,1,8.4,One year,Mailed check,DSL,No,0,0,0,0
CUST-03270,71,71.24,5097.81,1,-11.3,0,6.0,One year,Credit card,None,Yes,0,0,0,0
CUST-03271,12,77.78,1064.45,1,22.3,0,6.2,Month-to-month,Electronic check,None,No,0,0,0,0
CUST-03272,30,65.05,2066.14,1,16.9,1,6.9,Month-to-month,Electronic check,DSL,Yes,1,0,0,0
CUST-03273,47,107.02,4797.92,2,23.7,0,9.1,One year,Mailed check,DSL,No,1,1,0,0
CUST-03274,30,91.23,2830.17,0,3.3,1,7.3,Month-to-month,Bank transfer,DSL,No,0,0,0,0
CUST-03275,18,82.26,1678.56,0,4.9,0,7.1,One year,Credit card,Fiber optic,No,0,0,1,0
CUST-03276,67,100.32,7010.23,1,-16.0,1,6.8,Month-to-month,Mailed check,DSL,No,1,0,1,0
CUST-03277,6,78.47,574.85,3,-8.5,0,6.5,Two year,Mailed check,Fiber optic,No,0,0,1,0
CUST-03278,18,167.04,2765.41,0,23.2,0,5.0,Month-to-month,Electronic check,Fiber optic,No,0,0,0,1
CUST-03279,72,82.24,5718.45,0,13.9,0,8.5,One year,Credit card,Fiber optic,Yes,0,0,1,0
CUST-03280,53,83.47,4315.12,0,9.7,0,5.3,Month-to-month,Mailed check,Fiber optic,Yes,0,1,0,0
CUST-03281,7,30.11,258.14,1,28.2,1,7.2,Two year,Electronic check,DSL,No,1,0,0,0
CUST-03282,55,62.78,3422.34,0,-12.8,0,6.4,One year,Credit card,Fiber optic,No,0,0,0,0
CUST-03283,70,110.13,7428.17,0,19.5,0,8.5,Month-to-month,Credit card,Fiber optic,No,0,1,0,0
CUST-03284,8,40.61,42.45,1,-10.9,2,6.5,Month-to-month,Electronic check,Fiber optic,Yes,0,0,0,0
CUST-03285,30,20.0,75.37,2,31.6,1,5.3,One year,Bank transfer,DSL,Yes,0,1,1,0
CUST-03286,34,78.9,1902.73,2,16.7,0,8.9,Month-to-month,Electronic check,Fiber optic,No,0,0,1,0
CUST-03287,10,116.38,1130.85,1,23.4,0,5.6,One year,Electronic check,DSL,Yes,0,0,0,1
CUST-03288,15,79.19,1767.91,1,-3.2,1,7.4,One year,Electronic check,DSL,No,0,0,0,0
CUST-03289,13,68.59,1340.86,4,42.9,0,9.4,One year,Bank transfer,DSL,No,0,0,1,0
CUST-03290,14,25.96,118.88,3,40.0,3,5.8,Month-to-month,Bank transfer,Fiber optic,Yes,0,1,0,0
CUST-03291,30,90.66,2757.28,1,14.9,1,6.9,Month-to-month,Mailed check,DSL,No,0,0,1,0
CUST-03292,34,96.52,2915.54,1,26.8,0,6.3,Month-to-month,Mailed check,Fiber optic,Yes,0,0,0,0
CUST-03293,18,28.11,177.95,2,3.2,1,7.3,Month-to-month,Mailed check,DSL,No,0,1,0,0
CUST-03294,21,109.77,2005.8,0,-12.3,1,7.0,One year,Credit card,None,No,1,1,0,0
CUST-03295,14,99.44,1335.79,0,20.7,0,8.8,Month-to-month,Electronic check,DSL,Yes,0,0,1,0
CUST-03296,58,109.7,6316.99,3,-6.7,0,6.0,Month-to-month,Bank transfer,None,No,0,0,0,0
CUST-03297,16,94.34,1572.62,1,29.0,1,9.4,Month-to-month,Credit card,Fiber optic,No,0,1,1,0
CUST-03298,66,96.3,6521.6,3,24.8,1,10.0,Month-to-month,Mailed check,DSL,No,0,0,0,0
CUST-03299,39,92.58,3526.4,2,11.8,1,7.6,Two year,Bank transfer,Fiber optic,No,0,1,0,0
CUST-03300,58,102.32,5943.61,3,10.9,1,5.7,Month-to-month,Credit card,Fiber optic,No,0,0,0,1
CUST-03301,46,27.07,971.77,2,23.8,0,7.0,Month-to-month,Mailed check,DSL,No,0,1,1,0
CUST-03302,20,35.97,383.28,1,12.4,0,6.9,Month-to-month,Credit card,DSL,Yes,0,1,0,0
CUST-03303,44,57.39,2150.42,1,1.5,0,10.0,Month-to-month,Credit card,DSL,Yes,0,0,0,0
CUST-03304,20,74.37,1649.71,1,-16.2,1,6.9,One year,Mailed check,DSL,No,0,0,0,0
CUST-03305,9,88.87,715.35,4,23.3,1,9.6,Two year,Credit card,None,Yes,0,0,0,0
CUST-03306,19,87.09,1186.93,2,13.9,3,7.3,One year,Electronic check,DSL,No,0,0,0,1
CUST-03307,20,109.28,2169.83,4,52.1,1,7.2,Two year,Mailed check,DSL,No,0,0,0,1
CUST-03308,10,110.16,789.39,1,6.5,0,6.5,Month-to-month,Credit card,Fiber optic,No,0,0,0,1
CUST-03309,2,53.57,522.23,1,12.8,1,6.6,Month-to-month,Electronic check,Fiber optic,No,0,1,0,0
CUST-03310,68,84.68,5613.53,3,13.2,1,8.7,Month-to-month,Mailed check,Fiber optic,Yes,0,0,0,0
CUST-03311,37,54.26,2178.0,1,18.4,0,5.8,One year,Electronic check,Fiber optic,Yes,0,0,0,0
CUST-03312,29,72.73,2381.41,0,-7.5,1,8.8,Month-to-month,Mailed check,None,No,0,0,0,0
CUST-03313,67,87.01,5590.94,4,6.8,2,9.7,Month-to-month,Credit card,DSL,No,0,0,1,0
CUST-03314,17,20.0,359.01,4,21.2,0,6.0,Month-to-month,Electronic check,DSL,No,0,1,0,0
CUST-03315,30,145.51,4503.67,2,2.7,0,9.3,Two year,Mailed check,Fiber optic,No,0,0,0,0
CUST-03316,61,93.86,5754.35,1,20.6,1,9.0,Month-to-month,Electronic check,DSL,No,0,0,0,0
CUST-03317,46,61.32,2911.0,0,9.5,1,8.7,Month-to-month,Mailed check,DSL,Yes,0,0,0,0
CUST-03318,29,131.97,3494.72,1,14.4,0,6.0,Month-to-month,Credit card,Fiber optic,Yes,0,1,0,1
CUST-03319,19,68.27,1435.64,4,26.4,0,6.9,Month-to-month,Bank transfer,Fiber optic,No,0,1,0,0
CUST-03320,3,81.71,123.59,1,4.4,0,6.9,One year,Mailed check,DSL,No,1,1,0,0
CUST-03321,7,64.36,537.88,2,-15.2,1,10.0,One year,Electronic check,Fiber optic,No,0,0,1,0
CUST-03322,12,124.26,1721.12,1,3.7,0,7.1,Two year,Bank transfer,DSL,No,0,0,0,1
CUST-03323,57,75.06,4445.62,2,-5.2,1,6.8,Two year,Credit card,None,No,0,0,0,0
CUST-03324,47,82.19,3950.11,2,-26.0,3,5.0,Month-to-month,Electronic check,Fiber optic,No,0,1,1,0
CUST-03325,32,111.71,3735.25,4,6.3,0,5.4,Two year,Electronic check,Fiber optic,No,0,1,1,0
CUST-03326,57,94.38,5551.76,2,11.2,0,5.9,One year,Credit card,DSL,No,0,0,0,0
CUST-03327,12,76.48,1291.64,4,24.3,0,7.8,Two year,Electronic check,Fiber optic,No,0,0,0,1
CUST-03328,16,109.09,1736.93,2,-10.2,2,4.5,Month-to-month,Bank transfer,DSL,Yes,0,0,1,0
CUST-03329,29,149.08,4364.31,1,9.4,0,5.9,Month-to-month,Credit card,Fiber optic,No,0,0,0,1
CUST-03330,67,86.89,6054.65,0,26.0,0,3.8,One year,Bank transfer,Fiber optic,No,0,0,1,0
CUST-03331,45,81.27,3534.55,2,-1.2,1,9.6,Two year,Electronic check,DSL,No,0,0,1,0
CUST-03332,62,82.78,4798.54,2,16.6,0,7.3,Two year,Electronic check,DSL,Yes,0,1,0,0
CUST-03333,18,114.69,2187.73,0,33.6,0,7.7,Month-to-month,Electronic check,Fiber optic,No,0,0,0,1
CUST-03334,62,61.22,3744.13,1,-21.8,1,5.1,Month-to-month,Credit card,Fiber optic,Yes,1,0,0,0
CUST-03335,6,70.21,119.38,1,12.4,1,9.2,Two year,Electronic check,Fiber optic,No,0,0,0,0
CUST-03336,17,34.95,719.29,2,26.6,3,9.8,Month-to-month,Mailed check,Fiber optic,No,0,0,0,0
CUST-03337,38,44.85,2062.08,4,2.4,0,7.2,Month-to-month,Electronic check,Fiber optic,No,0,0,1,0
CUST-03338,4,63.5,20.0,1,30.2,0,6.2,Two year,Electronic check,DSL,No,0,0,0,0
CUST-03339,62,76.43,4994.24,4,18.1,0,8.1,Month-to-month,Credit card,None,Yes,0,0,1,0
CUST-03340,63,127.53,7400.12,2,36.3,0,8.4,Month-to-month,Electronic check,None,No,0,0,1,1
CUST-03341,39,93.01,3527.32,0,17.3,1,8.7,Month-to-month,Credit card,DSL,No,0,1,1,0
CUST-03342,23,52.46,1666.71,1,37.6,3,8.3,Month-to-month,Electronic check,DSL,Yes,0,1,1,0
CUST-03343,8,57.62,378.88,1,12.8,0,8.8,Month-to-month,Mailed check,DSL,No,0,0,0,0
CUST-03344,45,116.49,5264.53,1,-13.9,0,5.9,Two year,Electronic check,None,Yes,1,0,0,0
CUST-03345,39,109.55,4463.17,2,-2.1,0,8.7,One year,Electronic check,DSL,Yes,0,1,0,0
CUST-03346,55,78.79,3904.33,5,24.3,1,6.3,Month-to-month,Credit card,DSL,No,0,0,1,0
CUST-03347,44,65.61,2904.86,1,24.0,0,2.6,Two year,Bank transfer,Fiber optic,No,0,1,0,0
CUST-03348,10,109.5,1111.05,0,3.0,1,6.3,Month-to-month,Mailed check,DSL,No,0,0,0,1
CUST-03349,9,50.19,917.29,0,36.9,2,6.1,Month-to-month,Mailed check,None,No,0,0,0,0
CUST-03350,57,88.98,4762.92,1,2.3,1,7.5,Month-to-month,Credit card,DSL,Yes,0,0,0,0
CUST-03351,12,141.63,1604.18,1,15.4,0,8.6,Month-to-month,Electronic check,Fiber optic,Yes,0,1,0,1
CUST-03352,68,83.75,5462.91,3,14.9,1,7.4,Month-to-month,Credit card,Fiber optic,No,0,0,0,0
CUST-03353,8,56.28,191.64,1,-13.3,3,10.0,Month-to-month,Electronic check,DSL,No,0,0,0,0
CUST-03354,53,89.49,5024.82,1,6.2,0,6.2,Two year,Electronic check,None,No,0,0,0,0
CUST-03355,71,64.84,4610.3,1,46.1,0,3.5,One year,Electronic check,Fiber optic,Yes,0,1,0,0
CUST-03356,32,38.96,1107.83,1,-6.8,0,7.6,Month-to-month,Bank transfer,Fiber optic,Yes,1,1,0,0
CUST-03357,5,97.63,358.69,0,18.0,0,6.1,Two year,Bank transfer,Fiber optic,Yes,0,0,1,0
CUST-03358,64,109.3,6854.39,0,-10.5,0,5.1,Month-to-month,Credit card,DSL,Yes,1,0,1,0
CUST-03359,14,69.29,851.61,0,-6.9,1,6.6,Month-to-month,Bank transfer,Fiber optic,Yes,0,0,0,0
CUST-03360,38,67.44,2246.61,2,-14.6,0,5.7,Month-to-month,Electronic check,DSL,No,0,0,1,0
CUST-03361,71,51.08,3562.0,0,23.1,1,5.9,Month-to-month,Electronic check,Fiber optic,No,0,0,0,0
CUST-03362,54,73.8,3895.4,3,-5.9,0,9.8,Month-to-month,Bank transfer,Fiber optic,No,1,0,0,0
CUST-03363,4,62.25,59.55,1,28.3,0,7.3,Month-to-month,Credit card,Fiber optic,Yes,0,0,1,0
CUST-03364,60,49.69,3020.16,3,-0.5,0,6.6,Month-to-month,Electronic check,Fiber optic,Yes,0,1,0,0
CUST-03365,12,130.98,1631.73,2,10.0,0,10.0,Month-to-month,Credit card,None,No,0,0,0,1
CUST-03366,54,91.06,4778.08,1,14.6,0,6.6,Month-to-month,Mailed check,Fiber optic,Yes,0,0,1,0
CUST-03367,45,94.03,4195.32,0,-17.9,0,4.9,One year,Electronic check,DSL,No,1,1,1,0
CUST-03368,21,102.74,2697.2,3,11.3,0,4.7,Month-to-month,Credit card,None,No,0,0,0,1
CUST-03369,31,99.59,3617.4,1,13.6,0,7.0,One year,Mailed check,DSL,No,0,0,0,0
CUST-03370,9,66.43,334.35,1,26.2,1,4.1,Month-to-month,Mailed check,None,Yes,0,1,1,0
CUST-03371,72,85.63,5936.75,0,-7.4,0,5.0,One year,Electronic check,Fiber optic,Yes,0,0,1,0
CUST-03372,18,70.47,1003.61,1,-5.1,2,6.4,Two year,Electronic check,DSL,Yes,0,1,1,0
CUST-03373,23,90.28,2340.7,1,18.6,0,9.1,Month-to-month,Credit card,DSL,No,1,0,1,0
CUST-03374,37,87.57,3140.46,0,30.6,0,9.4,One year,Bank transfer,DSL,Yes,1,1,1,0
CUST-03375,49,67.29,3357.13,4,-1.5,0,8.3,One year,Electronic check,DSL,Yes,1,0,0,0
CUST-03376,37,40.78,2008.1,2,-11.8,3,7.1,Month-to-month,Bank transfer,DSL,Yes,0,0,0,0
CUST-03377,37,82.09,3034.71,0,2.9,3,6.1,Month-to-month,Bank transfer,Fiber optic,Yes,0,1,1,0
CUST-03378,42,72.28,3212.32,1,-8.2,0,7.8,Month-to-month,Electronic check,DSL,No,0,0,0,0
CUST-03379,62,25.07,1684.45,2,14.4,0,10.0,One year,Electronic check,None,No,0,0,0,0
CUST-03380,29,92.21,2527.04,2,-9.3,1,7.4,Month-to-month,Credit card,Fiber optic,No,1,0,0,1
CUST-03381,60,105.03,6566.59,0,23.6,3,6.3,Two year,Bank transfer,Fiber optic,No,0,0,1,0
CUST-03382,57,148.79,8268.6,3,11.4,1,6.8,Month-to-month,Electronic check,Fiber optic,Yes,0,0,0,0
CUST-03383,70,67.05,5028.47,5,24.1,1,6.6,Month-to-month,Mailed check,DSL,No,0,0,0,0
CUST-03384,66,62.92,4005.86,1,-30.8,2,8.1,Month-to-month,Credit card,DSL,No,1,0,0,0
CUST-03385,58,46.94,2603.03,0,-20.1,1,5.7,Month-to-month,Bank transfer,Fiber optic,Yes,1,0,0,0
CUST-03386,18,83.84,1237.0,6,28.7,1,7.8,One year,Electronic check,None,No,1,0,0,0
CUST-03387,56,83.66,4453.9,1,-3.5,1,8.1,Month-to-month,Credit card,Fiber optic,No,0,0,1,0
CUST-03388,54,55.28,2878.43,1,-15.5,0,7.7,One year,Credit card,DSL,No,1,0,1,0
CUST-03389,21,73.1,927.26,1,4.8,0,5.1,Two year,Mailed check,DSL,No,1,0,0,0
CUST-03390,49,22.6,1049.07,1,11.9,0,6.8,Two year,Electronic check,DSL,No,0,1,0,0
CUST-03391,19,103.94,1847.87,3,5.5,1,6.2,Two year,Credit card,Fiber optic,No,1,0,0,1
CUST-03392,38,56.42,2341.46,5,15.5,0,7.0,Month-to-month,Electronic check,Fiber optic,No,0,1,1,0
CUST-03393,58,77.03,4573.49,2,13.3,1,5.9,Two year,Mailed check,Fiber optic,No,0,1,0,0
CUST-03394,14,38.05,355.79,0,12.5,1,9.3,Month-to-month,Electronic check,Fiber optic,No,0,0,0,0
CUST-03395,25,61.69,1427.61,1,29.6,0,7.4,Month-to-month,Bank transfer,DSL,Yes,0,0,0,0
CUST-03396,58,70.17,4011.21,1,7.8,0,4.2,Two year,Credit card,Fiber optic,No,0,0,0,0
CUST-03397,33,77.68,2934.93,1,7.3,0,4.7,Month-to-month,Credit card,None,Yes,0,0,1,0
CUST-03398,70,91.43,6194.52,3,20.8,1,9.3,Month-to-month,Credit card,DSL,Yes,0,1,0,0
CUST-03399,1,118.29,20.0,2,16.8,0,6.8,Month-to-month,Bank transfer,Fiber optic,No,0,0,0,1
CUST-03400,52,98.52,4840.89,0,-6.4,1,6.4,Month-to-month,Mailed check,DSL,Yes,0,1,0,0
CUST-03401,59,104.94,5820.95,2,6.5,1,9.1,One year,Bank transfer,Fiber optic,No,0,0,1,0
CUST-03402,67,118.49,8015.58,0,15.0,1,6.8,One year,Bank transfer,Fiber optic,No,0,0,0,0
CUST-03403,12,93.95,1178.13,7,-1.4,1,4.9,Month-to-month,Credit card,Fiber optic,Yes,1,0,0,1
CUST-03404,71,76.97,5785.56,2,-0.6,0,5.1,Month-to-month,Bank transfer,Fiber optic,Yes,0,0,0,0
CUST-03405,29,106.26,3341.89,2,-14.3,0,8.2,Month-to-month,Credit card,DSL,No,1,0,1,0
CUST-03406,26,108.04,3408.32,2,-35.0,2,10.0,Month-to-month,Electronic check,Fiber optic,Yes,0,0,1,0
CUST-03407,26,96.16,2481.69,5,2.0,1,8.6,Month-to-month,Electronic check,Fiber optic,No,0,0,1,0
CUST-03408,46,37.27,1649.29,2,10.0,0,6.4,Month-to-month,Bank transfer,DSL,No,0,0,0,0
CUST-03409,48,54.44,2288.06,2,-9.5,1,6.7,Two year,Electronic check,Fiber optic,No,0,0,1,0
CUST-03410,35,70.3,2634.64,1,30.0,1,7.2,Two year,Electronic check,Fiber optic,Yes,0,1,0,0
CUST-03411,6,99.83,628.61,1,-8.7,1,3.5,Month-to-month,Bank transfer,Fiber optic,No,0,0,0,0
CUST-03412,72,77.4,5735.62,0,22.6,2,7.1,Month-to-month,Credit card,DSL,No,0,1,1,0
CUST-03413,16,109.83,1472.5,1,14.7,0,8.2,Two year,Electronic check,DSL,Yes,1,0,1,0
CUST-03414,7,114.83,891.71,3,42.8,2,10.0,One year,Bank transfer,Fiber optic,No,0,0,0,0
CUST-03415,44,111.58,4960.82,3,16.6,1,9.1,Two year,Electronic check,DSL,No,0,1,0,0
CUST-03416,30,111.76,3387.56,2,-15.1,0,10.0,Two year,Electronic check,DSL,No,1,1,0,0
CUST-03417,45,48.96,2032.38,3,24.9,2,10.0,Month-to-month,Electronic check,Fiber optic,No,0,0,1,0
CUST-03418,64,91.51,6153.97,4,35.2,0,9.6,Month-to-month,Credit card,Fiber optic,No,0,0,1,0
CUST-03419,8,60.99,1000.5,2,-20.4,0,7.1,Month-to-month,Bank transfer,DSL,No,0,0,1,0
CUST-03420,21,31.83,390.84,1,18.2,3,7.7,One year,Mailed check,DSL,No,0,1,0,0
CUST-03421,38,69.95,2838.21,2,21.8,0,4.1,Two year,Credit card,Fiber optic,No,0,0,0,0
CUST-03422,57,115.09,5840.67,0,4.6,1,7.3,Month-to-month,Mailed check,DSL,Yes,1,0,0,0
CUST-03423,44,90.9,4166.75,1,-30.8,0,8.1,Two year,Electronic check,Fiber optic,No,0,1,1,0
CUST-03424,28,134.5,3298.46,2,3.3,0,6.6,One year,Credit card,Fiber optic,No,0,0,1,1
CUST-03425,44,82.96,3519.0,3,-1.3,1,4.3,One year,Bank transfer,DSL,No,0,1,0,0
CUST-03426,71,146.54,10076.08,1,32.5,1,9.9,One year,Bank transfer,Fiber optic,No,0,1,0,0
CUST-03427,35,82.97,2850.05,2,6.6,1,7.8,Month-to-month,Mailed check,DSL,Yes,0,0,0,0
CUST-03428,64,78.63,5242.02,2,1.4,0,10.0,One year,Bank transfer,Fiber optic,No,0,1,0,0
CUST-03429,57,42.18,1939.93,3,-1.4,1,8.4,One year,Electronic check,None,No,0,1,0,0
CUST-03430,22,109.1,2310.33,0,13.2,0,9.6,One year,Credit card,DSL,No,0,0,1,0
CUST-03431,18,63.94,1022.58,1,8.9,1,9.2,Month-to-month,Electronic check,Fiber optic,Yes,0,0,0,0
CUST-03432,56,59.88,3748.54,3,-4.6,2,5.9,Month-to-month,Electronic check,DSL,Yes,0,0,0,0
CUST-03433,15,113.87,1815.99,2,12.2,1,6.2,One year,Credit card,DSL,No,1,0,1,0
CUST-03434,25,110.43,2466.45,3,-0.9,1,6.3,Two year,Electronic check,None,No,1,0,0,1
CUST-03435,17,109.7,1747.08,2,-33.5,3,5.4,Month-to-month,Credit card,DSL,Yes,1,0,1,1
CUST-03436,44,67.86,3374.87,4,18.7,1,10.0,Month-to-month,Bank transfer,DSL,Yes,0,0,1,0
CUST-03437,22,76.57,1863.13,2,17.2,0,7.2,Month-to-month,Mailed check,None,Yes,1,1,0,0
CUST-03438,48,76.32,3433.8,0,11.2,1,7.9,Two year,Bank transfer,Fiber optic,No,0,0,0,0
CUST-03439,68,99.91,6727.11,0,0.9,3,4.7,Month-to-month,Bank transfer,DSL,No,0,0,0,0
CUST-03440,60,121.5,7231.22,2,6.8,2,8.6,Month-to-month,Bank transfer,None,Yes,0,0,1,0
CUST-03441,69,88.31,5958.89,5,21.1,0,6.4,One year,Credit card,DSL,No,0,1,1,0
CUST-03442,2,133.3,20.0,5,-2.1,1,9.4,Month-to-month,Electronic check,Fiber optic,No,0,0,1,1
CUST-03443,33,103.12,3233.55,1,21.8,1,5.9,One year,Bank transfer,Fiber optic,Yes,1,0,1,0
CUST-03444,16,71.43,1490.18,0,-15.6,1,9.5,Month-to-month,Electronic check,Fiber optic,Yes,0,1,0,0
CUST-03445,67,101.2,6685.11,0,10.7,2,8.8,One year,Bank transfer,DSL,Yes,0,0,0,0
CUST-03446,52,125.77,6514.23,1,8.4,0,6.3,Month-to-month,Mailed check,DSL,No,0,0,0,1
CUST-03447,24,133.95,3249.93,4,24.0,1,9.7,Month-to-month,Credit card,DSL,No,0,0,1,1
CUST-03448,41,111.23,5114.97,2,-6.7,2,9.2,One year,Bank transfer,None,Yes,0,1,0,0
CUST-03449,44,78.72,3465.9,1,-5.0,0,8.0,Month-to-month,Electronic check,Fiber optic,Yes,0,0,0,0
CUST-03450,36,71.93,2862.97,1,-14.3,2,5.3,Month-to-month,Bank transfer,None,No,0,0,1,0
CUST-03451,35,94.13,3145.0,1,-1.1,1,8.5,Month-to-month,Credit card,DSL,No,0,0,1,0
CUST-03452,4,124.87,434.63,1,12.1,1,7.2,One year,Bank transfer,Fiber optic,No,0,0,0,0
CUST-03453,33,90.15,2978.09,1,-20.8,0,7.2,One year,Mailed check,None,No,0,0,0,0
CUST-03454,26,90.73,2165.45,5,0.9,0,7.2,Two year,Bank transfer,None,No,0,0,1,0
CUST-03455,59,79.44,4636.03,2,17.8,2,7.0,Month-to-month,Electronic check,None,Yes,1,1,0,0
CUST-03456,63,68.82,4557.67,0,6.4,0,5.5,Month-to-month,Credit card,DSL,Yes,0,0,1,0
CUST-03457,55,73.46,3840.21,1,9.2,1,4.4,Two year,Bank transfer,Fiber optic,No,0,0,1,0
CUST-03458,3,81.79,245.39,1,-16.1,1,4.0,Month-to-month,Bank transfer,Fiber optic,Yes,0,0,0,1
CUST-03459,61,126.11,7869.89,0,6.4,2,7.6,Two year,Mailed check,Fiber optic,No,0,0,1,0
CUST-03460,29,71.29,1861.29,3,8.5,0,2.7,Month-to-month,Credit card,Fiber optic,No,0,0,1,0
CUST-03461,30,79.47,2657.95,3,5.4,0,8.4,Month-to-month,Mailed check,None,No,1,1,0,0
CUST-03462,69,53.77,3728.35,3,10.4,0,8.0,One year,Credit card,DSL,Yes,0,1,0,0
CUST-03463,63,98.07,6137.13,0,3.1,0,6.6,Month-to-month,Bank transfer,Fiber optic,Yes,0,1,0,0
CUST-03464,4,116.27,20.0,4,0.7,1,8.9,One year,Bank transfer,DSL,No,1,0,1,1
CUST-03465,26,123.49,3117.34,4,-8.6,2,6.6,Month-to-month,Bank transfer,DSL,No,0,1,1,0
CUST-03466,54,83.69,4612.16,2,23.6,2,7.9,Month-to-month,Electronic check,Fiber optic,No,1,0,0,0
CUST-03467,39,94.08,4105.46,1,-11.6,0,3.6,One year,Credit card,None,Yes,0,0,1,0
CUST-03468,19,73.7,1542.27,0,10.5,1,3.1,Two year,Electronic check,DSL,Yes,1,0,1,0
CUST-03469,38,92.78,3807.19,3,37.0,0,6.7,Month-to-month,Mailed check,DSL,No,0,1,0,0
CUST-03470,63,86.79,5165.49,5,25.6,1,7.9,Month-to-month,Electronic check,Fiber optic,Yes,0,0,0,1
CUST-03471,17,79.63,1322.0,2,16.1,0,8.8,Two year,Electronic check,DSL,No,0,0,0,0
CUST-03472,54,81.86,4725.63,2,12.0,1,6.8,Month-to-month,Electronic check,Fiber optic,Yes,0,1,0,0
CUST-03473,53,90.65,4582.52,1,6.0,0,7.5,Month-to-month,Bank transfer,DSL,Yes,0,0,1,0
CUST-03474,64,69.76,4705.95,2,-6.4,1,8.5,Month-to-month,Electronic check,Fiber optic,No,0,1,1,0
CUST-03475,22,71.21,1749.95,4,3.9,2,6.9,One year,Electronic check,Fiber optic,No,0,1,1,0
CUST-03476,16,125.81,2081.64,1,17.2,0,8.2,Month-to-month,Credit card,Fiber optic,Yes,0,0,0,0
CUST-03477,40,153.9,6073.82,2,14.2,0,5.1,Month-to-month,Bank transfer,None,Yes,0,0,0,1
CUST-03478,39,44.28,1480.35,3,20.6,1,4.1,Month-to-month,Electronic check,Fiber optic,No,0,0,0,1
CUST-03479,30,42.73,1725.74,3,27.5,1,6.1,Month-to-month,Electronic check,Fiber optic,Yes,1,0,0,0
CUST-03480,57,51.2,3076.37,1,5.5,0,8.5,Month-to-month,Electronic check,DSL,No,1,1,0,0
CUST-03481,58,75.11,4441.53,2,11.1,2,5.8,Month-to-month,Mailed check,None,No,0,0,1,0
CUST-03482,18,103.08,1752.23,0,-22.4,1,8.3,Month-to-month,Mailed check,DSL,Yes,0,0,0,1
CUST-03483,58,94.56,5493.95,4,44.1,1,5.3,Month-to-month,Bank transfer,DSL,Yes,1,0,0,0
CUST-03484,17,82.82,1449.12,1,1.4,1,6.1,Month-to-month,Electronic check,DSL,Yes,0,0,0,0
CUST-03485,30,92.81,2884.27,3,18.4,1,7.5,Month-to-month,Electronic check,None,No,0,0,0,0
CUST-03486,2,58.62,300.83,3,1.4,0,5.9,Month-to-month,Credit card,Fiber optic,No,0,0,0,0
CUST-03487,25,71.16,1583.38,0,1.0,1,6.2,One year,Electronic check,Fiber optic,No,0,1,0,0
CUST-03488,70,77.44,5054.15,1,4.2,1,2.4,One year,Credit card,Fiber optic,No,0,0,1,0
CUST-03489,32,33.64,1097.55,1,-11.9,0,8.6,Month-to-month,Electronic check,DSL,Yes,0,0,0,0
CUST-03490,52,45.48,1928.16,3,-31.7,1,6.9,Month-to-month,Credit card,None,Yes,0,0,1,0
CUST-03491,8,46.6,291.88,0,26.6,1,5.4,Month-to-month,Bank transfer,Fiber optic,Yes,1,0,1,0
CUST-03492,46,99.4,4445.1,3,16.7,0,10.0,Two year,Electronic check,DSL,No,1,0,1,0
CUST-03493,27,84.87,2414.43,1,-6.7,0,5.7,Two year,Electronic check,Fiber optic,Yes,1,1,1,0
CUST-03494,54,95.11,5631.59,1,15.2,1,6.2,Month-to-month,Credit card,DSL,No,0,0,1,0
CUST-03495,67,26.49,1288.68,3,21.2,1,5.4,Two year,Credit card,Fiber optic,No,0,1,0,0
CUST-03496,39,36.46,1990.49,3,-3.1,1,9.1,Month-to-month,Credit card,DSL,Yes,0,1,1,0
CUST-03497,8,96.57,714.29,1,14.6,0,9.7,One year,Electronic check,DSL,No,1,0,0,0
CUST-03498,35,20.0,786.95,1,24.1,1,9.5,One year,Credit card,Fiber optic,No,0,0,0,0
CUST-03499,9,112.29,656.9,2,-15.0,2,9.5,Month-to-month,Electronic check,None,No,0,0,0,0
CUST-03500,33,26.95,1138.57,0,16.5,1,6.0,One year,Credit card,DSL,No,0,0,1,0
CUST-03501,5,101.61,518.42,4,13.8,2,10.0,Month-to-month,Credit card,DSL,No,0,1,0,0
CUST-03502,47,53.12,2481.27,2,38.1,0,6.7,Two year,Electronic check,Fiber optic,Yes,0,1,0,0
CUST-03503,23,107.37,1985.16,1,16.9,1,4.3,Month-to-month,Credit card,Fiber optic,No,1,0,0,1
CUST-03504,15,167.83,2535.9,2,1.4,0,6.3,Month-to-month,Mailed check,Fiber optic,No,1,0,0,1
CUST-03505,2,20.0,251.46,1,3.3,1,7.7,Month-to-month,Mailed check,DSL,No,0,0,1,0
CUST-03506,64,97.47,6179.01,4,40.4,0,5.9,Month-to-month,Electronic check,DSL,No,0,0,1,0
CUST-03507,61,27.37,1963.12,1,2.3,2,7.4,Month-to-month,Mailed check,Fiber optic,No,1,0,0,0
CUST-03508,59,89.95,5590.27,2,17.4,0,8.1,Month-to-month,Electronic check,None,No,0,0,0,0
CUST-03509,5,72.21,200.78,0,4.2,1,7.8,Month-to-month,Bank transfer,Fiber optic,No,0,1,1,0
CUST-03510,26,81.63,2521.16,0,25.3,0,8.3,One year,Bank transfer,DSL,No,0,0,0,0
CUST-03511,70,52.47,3684.22,1,26.1,0,6.8,One year,Electronic check,None,No,0,0,0,0
CUST-03512,42,99.86,4206.56,2,7.6,1,5.8,Month-to-month,Bank transfer,DSL,Yes,0,0,0,0
CUST-03513,10,37.45,399.25,1,1.5,0,4.5,Month-to-month,Mailed check,DSL,Yes,1,0,0,0
CUST-03514,11,112.77,1257.8,2,1.1,1,6.9,Month-to-month,Electronic check,Fiber optic,Yes,0,0,1,0
CUST-03515,19,66.54,606.73,1,-19.6,0,6.1,Month-to-month,Bank transfer,DSL,No,0,1,1,0
CUST-03516,71,38.72,2702.74,1,9.6,1,6.9,Month-to-month,Credit card,DSL,Yes,0,1,0,0
CUST-03517,13,122.66,1253.59,3,9.3,0,3.4,Month-to-month,Electronic check,DSL,No,0,0,1,1
CUST-03518,66,76.11,5429.84,4,-5.1,0,4.4,Month-to-month,Mailed check,DSL,Yes,0,0,1,0
CUST-03519,49,131.41,6835.61,1,-21.4,2,8.0,Month-to-month,Mailed check,None,No,0,1,0,0
CUST-03520,67,112.2,7730.38,0,11.3,0,4.2,Two year,Electronic check,DSL,Yes,0,0,0,0
CUST-03521,60,55.65,3279.38,3,13.3,0,6.8,One year,Bank transfer,DSL,No,0,0,0,0
CUST-03522,24,75.62,1562.88,2,14.3,1,5.6,Two year,Electronic check,None,No,0,0,1,0
CUST-03523,60,81.39,4719.0,2,-7.8,0,5.5,One year,Mailed check,DSL,No,1,0,1,0
CUST-03524,13,120.74,2055.28,3,14.3,1,7.3,Month-to-month,Electronic check,Fiber optic,Yes,0,0,1,1
CUST-03525,21,90.25,1722.2,0,5.1,0,7.2,One year,Bank transfer,DSL,No,0,0,1,0
CUST-03526,16,82.94,738.14,3,21.8,0,8.1,Two year,Credit card,DSL,No,0,1,0,0
CUST-03527,10,72.4,981.54,2,-7.6,0,5.1,Two year,Credit card,DSL,No,0,0,0,0
CUST-03528,7,76.58,911.19,0,26.4,1,5.5,One year,Credit card,Fiber optic,Yes,0,1,1,0
CUST-03529,14,114.53,2018.22,2,32.2,1,9.1,Month-to-month,Electronic check,Fiber optic,No,0,0,1,1
CUST-03530,9,78.1,962.49,1,9.9,0,6.7,One year,Credit card,DSL,No,0,0,1,0
CUST-03531,28,66.94,2174.7,3,14.5,0,7.8,Month-to-month,Credit card,DSL,No,0,1,0,0
CUST-03532,6,62.19,386.37,1,20.5,0,6.2,Month-to-month,Bank transfer,None,Yes,1,1,0,0
CUST-03533,5,62.49,20.0,4,-8.4,0,7.9,Month-to-month,Credit card,Fiber optic,No,0,0,1,0
CUST-03534,72,38.74,2796.25,4,0.2,0,2.6,Month-to-month,Electronic check,Fiber optic,No,0,1,0,0
CUST-03535,7,56.99,554.32,3,10.9,2,9.2,Month-to-month,Electronic check,DSL,No,0,1,0,0
CUST-03536,6,119.96,685.94,2,40.4,1,6.3,Two year,Electronic check,None,No,1,0,0,1
CUST-03537,3,72.22,171.45,1,-11.1,2,4.9,One year,Electronic check,Fiber optic,Yes,0,0,0,0
CUST-03538,10,97.72,736.17,4,34.2,1,5.2,One year,Electronic check,Fiber optic,Yes,0,0,1,0
CUST-03539,39,20.0,529.57,0,4.9,0,6.6,Two year,Electronic check,None,Yes,0,0,1,0
CUST-03540,60,93.91,6094.14,1,7.4,1,6.9,Month-to-month,Bank transfer,Fiber optic,No,0,0,1,0
CUST-03541,53,73.48,4363.03,1,27.5,0,7.4,One year,Credit card,Fiber optic,No,0,0,0,0
CUST-03542,42,64.52,2709.18,2,40.3,0,5.0,One year,Bank transfer,None,No,0,1,0,0
CUST-03543,7,83.07,651.87,2,14.8,0,8.7,Month-to-month,Credit card,DSL,No,0,0,0,0
CUST-03544,56,64.12,3345.51,2,26.6,0,6.2,Month-to-month,Bank transfer,Fiber optic,No,0,1,0,0
CUST-03545,3,20.0,220.64,1,-6.7,0,6.1,One year,Bank transfer,None,No,0,1,1,0
CUST-03546,46,103.82,5215.63,2,-0.5,0,6.7,Two year,Electronic check,DSL,No,0,0,0,0
CUST-03547,30,84.8,2161.69,3,-13.6,3,8.3,Month-to-month,Credit card,None,Yes,0,1,0,1
CUST-03548,64,69.21,4545.41,1,-0.2,0,7.0,One year,Credit card,Fiber optic,Yes,0,0,0,0
CUST-03549,23,50.95,1306.61,3,17.0,1,6.1,One year,Electronic check,DSL,Yes,0,0,1,0
CUST-03550,46,36.84,1826.54,0,11.4,1,6.5,Two year,Electronic check,Fiber optic,No,0,1,1,0
CUST-03551,32,84.27,3107.34,0,35.6,1,9.3,One year,Electronic check,Fiber optic,No,0,0,1,0
CUST-03552,38,123.18,5189.84,1,40.9,0,9.0,Month-to-month,Bank transfer,DSL,No,0,0,1,0
CUST-03553,68,83.69,5632.55,4,5.8,1,7.8,One year,Electronic check,Fiber optic,Yes,0,0,1,0
CUST-03554,52,39.28,2210.85,2,-2.9,0,7.4,Two year,Credit card,Fiber optic,No,0,0,1,0
CUST-03555,30,84.3,2550.06,2,26.6,2,10.0,Month-to-month,Electronic check,DSL,No,0,0,0,0
CUST-03556,33,76.51,2366.8,1,28.2,0,7.9,One year,Mailed check,Fiber optic,No,0,1,0,0
CUST-03557,51,102.19,5279.39,1,15.1,0,7.4,Month-to-month,Electronic check,None,Yes,0,1,1,0
CUST-03558,25,94.99,2542.62,3,19.3,2,6.7,Month-to-month,Bank transfer,DSL,No,0,0,0,0
CUST-03559,13,20.0,314.23,4,16.8,1,7.7,One year,Mailed check,DSL,Yes,0,1,0,0
CUST-03560,34,93.27,2950.88,4,-7.8,1,1.6,Month-to-month,Electronic check,DSL,No,0,0,1,1
CUST-03561,5,49.9,133.61,1,-11.5,2,8.9,Month-to-month,Credit card,None,Yes,0,1,1,0
CUST-03562,13,38.19,382.49,1,7.2,0,4.8,One year,Electronic check,DSL,No,0,0,1,0
CUST-03563,31,72.72,2043.71,2,4.8,0,5.8,Month-to-month,Bank transfer,DSL,No,0,0,1,1
CUST-03564,58,89.51,5269.96,1,12.4,0,4.6,Two year,Mailed check,Fiber optic,Yes,0,0,0,0
CUST-03565,57,32.06,1931.95,1,5.9,0,5.8,Month-to-month,Electronic check,None,No,1,1,1,0
CUST-03566,19,97.73,2101.75,0,-19.3,0,6.5,One year,Electronic check,Fiber optic,No,0,0,0,0
CUST-03567,31,99.37,2866.06,1,-25.8,1,8.7,Month-to-month,Electronic check,DSL,No,0,1,0,0
CUST-03568,12,79.32,807.47,2,19.8,1,9.4,One year,Electronic check,DSL,No,0,0,0,0
CUST-03569,55,53.71,3342.69,3,-2.6,0,10.0,Two year,Bank transfer,DSL,No,0,0,1,0
CUST-03570,18,50.58,869.32,1,4.3,0,7.3,One year,Credit card,DSL,Yes,0,0,0,0
CUST-03571,58,106.73,6197.87,1,-0.9,1,6.7,One year,Electronic check,Fiber optic,No,1,0,0,0
CUST-03572,61,35.69,2133.31,0,-6.6,0,8.5,Month-to-month,Bank transfer,None,Yes,0,0,1,0
CUST-03573,50,107.81,5673.76,2,-7.0,0,5.6,Two year,Credit card,Fiber optic,Yes,1,0,0,0
CUST-03574,24,73.37,2053.83,1,24.3,0,5.4,Month-to-month,Credit card,Fiber optic,No,0,0,1,0
CUST-03575,69,75.32,5475.38,3,4.2,2,6.4,Month-to-month,Mailed check,None,Yes,0,1,0,0
CUST-03576,50,30.17,1515.14,3,18.2,0,7.0,Month-to-month,Credit card,Fiber optic,No,0,1,0,0
CUST-03577,47,73.89,3254.72,4,20.3,0,3.4,One year,Electronic check,Fiber optic,No,0,0,0,0
CUST-03578,62,95.18,6382.46,2,13.1,1,9.0,Two year,Electronic check,Fiber optic,Yes,0,1,0,0
CUST-03579,64,40.58,2811.2,3,20.8,1,7.5,Two year,Credit card,Fiber optic,Yes,0,0,1,0
CUST-03580,6,91.96,437.6,3,8.2,0,8.5,One year,Electronic check,None,No,0,0,1,0
CUST-03581,64,80.49,5507.31,2,29.8,1,4.3,One year,Electronic check,DSL,No,0,1,0,0
CUST-03582,56,59.97,3224.42,1,21.2,1,5.9,Two year,Credit card,Fiber optic,No,0,1,1,0
CUST-03583,15,101.93,1881.63,2,23.3,2,5.8,One year,Bank transfer,DSL,No,0,1,1,0
CUST-03584,23,20.0,829.57,2,-7.0,2,6.7,Month-to-month,Bank transfer,DSL,No,0,0,0,0
CUST-03585,55,87.71,4593.68,1,12.2,1,7.0,Two year,Bank transfer,DSL,No,0,1,1,0
CUST-03586,16,123.34,2118.88,0,-21.4,1,8.7,Two year,Electronic check,DSL,No,0,0,0,0
CUST-03587,33,118.32,4100.11,1,30.4,1,7.3,One year,Electronic check,Fiber optic,No,0,0,0,1
CUST-03588,50,88.91,5099.23,5,-2.0,1,5.8,One year,Mailed check,None,Yes,0,0,1,0
CUST-03589,47,69.55,3083.27,3,0.2,2,10.0,Two year,Electronic check,Fiber optic,Yes,0,0,0,0
CUST-03590,66,60.2,4331.34,2,-13.9,2,6.6,One year,Bank transfer,None,Yes,0,0,0,0
CUST-03591,9,69.52,630.02,1,7.4,0,5.5,Month-to-month,Electronic check,Fiber optic,Yes,0,0,0,0
CUST-03592,22,93.23,1740.72,0,3.7,1,3.7,Two year,Electronic check,DSL,Yes,0,0,0,1
CUST-03593,71,55.4,3903.4,5,37.2,1,7.3,One year,Electronic check,Fiber optic,Yes,1,1,0,0
CUST-03594,41,99.21,4068.23,0,21.7,2,8.3,One year,Electronic check,None,No,0,0,1,0
CUST-03595,18,137.73,2214.42,2,-0.2,1,5.0,Month-to-month,Credit card,DSL,No,0,0,0,1
CUST-03596,21,76.27,1679.71,5,-18.7,1,8.2,Month-to-month,Electronic check,None,No,0,1,1,0
CUST-03597,25,40.36,1248.45,3,-28.5,0,7.3,Month-to-month,Bank transfer,DSL,No,0,1,1,0
CUST-03598,40,40.35,1673.55,0,-8.4,1,3.9,Month-to-month,Credit card,Fiber optic,No,0,1,1,0
CUST-03599,21,99.74,1959.08,4,-13.3,1,8.2,Month-to-month,Bank transfer,Fiber optic,No,1,0,0,0
CUST-03600,45,76.33,3397.73,1,13.6,3,6.6,One year,Electronic check,None,No,0,0,1,0
CUST-03601,33,102.55,3383.01,1,5.7,2,5.1,Month-to-month,Electronic check,DSL,Yes,0,0,1,0
CUST-03602,44,63.06,2828.97,0,8.3,0,8.8,Month-to-month,Electronic check,DSL,No,0,1,0,0
CUST-03603,12,101.26,1492.58,2,-7.2,2,8.8,Month-to-month,Electronic check,DSL,No,0,1,1,0
CUST-03604,45,73.57,3378.63,0,10.4,1,5.0,One year,Bank transfer,DSL,No,0,0,0,0
CUST-03605,67,57.49,3501.16,2,-14.7,2,7.6,One year,Bank transfer,DSL,Yes,1,0,1,0
CUST-03606,10,66.77,527.12,1,6.6,0,7.5,Month-to-month,Electronic check,DSL,No,0,0,0,0
CUST-03607,24,44.48,1109.03,0,21.3,1,7.0,Month-to-month,Electronic check,None,No,0,0,0,0
CUST-03608,50,133.7,6966.03,0,2.2,1,6.2,Month-to-month,Credit card,DSL,No,1,0,1,1
CUST-03609,45,75.3,3712.96,1,15.1,1,6.8,One year,Electronic check,None,Yes,0,1,0,0
CUST-03610,49,96.05,5150.12,1,-23.6,0,8.8,One year,Bank transfer,Fiber optic,No,0,1,1,0
CUST-03611,41,62.97,2614.42,3,-24.9,1,7.8,One year,Mailed check,DSL,No,0,0,1,0
CUST-03612,50,48.55,2618.33,1,13.2,3,3.6,Two year,Credit card,DSL,Yes,0,1,0,0
CUST-03613,44,71.45,2780.18,2,24.8,0,3.2,One year,Electronic check,Fiber optic,Yes,0,1,1,0
CUST-03614,6,108.83,760.45,0,4.2,0,3.8,Month-to-month,Bank transfer,DSL,No,1,0,1,0
CUST-03615,55,63.42,3219.28,2,42.3,1,4.7,Month-to-month,Mailed check,DSL,No,0,0,0,0
CUST-03616,33,53.63,1754.16,1,-15.1,2,5.7,Month-to-month,Credit card,None,Yes,0,0,1,0
CUST-03617,4,82.35,1086.86,0,-2.9,0,6.3,Month-to-month,Credit card,DSL,No,1,1,1,0
CUST-03618,30,91.97,2834.99,1,10.2,2,7.0,Month-to-month,Bank transfer,Fiber optic,No,0,0,0,1
CUST-03619,32,124.0,3752.05,2,15.4,1,7.0,Month-to-month,Mailed check,None,No,0,1,1,0
CUST-03620,7,87.91,717.32,2,-1.3,2,7.0,Month-to-month,Electronic check,Fiber optic,Yes,0,0,0,0
CUST-03621,72,96.03,6784.89,2,-8.9,0,9.2,Month-to-month,Bank transfer,DSL,No,1,0,1,0
CUST-03622,17,98.14,1428.19,0,17.9,2,4.1,Two year,Bank transfer,DSL,No,0,1,0,0
CUST-03623,24,45.72,1623.06,3,10.1,1,7.7,Month-to-month,Bank transfer,Fiber optic,Yes,1,0,0,0
CUST-03624,32,51.03,1899.66,1,2.5,2,7.7,Month-to-month,Electronic check,Fiber optic,Yes,1,0,0,0
CUST-03625,60,47.65,2945.38,0,16.0,0,4.8,Month-to-month,Credit card,DSL,Yes,0,1,1,0
CUST-03626,54,40.7,2099.84,1,5.8,2,8.1,One year,Electronic check,None,Yes,0,0,1,0
CUST-03627,56,100.27,5537.42,0,5.8,1,7.8,Two year,Bank transfer,None,No,0,0,1,0
CUST-03628,18,86.12,1935.78,0,5.2,0,7.0,Month-to-month,Mailed check,None,Yes,0,1,1,0
CUST-03629,61,80.23,4970.67,1,-5.1,2,2.7,Two year,Electronic check,Fiber optic,No,0,1,1,0
CUST-03630,60,20.0,429.3,2,-6.8,0,8.8,Two year,Electronic check,Fiber optic,No,0,0,0,0
CUST-03631,34,135.55,5213.93,6,-0.4,0,7.5,One year,Bank transfer,Fiber optic,Yes,0,0,1,1
CUST-03632,40,52.96,2164.17,3,8.5,0,7.8,One year,Bank transfer,None,No,0,0,0,0
CUST-03633,3,135.45,492.19,3,-21.9,1,1.0,Month-to-month,Electronic check,Fiber optic,Yes,0,0,1,1
CUST-03634,55,37.42,2329.77,1,23.1,0,6.1,Month-to-month,Credit card,DSL,No,0,0,1,0
CUST-03635,70,55.25,3983.85,2,8.3,1,4.5,One year,Credit card,None,Yes,0,0,1,0
CUST-03636,35,20.0,886.73,1,-9.0,0,9.4,Two year,Electronic check,DSL,No,0,1,1,0
CUST-03637,39,88.14,3331.53,1,33.9,1,5.1,One year,Bank transfer,Fiber optic,No,0,0,0,0
CUST-03638,36,47.16,1390.31,2,8.7,0,9.8,Month-to-month,Bank transfer,Fiber optic,No,0,1,0,0
CUST-03639,6,47.96,357.82,2,-13.4,2,8.8,Month-to-month,Bank transfer,DSL,Yes,1,0,0,0
CUST-03640,45,39.57,2138.55,1,33.1,0,7.5,Month-to-month,Mailed check,Fiber optic,No,0,0,1,0
CUST-03641,52,99.77,5026.09,0,29.7,1,9.1,Two year,Bank transfer,DSL,No,0,0,0,0
CUST-03642,67,97.92,6378.63,6,-6.5,0,5.4,Month-to-month,Electronic check,Fiber optic,No,0,0,1,1
CUST-03643,67,128.74,8930.83,1,2.8,0,5.7,Month-to-month,Bank transfer,None,No,0,0,1,0
CUST-03644,36,58.8,2002.49,2,0.7,1,8.8,One year,Credit card,None,No,1,0,1,0
CUST-03645,70,84.13,5786.46,1,-22.2,1,5.4,Month-to-month,Bank transfer,DSL,No,0,0,0,0
CUST-03646,39,41.9,1540.81,2,13.2,0,4.7,Month-to-month,Electronic check,DSL,No,0,1,0,0
CUST-03647,47,68.62,3208.89,4,21.5,2,6.5,Month-to-month,Electronic check,Fiber optic,No,0,0,1,0
CUST-03648,44,63.47,2399.27,1,18.5,2,5.5,Month-to-month,Credit card,Fiber optic,No,0,0,0,1
CUST-03649,72,91.0,6417.16,0,8.5,1,10.0,Month-to-month,Electronic check,None,No,0,0,1,0
CUST-03650,54,106.48,5807.51,5,23.1,0,8.5,Month-to-month,Electronic check,DSL,No,0,1,0,0
CUST-03651,9,105.75,1007.56,0,-10.2,2,6.1,Month-to-month,Mailed check,Fiber optic,No,0,0,1,1
CUST-03652,6,54.4,615.9,2,37.1,0,5.3,One year,Credit card,DSL,No,0,0,1,0
CUST-03653,30,105.96,3638.65,1,-4.4,1,7.7,One year,Electronic check,None,No,0,1,1,0
CUST-03654,38,76.77,3295.38,2,-2.6,0,9.2,One year,Electronic check,Fiber optic,Yes,0,1,0,0
CUST-03655,49,68.91,3605.25,4,-1.2,2,7.6,One year,Bank transfer,DSL,No,0,1,1,0
CUST-03656,35,58.16,1998.42,1,-2.4,0,5.4,One year,Credit card,None,No,1,0,0,0
CUST-03657,38,62.32,2212.39,2,4.9,2,4.5,Month-to-month,Electronic check,Fiber optic,No,0,1,0,0
CUST-03658,67,126.78,8498.73,2,4.3,0,6.4,Month-to-month,Credit card,DSL,No,0,0,0,0
CUST-03659,25,86.61,2311.64,0,10.1,0,7.7,One year,Electronic check,DSL,No,1,1,0,0
CUST-03660,36,82.89,3189.52,1,-5.1,1,6.3,Month-to-month,Electronic check,DSL,Yes,0,0,0,0
CUST-03661,41,70.66,3052.83,2,10.7,1,8.9,Month-to-month,Credit card,Fiber optic,No,0,0,0,0
CUST-03662,34,146.49,4950.37,1,-9.4,3,8.0,Month-to-month,Credit card,Fiber optic,Yes,0,0,1,1
CUST-03663,70,114.54,8214.52,1,19.7,1,7.5,Two year,Credit card,DSL,Yes,0,0,1,0
CUST-03664,70,57.81,4361.92,3,19.5,0,8.0,Two year,Electronic check,Fiber optic,No,1,0,0,0
CUST-03665,37,70.34,2822.62,2,7.9,3,4.6,Month-to-month,Bank transfer,DSL,No,0,0,1,0
CUST-03666,33,72.0,2368.0,4,-2.4,1,6.2,Month-to-month,Electronic check,Fiber optic,Yes,1,1,0,1
CUST-03667,43,82.08,3320.98,2,13.0,1,5.2,Month-to-month,Electronic check,DSL,Yes,0,1,1,0
CUST-03668,14,58.37,602.79,0,-6.2,2,7.8,Month-to-month,Bank transfer,Fiber optic,Yes,0,1,1,0
CUST-03669,31,90.29,2628.69,3,8.6,2,5.3,Month-to-month,Bank transfer,DSL,Yes,0,0,1,0
CUST-03670,16,118.66,1962.83,1,5.6,1,7.2,Month-to-month,Credit card,Fiber optic,Yes,0,1,0,0
CUST-03671,11,41.22,583.37,2,50.1,0,6.8,One year,Mailed check,DSL,Yes,0,1,1,0
CUST-03672,7,46.41,20.0,0,-11.6,0,8.2,Two year,Credit card,Fiber optic,No,0,0,1,0
CUST-03673,43,64.47,2646.21,3,-34.7,1,4.9,Month-to-month,Credit card,Fiber optic,No,0,0,0,0
CUST-03674,1,65.77,126.59,1,-2.2,0,7.9,Month-to-month,Electronic check,Fiber optic,Yes,1,0,1,0
CUST-03675,47,133.96,6071.2,4,-19.4,2,5.2,One year,Credit card,DSL,No,0,0,0,0
CUST-03676,32,106.05,3502.08,2,-3.6,1,5.4,Month-to-month,Electronic check,Fiber optic,No,0,0,0,1
CUST-03677,27,104.44,2743.02,0,-12.8,1,6.8,Month-to-month,Bank transfer,DSL,Yes,0,1,0,0
CUST-03678,56,70.6,3772.74,0,-6.5,0,9.2,Month-to-month,Electronic check,Fiber optic,Yes,1,0,0,0
CUST-03679,39,69.98,2742.52,4,-9.0,1,5.6,One year,Bank transfer,None,Yes,0,0,0,0
CUST-03680,53,37.35,2077.62,2,23.4,0,3.9,Month-to-month,Credit card,Fiber optic,No,0,1,0,0
CUST-03681,52,99.89,4982.15,1,7.2,0,5.4,Month-to-month,Electronic check,Fiber optic,No,0,0,1,0
CUST-03682,3,91.75,214.6,3,25.2,0,6.4,One year,Credit card,DSL,No,0,0,0,0
CUST-03683,16,114.01,1941.08,1,8.6,1,10.0,Month-to-month,Mailed check,Fiber optic,No,0,0,1,0
CUST-03684,42,72.1,2837.68,3,22.9,0,7.8,Two year,Bank transfer,DSL,Yes,0,1,1,0
CUST-03685,71,74.03,4841.69,1,3.2,1,5.7,Month-to-month,Electronic check,DSL,Yes,0,1,1,0
CUST-03686,12,82.76,608.98,0,33.5,0,6.8,Month-to-month,Credit card,DSL,No,0,0,0,1
CUST-03687,8,102.97,719.25,0,15.5,0,9.9,Month-to-month,Electronic check,Fiber optic,No,0,0,1,0
CUST-03688,68,36.83,2174.84,0,-4.5,1,6.7,Two year,Electronic check,Fiber optic,No,0,0,1,0
CUST-03689,70,98.61,6815.77,1,17.9,1,6.7,Month-to-month,Electronic check,Fiber optic,Yes,0,1,1,0
CUST-03690,13,77.43,1422.83,2,8.4,1,6.4,Month-to-month,Bank transfer,Fiber optic,No,0,0,0,1
CUST-03691,29,48.36,1057.79,2,4.8,2,8.4,Month-to-month,Electronic check,DSL,No,0,0,1,0
CUST-03692,46,20.0,849.35,1,9.5,0,6.2,Two year,Electronic check,DSL,Yes,0,0,1,0
CUST-03693,15,74.18,1645.78,2,20.0,0,8.7,Two year,Bank transfer,None,No,0,0,1,0
CUST-03694,24,118.54,2946.99,2,-25.9,1,9.0,One year,Credit card,DSL,No,0,0,0,0
CUST-03695,29,124.89,3529.88,1,2.4,0,8.2,Month-to-month,Credit card,DSL,No,0,0,1,0
CUST-03696,47,87.95,4094.43,1,18.9,0,6.7,Month-to-month,Credit card,DSL,No,1,0,0,0
CUST-03697,23,132.94,3164.96,4,12.0,0,4.6,Month-to-month,Electronic check,Fiber optic,No,1,0,1,1
CUST-03698,30,76.8,2727.94,2,-10.0,1,6.7,Month-to-month,Credit card,Fiber optic,No,0,0,0,0
CUST-03699,21,104.69,2065.78,0,-29.9,1,5.9,Two year,Credit card,Fiber optic,Yes,0,0,0,0
CUST-03700,55,65.37,3405.95,0,35.2,1,5.7,One year,Electronic check,Fiber optic,No,0,0,1,0
CUST-03701,12,63.59,418.38,3,5.0,0,6.7,Month-to-month,Bank transfer,None,Yes,0,0,1,0
CUST-03702,17,59.03,1029.28,1,32.2,0,8.0,One year,Bank transfer,DSL,No,0,1,1,0
CUST-03703,18,20.31,20.0,3,20.7,0,6.0,Month-to-month,Bank transfer,Fiber optic,No,0,0,1,0
CUST-03704,66,114.04,7410.69,2,-4.7,0,4.6,Month-to-month,Credit card,Fiber optic,Yes,0,1,1,0
CUST-03705,69,60.03,3914.9,3,-32.0,2,5.4,Month-to-month,Bank transfer,DSL,Yes,0,0,0,0
CUST-03706,37,55.56,2324.25,1,0.6,1,10.0,Month-to-month,Electronic check,DSL,No,0,0,0,0
CUST-03707,12,44.96,412.42,1,7.4,0,8.1,Month-to-month,Credit card,Fiber optic,No,0,1,0,0
CUST-03708,55,72.28,4074.63,1,15.2,1,5.4,Month-to-month,Credit card,DSL,No,0,0,1,0
CUST-03709,36,127.38,4184.66,2,-9.8,0,9.4,Two year,Bank transfer,DSL,Yes,0,0,0,0
CUST-03710,62,136.63,8503.94,2,10.8,1,6.7,Two year,Bank transfer,Fiber optic,Yes,0,0,0,0
CUST-03711,26,31.5,518.21,2,10.8,0,10.0,Month-to-month,Credit card,DSL,Yes,0,0,1,0
CUST-03712,72,68.08,4795.35,4,23.8,2,7.6,One year,Electronic check,None,No,0,1,0,0
CUST-03713,59,49.04,3446.16,4,3.1,0,8.1,Month-to-month,Credit card,DSL,No,0,0,0,0
CUST-03714,17,105.67,2029.43,3,15.1,2,8.6,Month-to-month,Mailed check,DSL,No,1,0,1,0
CUST-03715,53,86.02,4526.96,0,12.6,1,9.8,Month-to-month,Credit card,Fiber optic,No,0,0,0,0
CUST-03716,21,60.18,2063.52,4,22.0,1,6.3,Month-to-month,Electronic check,DSL,No,0,1,1,0
CUST-03717,26,80.03,1851.99,1,-5.1,1,9.6,Month-to-month,Mailed check,DSL,No,0,1,0,0
CUST-03718,19,64.63,1519.27,1,-35.0,0,6.0,One year,Electronic check,DSL,No,0,0,0,0
CUST-03719,50,123.2,5776.83,1,4.2,0,6.4,One year,Bank transfer,Fiber optic,Yes,0,0,1,0
CUST-03720,19,93.31,1711.91,2,4.3,0,7.1,Month-to-month,Credit card,DSL,No,0,0,0,0
CUST-03721,46,96.76,4114.01,1,-10.5,1,8.8,Month-to-month,Electronic check,DSL,No,0,1,1,0
CUST-03722,42,20.0,904.32,3,-16.1,0,6.5,One year,Electronic check,DSL,Yes,0,1,1,0
CUST-03723,55,76.13,4201.14,4,-1.2,1,10.0,Two year,Bank transfer,DSL,No,0,0,0,0
CUST-03724,72,136.33,9738.84,1,6.2,1,9.5,Month-to-month,Electronic check,DSL,Yes,0,1,0,0
CUST-03725,1,115.13,388.14,2,9.5,1,7.2,Month-to-month,Bank transfer,None,No,0,0,1,0
CUST-03726,72,26.28,1750.39,3,-28.6,0,5.4,Two year,Credit card,DSL,Yes,0,0,1,0
CUST-03727,8,69.22,635.47,1,-20.1,1,8.9,Month-to-month,Credit card,Fiber optic,Yes,0,0,0,0
CUST-03728,38,44.36,1890.82,1,26.1,0,3.3,One year,Mailed check,Fiber optic,No,0,1,1,0
CUST-03729,25,125.91,2776.94,1,5.0,0,8.4,Month-to-month,Mailed check,Fiber optic,No,0,0,1,0
CUST-03730,47,84.84,3800.38,2,8.0,1,5.6,Two year,Mailed check,Fiber optic,Yes,0,0,0,0
CUST-03731,52,56.5,2951.47,1,-13.3,0,9.4,Two year,Bank transfer,Fiber optic,Yes,0,1,0,0
CUST-03732,62,78.96,5053.06,3,7.9,1,4.6,Month-to-month,Electronic check,DSL,No,0,0,1,0
CUST-03733,29,20.0,935.31,5,2.0,1,5.9,Month-to-month,Credit card,None,No,0,0,0,0
CUST-03734,68,47.62,3184.19,2,-1.9,0,7.9,One year,Mailed check,DSL,No,0,1,0,0
CUST-03735,24,79.02,1817.36,5,-15.4,1,8.2,Month-to-month,Credit card,None,No,0,0,0,0
CUST-03736,15,101.68,1307.05,1,-5.9,1,6.0,Month-to-month,Credit card,Fiber optic,No,1,0,0,1
CUST-03737,28,23.64,744.42,1,39.6,3,6.5,Month-to-month,Credit card,Fiber optic,No,0,0,0,0
CUST-03738,39,67.33,2551.59,4,2.4,0,8.8,Month-to-month,Bank transfer,Fiber optic,Yes,0,1,1,0
CUST-03739,49,106.27,5138.72,3,20.6,1,8.9,Two year,Bank transfer,DSL,No,0,0,1,0
CUST-03740,60,37.36,2218.13,1,4.9,1,6.5,Month-to-month,Electronic check,Fiber optic,No,0,0,1,0
CUST-03741,17,84.42,1573.05,2,3.0,1,6.0,Month-to-month,Credit card,Fiber optic,Yes,0,1,0,0
CUST-03742,22,79.85,1615.77,1,-2.2,2,4.6,One year,Bank transfer,Fiber optic,Yes,0,1,1,0
CUST-03743,68,126.0,8374.96,4,29.5,1,7.6,One year,Electronic check,DSL,No,0,0,1,0
CUST-03744,32,71.56,2397.85,3,14.0,1,8.6,Month-to-month,Electronic check,None,Yes,0,0,0,0
CUST-03745,18,73.2,561.17,2,-4.6,1,7.4,Month-to-month,Bank transfer,Fiber optic,No,0,0,0,0
CUST-03746,71,101.94,7086.82,1,1.7,1,5.4,Month-to-month,Bank transfer,Fiber optic,Yes,0,0,0,0
CUST-03747,33,40.86,1060.55,1,25.2,2,10.0,Two year,Credit card,Fiber optic,Yes,0,0,0,0
CUST-03748,71,71.82,5400.03,0,-35.0,1,3.3,Month-to-month,Mailed check,DSL,No,0,0,1,0
CUST-03749,67,65.24,4260.85,1,13.0,0,8.7,Month-to-month,Electronic check,Fiber optic,No,0,0,0,0
CUST-03750,66,74.11,4751.08,3,16.6,0,7.5,Two year,Electronic check,Fiber optic,No,0,0,1,0
CUST-03751,42,101.76,4261.76,0,-4.0,0,7.9,Month-to-month,Electronic check,Fiber optic,Yes,0,1,0,0
CUST-03752,58,93.52,5275.32,2,10.5,0,5.7,Two year,Electronic check,DSL,No,0,0,0,0
CUST-03753,70,57.04,3892.14,3,16.0,1,6.8,One year,Credit card,Fiber optic,No,0,0,1,0
CUST-03754,20,81.83,1660.88,1,-11.7,1,7.6,Month-to-month,Credit card,DSL,No,0,0,1,0
CUST-03755,3,119.73,253.68,0,21.5,0,6.9,Two year,Electronic check,DSL,No,0,0,0,1
CUST-03756,24,54.72,1205.98,4,12.8,0,3.9,Month-to-month,Bank transfer,None,Yes,1,0,0,0
CUST-03757,46,82.06,3522.22,0,5.6,0,10.0,Two year,Credit card,Fiber optic,No,1,0,1,0
CUST-03758,40,72.59,2615.15,1,9.7,2,8.3,Month-to-month,Electronic check,DSL,No,0,0,0,0
CUST-03759,6,76.24,472.6,3,19.3,1,7.2,Month-to-month,Mailed check,DSL,No,0,0,1,0
CUST-03760,41,32.34,1402.59,1,45.1,0,7.3,Month-to-month,Electronic check,Fiber optic,No,0,0,1,0
CUST-03761,13,117.5,1170.46,1,17.8,0,10.0,Month-to-month,Electronic check,Fiber optic,Yes,1,0,1,0
CUST-03762,37,56.32,2273.83,1,21.0,0,5.8,Month-to-month,Bank transfer,Fiber optic,No,0,1,0,0
CUST-03763,42,106.73,4673.67,2,11.1,2,5.4,Month-to-month,Electronic check,DSL,No,0,1,0,1
CUST-03764,46,60.6,3031.27,1,38.4,0,8.6,Month-to-month,Electronic check,None,No,1,0,0,0
CUST-03765,30,60.49,1889.67,0,-15.5,0,7.9,Month-to-month,Electronic check,DSL,No,0,0,0,0
CUST-03766,30,111.97,3518.37,1,-19.8,0,5.3,Month-to-month,Electronic check,DSL,No,1,0,1,0
CUST-03767,49,105.83,5731.93,3,10.4,0,9.1,One year,Bank transfer,Fiber optic,Yes,1,0,0,0
CUST-03768,54,83.84,4451.98,2,18.6,1,7.6,One year,Electronic check,DSL,Yes,0,0,0,0
CUST-03769,59,99.31,5597.87,3,-33.2,0,5.5,One year,Electronic check,Fiber optic,Yes,0,0,0,0
CUST-03770,25,69.92,1364.49,2,7.9,1,8.0,One year,Bank transfer,Fiber optic,Yes,0,0,0,0
CUST-03771,31,77.77,2849.79,1,5.1,2,7.7,Month-to-month,Credit card,DSL,No,0,0,1,0
CUST-03772,24,59.47,1869.48,1,19.9,2,6.9,Month-to-month,Credit card,Fiber optic,No,0,1,0,0
CUST-03773,38,103.31,3694.63,1,14.9,2,7.8,One year,Bank transfer,Fiber optic,Yes,0,0,1,0
CUST-03774,10,58.58,403.97,0,-20.9,0,8.2,Month-to-month,Mailed check,None,Yes,0,0,1,0
CUST-03775,31,119.58,3625.98,1,-9.3,0,8.7,One year,Electronic check,Fiber optic,No,0,0,1,0
CUST-03776,14,69.16,1274.3,1,-4.9,1,7.3,Month-to-month,Credit card,Fiber optic,No,0,0,1,0
CUST-03777,39,78.57,2742.4,3,19.8,2,6.6,Month-to-month,Bank transfer,Fiber optic,Yes,1,1,1,0
CUST-03778,62,99.24,5661.23,4,14.0,1,7.5,Month-to-month,Mailed check,DSL,No,0,0,0,0
CUST-03779,71,78.67,6127.45,4,-1.9,2,9.2,One year,Electronic check,Fiber optic,No,0,0,1,0
CUST-03780,33,69.66,2376.87,0,10.3,3,8.2,Two year,Mailed check,None,No,1,1,0,0
CUST-03781,5,77.16,499.4,2,-8.9,0,6.5,One year,Mailed check,Fiber optic,No,1,1,1,0
CUST-03782,17,103.03,1700.23,3,40.8,1,7.2,One year,Electronic check,DSL,Yes,0,1,0,1
CUST-03783,8,59.44,591.97,2,17.2,0,10.0,One year,Bank transfer,Fiber optic,No,0,0,0,0
CUST-03784,55,74.47,3717.3,2,20.6,1,8.4,Two year,Electronic check,Fiber optic,Yes,0,1,1,0
CUST-03785,71,78.29,5348.36,1,30.0,1,7.4,Two year,Electronic check,Fiber optic,Yes,0,0,1,0
CUST-03786,40,102.21,4114.69,2,24.3,0,9.2,Month-to-month,Bank transfer,Fiber optic,Yes,0,1,1,0
CUST-03787,13,75.2,409.88,2,8.5,2,6.1,Month-to-month,Bank transfer,DSL,Yes,0,1,1,0
CUST-03788,2,128.63,181.63,1,5.0,0,7.7,Two year,Bank transfer,DSL,Yes,0,0,1,0
CUST-03789,71,73.62,5135.98,1,28.6,0,10.0,One year,Electronic check,DSL,No,0,0,1,0
CUST-03790,23,71.34,1565.15,2,8.4,0,8.3,Month-to-month,Electronic check,DSL,Yes,0,1,0,0
CUST-03791,9,73.21,521.12,1,-4.0,1,10.0,One year,Electronic check,Fiber optic,No,0,0,0,0
CUST-03792,13,41.13,285.72,1,39.5,0,6.9,Month-to-month,Electronic check,Fiber optic,No,1,1,1,0
CUST-03793,19,48.97,474.92,2,-7.0,0,6.2,Two year,Bank transfer,Fiber optic,Yes,0,1,0,0
CUST-03794,48,63.14,3066.91,3,-19.8,2,9.2,Month-to-month,Electronic check,DSL,No,1,0,0,0
CUST-03795,65,109.8,7061.97,3,23.9,0,3.8,Two year,Credit card,DSL,Yes,1,0,1,0
CUST-03796,20,77.07,1197.58,1,-3.7,0,7.4,One year,Credit card,DSL,No,0,1,1,0
CUST-03797,50,64.43,3237.13,0,15.0,2,9.0,Month-to-month,Mailed check,DSL,Yes,0,0,0,0
CUST-03798,5,112.34,487.96,1,37.1,0,8.1,Two year,Electronic check,Fiber optic,No,0,1,0,1
CUST-03799,1,121.43,20.0,1,-14.0,0,3.3,Month-to-month,Electronic check,Fiber optic,Yes,1,0,0,1
CUST-03800,4,113.15,20.0,0,7.3,0,4.7,One year,Electronic check,None,Yes,0,0,1,0
CUST-03801,67,54.11,3796.06,3,31.7,0,6.9,Month-to-month,Bank transfer,Fiber optic,No,0,0,0,0
CUST-03802,42,64.13,2385.2,0,18.9,0,8.0,Month-to-month,Mailed check,None,No,0,0,1,0
CUST-03803,58,128.78,7485.06,0,5.1,1,8.0,One year,Credit card,Fiber optic,No,1,0,0,1
CUST-03804,2,84.75,20.0,1,46.2,1,7.1,One year,Mailed check,Fiber optic,Yes,1,1,1,1
CUST-03805,2,70.51,43.84,1,6.5,0,8.4,Two year,Mailed check,DSL,No,0,1,1,0
CUST-03806,62,98.11,6370.89,3,14.3,0,7.9,One year,Bank transfer,Fiber optic,No,0,1,1,0
CUST-03807,8,106.2,982.5,0,34.4,0,6.9,Month-to-month,Bank transfer,None,No,0,0,1,0
CUST-03808,12,62.0,1026.51,2,23.7,1,8.1,Two year,Electronic check,Fiber optic,Yes,0,0,0,0
CUST-03809,38,84.14,3279.92,1,29.1,2,5.9,Two year,Credit card,Fiber optic,No,0,0,0,0
CUST-03810,44,103.94,4672.4,2,-6.4,0,8.2,Two year,Bank transfer,Fiber optic,No,0,0,0,0
CUST-03811,17,45.51,328.39,1,27.7,0,5.6,Two year,Electronic check,Fiber optic,No,0,0,0,0
CUST-03812,33,78.35,2506.17,2,10.7,0,8.0,One year,Mailed check,DSL,Yes,0,1,1,0
CUST-03813,49,46.8,2236.97,1,-3.9,0,7.9,One year,Credit card,Fiber optic,Yes,0,0,0,0
CUST-03814,32,50.46,1920.64,0,11.6,2,6.6,One year,Mailed check,DSL,No,0,0,0,0
CUST-03815,28,62.23,1615.88,2,11.0,0,8.2,Month-to-month,Electronic check,Fiber optic,No,0,1,1,0
CUST-03816,6,91.36,614.37,2,37.9,2,9.9,Two year,Credit card,DSL,No,0,0,0,0
CUST-03817,33,68.98,2332.78,3,14.1,0,5.3,Month-to-month,Credit card,DSL,No,0,0,1,0
CUST-03818,58,59.84,3760.14,3,-4.5,0,8.8,Month-to-month,Electronic check,None,Yes,0,1,1,0
CUST-03819,46,79.44,3620.8,3,-8.2,1,9.1,Month-to-month,Electronic check,Fiber optic,No,1,0,0,0
CUST-03820,65,45.89,3189.8,3,7.2,1,6.7,Month-to-month,Electronic check,DSL,Yes,0,0,0,0
CUST-03821,10,90.01,473.88,1,-13.5,1,8.5,One year,Electronic check,DSL,No,0,0,1,0
CUST-03822,1,109.68,20.0,1,-3.4,0,6.6,Month-to-month,Credit card,Fiber optic,No,0,0,0,0
CUST-03823,40,75.78,2460.36,1,4.1,0,9.4,Month-to-month,Mailed check,Fiber optic,No,1,1,0,0
CUST-03824,13,72.33,1136.79,3,1.2,0,2.2,Month-to-month,Mailed check,DSL,Yes,0,1,0,0
CUST-03825,43,88.46,3972.2,1,19.6,2,9.7,One year,Electronic check,Fiber optic,Yes,0,0,0,0
CUST-03826,66,21.2,1623.41,2,-3.8,0,5.1,Month-to-month,Credit card,Fiber optic,No,0,1,0,0
CUST-03827,25,93.03,2156.41,2,-31.5,3,7.3,Month-to-month,Electronic check,DSL,No,0,0,0,0
CUST-03828,40,164.85,6453.11,1,-19.0,0,5.6,Month-to-month,Electronic check,Fiber optic,No,0,0,0,1
CUST-03829,50,74.57,3698.24,0,7.7,1,9.8,Two year,Credit card,Fiber optic,No,0,0,1,0
CUST-03830,11,74.66,1182.18,1,-1.4,0,6.7,Month-to-month,Mailed check,Fiber optic,No,0,0,1,0
CUST-03831,65,98.82,6846.76,2,-11.8,2,6.1,Two year,Mailed check,Fiber optic,No,0,0,1,0
CUST-03832,15,124.07,2059.5,1,39.3,2,9.1,Month-to-month,Bank transfer,None,No,0,1,0,1
CUST-03833,59,105.3,6295.45,4,21.3,0,8.4,Month-to-month,Credit card,DSL,No,0,0,0,0
CUST-03834,48,20.0,1293.85,4,7.1,1,6.5,Two year,Bank transfer,Fiber optic,No,0,0,1,0
CUST-03835,11,93.78,967.62,0,11.7,0,5.3,One year,Credit card,Fiber optic,No,0,1,1,0
CUST-03836,53,150.01,7852.79,0,3.8,1,5.1,Month-to-month,Electronic check,DSL,No,0,1,0,1
CUST-03837,15,95.43,1399.19,0,-12.1,0,9.4,One year,Electronic check,DSL,No,0,1,0,0
CUST-03838,44,45.67,1764.8,1,24.5,1,7.9,Month-to-month,Mailed check,Fiber optic,No,0,1,1,0
CUST-03839,70,85.89,5968.55,2,21.6,1,7.4,Month-to-month,Electronic check,None,No,0,0,1,0
CUST-03840,69,42.14,2628.31,1,-23.6,0,8.0,Month-to-month,Mailed check,None,No,0,0,1,0
CUST-03841,63,112.52,7345.01,4,11.6,0,3.6,Month-to-month,Electronic check,Fiber optic,No,0,0,1,0
CUST-03842,36,51.24,1980.56,4,13.4,1,6.5,Month-to-month,Credit card,None,Yes,0,0,0,0
CUST-03843,41,80.08,3640.67,3,2.9,0,6.6,Month-to-month,Mailed check,DSL,No,0,0,1,0
CUST-03844,22,53.98,780.24,0,41.6,0,8.9,Two year,Electronic check,None,Yes,0,0,0,0
CUST-03845,67,62.7,4676.32,4,39.8,1,4.5,Month-to-month,Bank transfer,Fiber optic,Yes,0,0,0,0
CUST-03846,35,119.61,3793.23,3,2.0,0,9.0,Month-to-month,Credit card,Fiber optic,No,0,1,0,0
CUST-03847,56,80.9,4230.82,2,4.4,1,10.0,Month-to-month,Electronic check,DSL,No,0,0,1,0
CUST-03848,26,62.34,1465.63,2,2.6,2,4.0,Two year,Electronic check,Fiber optic,No,1,1,0,0
CUST-03849,54,45.93,2807.15,4,-1.8,0,7.1,Month-to-month,Electronic check,DSL,No,0,1,0,0
CUST-03850,17,25.59,491.42,0,-6.7,0,8.0,Month-to-month,Electronic check,DSL,No,0,1,1,0
CUST-03851,53,42.96,2215.92,1,16.1,2,8.7,Two year,Electronic check,Fiber optic,No,0,0,0,0
CUST-03852,4,81.13,126.36,2,39.4,1,3.2,Month-to-month,Electronic check,None,No,1,0,0,1
CUST-03853,8,105.45,499.62,1,32.8,0,7.7,Month-to-month,Electronic check,Fiber optic,Yes,0,0,0,0
CUST-03854,26,62.31,1903.22,0,20.6,0,6.7,One year,Mailed check,None,Yes,1,1,0,0
CUST-03855,35,121.98,4468.96,1,-30.5,0,6.6,Month-to-month,Electronic check,DSL,Yes,0,0,1,0
CUST-03856,52,57.91,3349.43,2,-21.8,0,10.0,Month-to-month,Electronic check,DSL,No,0,1,0,0
CUST-03857,26,71.34,1954.04,2,25.0,0,6.7,One year,Credit card,DSL,No,0,0,0,0
CUST-03858,2,47.77,20.0,2,33.9,0,7.9,Two year,Credit card,DSL,No,1,0,1,0
CUST-03859,24,105.74,2226.61,1,16.9,4,6.9,Two year,Bank transfer,Fiber optic,No,0,1,0,1
CUST-03860,32,136.73,4491.58,0,3.1,0,7.5,One year,Bank transfer,Fiber optic,No,0,1,1,0
CUST-03861,40,28.67,1054.37,1,29.6,0,8.1,Month-to-month,Bank transfer,DSL,No,0,0,0,0
CUST-03862,47,68.31,3070.86,1,20.1,0,8.7,One year,Mailed check,DSL,Yes,0,0,0,0
CUST-03863,18,113.41,1765.57,1,26.2,1,5.7,Two year,Mailed check,DSL,No,0,0,1,0
CUST-03864,44,37.49,1886.46,1,-21.7,2,7.4,One year,Electronic check,Fiber optic,No,0,1,0,0
CUST-03865,46,93.87,4432.07,2,13.5,2,7.4,Month-to-month,Bank transfer,None,Yes,0,0,1,0
CUST-03866,56,112.2,6408.5,0,36.4,0,4.1,Two year,Credit card,DSL,Yes,0,0,1,0
CUST-03867,38,80.19,2888.82,2,16.4,0,5.4,Two year,Credit card,DSL,No,1,0,1,0
CUST-03868,59,93.41,5555.26,3,23.2,1,8.7,Month-to-month,Electronic check,DSL,No,0,0,0,1
CUST-03869,16,127.31,1702.52,3,8.6,0,6.3,One year,Mailed check,Fiber optic,Yes,0,0,1,0
CUST-03870,52,132.56,6860.66,1,9.7,1,10.0,Two year,Credit card,DSL,Yes,0,0,1,0
CUST-03871,4,76.26,20.0,1,30.4,1,8.8,Month-to-month,Bank transfer,Fiber optic,No,1,0,1,0
CUST-03872,8,63.09,112.69,3,-2.7,1,7.9,Two year,Bank transfer,Fiber optic,Yes,1,1,0,0
CUST-03873,63,52.24,3210.54,4,-4.3,2,9.8,Month-to-month,Bank transfer,Fiber optic,No,0,1,0,0
CUST-03874,35,105.35,4281.03,3,0.3,0,8.5,Month-to-month,Credit card,None,No,0,1,0,0
CUST-03875,45,39.59,1331.36,0,8.4,3,7.4,Two year,Bank transfer,DSL,Yes,1,1,0,0
CUST-03876,44,70.93,2810.02,1,-17.8,0,4.6,Two year,Credit card,Fiber optic,No,0,0,1,0
CUST-03877,51,80.88,4179.07,2,19.7,0,8.3,Month-to-month,Mailed check,Fiber optic,No,0,0,1,0
CUST-03878,18,63.92,1592.92,0,5.4,1,9.6,Two year,Credit card,Fiber optic,Yes,0,0,1,0
CUST-03879,13,85.83,1166.33,1,21.7,0,6.0,One year,Electronic check,Fiber optic,No,0,1,1,0
CUST-03880,4,149.81,774.78,3,-25.9,2,3.8,Two year,Bank transfer,DSL,Yes,0,0,0,1
CUST-03881,63,74.6,4615.4,2,21.7,1,5.2,Month-to-month,Electronic check,DSL,No,0,1,0,0
CUST-03882,17,65.81,991.11,3,29.4,0,10.0,Two year,Electronic check,Fiber optic,No,0,1,1,0
CUST-03883,42,106.43,4490.61,2,15.0,2,7.2,One year,Credit card,DSL,No,0,1,0,0
CUST-03884,33,84.71,2630.86,2,8.5,0,9.7,One year,Bank transfer,DSL,Yes,0,0,0,0
CUST-03885,12,118.3,1600.67,2,21.8,0,7.1,Month-to-month,Electronic check,Fiber optic,No,0,1,0,1
CUST-03886,30,82.61,2076.73,0,28.3,0,6.2,Month-to-month,Credit card,DSL,No,0,1,0,0
CUST-03887,6,71.04,648.74,4,16.4,0,10.0,Month-to-month,Electronic check,DSL,No,0,0,0,0
CUST-03888,13,28.06,374.61,2,17.6,0,6.4,Month-to-month,Mailed check,DSL,Yes,0,1,1,0
CUST-03889,11,32.65,305.47,4,34.5,1,6.7,Two year,Credit card,DSL,Yes,1,1,0,0
CUST-03890,60,26.6,1185.25,0,20.2,2,7.9,One year,Electronic check,None,Yes,0,1,0,0
CUST-03891,41,88.62,3388.47,3,-4.8,2,6.6,One year,Mailed check,DSL,Yes,0,1,1,0
CUST-03892,67,39.86,2970.28,1,28.3,3,8.5,Month-to-month,Electronic check,DSL,No,0,1,0,0
CUST-03893,32,113.16,3568.97,0,6.0,0,7.9,One year,Electronic check,DSL,Yes,0,0,1,0
CUST-03894,15,78.85,1252.35,5,8.5,1,8.0,Month-to-month,Bank transfer,Fiber optic,No,1,0,1,1
CUST-03895,44,71.16,2911.16,1,9.7,1,6.0,Two year,Electronic check,Fiber optic,Yes,0,0,1,0
CUST-03896,67,54.37,3635.53,1,23.5,0,4.1,Month-to-month,Credit card,DSL,Yes,0,0,0,0
CUST-03897,39,95.42,3378.34,2,36.0,0,5.6,Month-to-month,Mailed check,DSL,No,0,0,1,1
CUST-03898,2,55.47,135.91,2,8.4,0,5.8,Month-to-month,Credit card,DSL,No,0,0,1,0
CUST-03899,22,50.41,1201.68,4,35.7,0,7.6,Month-to-month,Bank transfer,Fiber optic,Yes,0,0,1,0
CUST-03900,67,111.27,7535.24,0,10.6,2,5.6,One year,Electronic check,Fiber optic,No,0,0,0,0
CUST-03901,38,87.93,3115.44,4,30.4,2,4.5,One year,Bank transfer,Fiber optic,Yes,1,0,0,1
CUST-03902,69,71.42,4842.47,1,11.2,0,5.0,Month-to-month,Electronic check,Fiber optic,No,0,1,0,0
CUST-03903,37,95.96,3684.82,1,0.1,2,7.8,One year,Mailed check,DSL,Yes,1,1,0,0
CUST-03904,1,78.25,25.39,1,38.8,1,8.3,Two year,Electronic check,Fiber optic,No,0,0,0,1
CUST-03905,63,88.72,5517.53,1,-1.4,1,6.2,One year,Electronic check,Fiber optic,No,0,0,0,0
CUST-03906,55,55.13,3508.02,0,-2.5,0,6.4,One year,Credit card,DSL,No,0,1,0,0
CUST-03907,52,135.97,6832.69,3,-12.1,0,8.2,Month-to-month,Credit card,None,No,0,0,0,0
CUST-03908,70,61.77,4594.0,2,28.3,1,7.4,One year,Mailed check,None,Yes,0,0,1,0
CUST-03909,15,121.57,1534.88,0,32.1,2,9.2,Month-to-month,Mailed check,Fiber optic,Yes,0,1,1,1
CUST-03910,66,72.71,4962.56,1,14.0,2,6.8,Month-to-month,Bank transfer,Fiber optic,No,0,1,0,0
CUST-03911,17,100.6,1887.24,1,-7.7,0,5.6,Month-to-month,Mailed check,None,No,0,1,1,0
CUST-03912,70,98.56,6771.61,2,7.9,1,9.1,Month-to-month,Mailed check,DSL,No,0,0,0,0
CUST-03913,14,110.11,1237.17,2,3.2,1,6.5,Month-to-month,Credit card,DSL,Yes,0,1,0,1
CUST-03914,40,54.46,1685.79,1,-8.5,0,5.7,Month-to-month,Mailed check,DSL,Yes,0,0,0,0
CUST-03915,57,108.12,6009.06,1,0.2,2,8.7,Two year,Credit card,DSL,Yes,1,0,0,0
CUST-03916,6,129.7,909.75,1,16.1,0,9.7,Month-to-month,Electronic check,DSL,No,0,0,1,1
CUST-03917,5,70.76,84.39,2,-1.7,1,7.4,Month-to-month,Credit card,DSL,Yes,0,0,0,0
CUST-03918,62,78.97,4920.38,3,12.7,2,5.3,Month-to-month,Electronic check,DSL,No,1,0,0,1
CUST-03919,5,63.34,20.0,0,-20.4,0,9.9,Month-to-month,Mailed check,DSL,No,1,1,1,0
CUST-03920,45,68.3,3015.03,3,34.9,1,7.8,Month-to-month,Bank transfer,None,No,0,0,0,0
CUST-03921,68,125.92,8275.8,2,1.7,0,7.5,One year,Bank transfer,None,No,1,1,1,0
CUST-03922,45,49.88,2225.1,0,21.9,1,6.4,Month-to-month,Credit card,Fiber optic,No,0,0,1,0
CUST-03923,35,51.62,1681.43,3,11.0,0,9.1,Month-to-month,Bank transfer,None,No,0,0,1,0
CUST-03924,31,123.11,3518.82,4,14.4,1,5.1,One year,Electronic check,Fiber optic,No,0,0,1,1
CUST-03925,46,95.49,4227.82,0,-10.1,0,4.9,Month-to-month,Credit card,Fiber optic,No,0,1,1,0
CUST-03926,42,137.37,5536.0,2,-4.2,0,10.0,Two year,Electronic check,Fiber optic,No,0,1,0,1
CUST-03927,37,65.39,2090.95,2,-3.8,1,5.5,Month-to-month,Credit card,Fiber optic,No,0,0,0,0
CUST-03928,12,81.54,1249.17,2,8.4,1,8.8,Month-to-month,Mailed check,Fiber optic,No,0,1,0,0
CUST-03929,48,59.5,2765.96,1,29.2,0,9.6,Month-to-month,Bank transfer,None,No,0,0,0,0
CUST-03930,54,82.01,3877.98,2,14.9,0,7.5,Two year,Credit card,Fiber optic,Yes,0,0,0,0
CUST-03931,52,28.33,1317.34,1,-6.4,0,5.5,Month-to-month,Electronic check,None,No,0,1,0,0
CUST-03932,6,97.18,811.76,0,9.4,1,8.2,Month-to-month,Credit card,Fiber optic,Yes,0,0,0,0
CUST-03933,51,87.06,4249.72,0,6.7,1,9.6,Month-to-month,Bank transfer,Fiber optic,Yes,1,0,0,0
CUST-03934,53,76.39,4423.11,0,2.4,3,7.7,Two year,Electronic check,Fiber optic,No,0,0,1,0
CUST-03935,14,67.07,724.81,1,7.8,0,5.8,One year,Mailed check,DSL,No,0,0,0,0
CUST-03936,62,52.95,3408.75,2,20.2,1,7.7,Month-to-month,Bank transfer,None,No,0,0,0,0
CUST-03937,38,98.38,3997.6,2,-3.5,1,4.6,One year,Credit card,Fiber optic,No,0,0,0,0
CUST-03938,35,45.21,1694.9,3,2.5,1,5.3,One year,Bank transfer,Fiber optic,No,0,1,0,0
CUST-03939,53,92.33,4549.87,0,23.7,1,6.6,Month-to-month,Mailed check,DSL,No,1,0,1,0
CUST-03940,37,136.08,4799.34,1,15.5,1,7.2,Month-to-month,Credit card,DSL,No,0,0,0,1
CUST-03941,40,119.59,5076.12,1,28.5,1,4.9,Month-to-month,Credit card,Fiber optic,No,0,1,1,1
CUST-03942,23,35.86,623.63,2,31.0,0,7.5,Month-to-month,Electronic check,Fiber optic,No,0,0,0,0
CUST-03943,67,62.97,4462.91,1,-13.8,1,8.0,One year,Credit card,DSL,Yes,0,0,0,0
CUST-03944,70,89.8,6178.43,2,12.6,1,6.7,Two year,Bank transfer,Fiber optic,Yes,0,1,0,0
CUST-03945,10,76.03,795.66,2,-0.1,2,3.2,One year,Credit card,DSL,Yes,0,0,1,0
CUST-03946,53,38.82,1710.93,2,-11.2,0,7.3,Month-to-month,Mailed check,DSL,Yes,0,0,0,0
CUST-03947,2,88.79,25.51,0,-4.6,0,10.0,Month-to-month,Credit card,Fiber optic,Yes,0,1,1,0
CUST-03948,27,77.72,1879.61,1,3.2,0,7.9,Month-to-month,Bank transfer,DSL,No,0,0,1,0
CUST-03949,70,131.6,9268.4,1,3.3,0,7.1,One year,Credit card,None,No,0,1,0,0
CUST-03950,13,70.91,945.13,2,-1.7,1,6.4,One year,Credit card,Fiber optic,No,1,0,0,1
CUST-03951,28,110.7,3215.26,2,7.8,0,8.1,One year,Credit card,Fiber optic,Yes,0,1,0,1
CUST-03952,16,42.52,557.69,3,47.1,1,7.5,Two year,Mailed check,DSL,Yes,0,1,0,0
CUST-03953,53,49.22,2376.1,0,-19.6,0,8.4,Month-to-month,Electronic check,DSL,No,0,0,0,0
CUST-03954,34,98.21,3384.82,3,26.2,1,5.1,One year,Bank transfer,DSL,No,0,1,1,0
CUST-03955,43,108.34,4401.22,1,7.7,1,7.3,Two year,Electronic check,None,No,0,0,1,0
CUST-03956,68,51.19,3750.53,1,1.0,2,6.3,Month-to-month,Credit card,Fiber optic,No,0,0,1,0
CUST-03957,38,78.67,2960.83,1,-24.3,1,7.8,One year,Bank transfer,Fiber optic,Yes,0,0,0,0
CUST-03958,53,39.32,2002.43,2,20.2,2,3.6,Month-to-month,Credit card,Fiber optic,No,0,1,0,0
CUST-03959,8,72.93,698.98,2,-15.1,1,6.4,Month-to-month,Electronic check,DSL,Yes,0,0,0,0
CUST-03960,16,101.43,1603.79,4,21.2,1,8.1,Month-to-month,Credit card,Fiber optic,Yes,0,1,0,0
CUST-03961,69,65.82,4127.07,2,35.9,0,8.4,Month-to-month,Electronic check,DSL,No,0,0,0,0
CUST-03962,62,71.03,4138.5,1,-12.5,2,7.0,One year,Bank transfer,None,No,0,0,1,0
CUST-03963,48,46.37,2490.19,0,26.7,1,3.2,Month-to-month,Bank transfer,Fiber optic,No,1,0,0,0
CUST-03964,28,59.85,1696.77,1,8.4,4,8.3,Month-to-month,Credit card,Fiber optic,Yes,0,0,0,0
CUST-03965,15,127.23,1488.06,1,-25.5,0,10.0,One year,Bank transfer,None,No,0,0,1,0
CUST-03966,62,80.04,5050.51,2,-11.3,1,5.6,Month-to-month,Credit card,Fiber optic,Yes,0,0,1,0
CUST-03967,57,49.94,2706.77,2,10.9,1,6.3,Month-to-month,Electronic check,Fiber optic,No,0,0,0,0
CUST-03968,18,69.19,1026.8,4,14.4,1,8.6,Two year,Credit card,DSL,No,0,1,1,0
CUST-03969,43,33.27,1144.39,1,-17.3,0,8.6,Two year,Bank transfer,DSL,Yes,0,0,1,0
CUST-03970,45,49.6,2481.98,1,8.5,1,9.1,Month-to-month,Electronic check,Fiber optic,No,0,0,0,0
CUST-03971,35,116.09,3571.78,3,21.2,0,8.9,Two year,Credit card,None,Yes,0,1,0,0
CUST-03972,67,74.01,4749.29,4,24.0,0,4.3,Two year,Mailed check,DSL,No,0,0,1,0
CUST-03973,9,130.94,1208.49,2,1.4,0,6.2,Month-to-month,Electronic check,Fiber optic,No,0,0,1,0
CUST-03974,19,75.33,1825.86,0,15.0,0,8.2,Two year,Electronic check,Fiber optic,Yes,0,0,1,0
CUST-03975,7,76.99,677.39,2,25.2,0,6.9,One year,Credit card,DSL,No,0,1,1,0
CUST-03976,50,95.95,4585.99,2,21.6,0,7.8,Two year,Mailed check,DSL,No,0,0,1,0
CUST-03977,47,20.0,1322.34,0,22.3,0,6.9,Month-to-month,Bank transfer,DSL,No,0,0,0,0
CUST-03978,72,83.74,5690.5,1,9.8,0,6.3,One year,Credit card,Fiber optic,No,0,0,1,0
CUST-03979,40,76.63,3131.53,2,6.5,1,6.7,Month-to-month,Electronic check,DSL,No,0,0,1,1
CUST-03980,11,119.61,1437.66,3,12.4,0,5.1,One year,Electronic check,Fiber optic,No,0,0,0,0
CUST-03981,33,105.01,3245.05,0,-4.2,0,5.8,Month-to-month,Electronic check,Fiber optic,No,1,1,1,0
CUST-03982,7,46.26,498.22,0,25.8,0,7.0,One year,Credit card,DSL,Yes,0,1,0,0
CUST-03983,49,112.78,5397.75,1,-16.5,0,7.0,Two year,Credit card,None,No,0,0,1,1
CUST-03984,49,70.66,3636.13,3,-0.1,1,8.1,Month-to-month,Credit card,Fiber optic,Yes,0,0,1,0
CUST-03985,62,52.68,2806.26,6,7.4,3,6.6,Month-to-month,Electronic check,DSL,No,1,0,0,0
CUST-03986,25,83.52,2171.74,2,15.5,0,10.0,Month-to-month,Electronic check,Fiber optic,No,0,0,0,0
CUST-03987,23,72.32,1560.33,1,18.5,1,9.3,Month-to-month,Bank transfer,Fiber optic,No,0,0,1,0
CUST-03988,6,121.08,1013.91,1,31.8,1,6.2,Two year,Bank transfer,Fiber optic,Yes,0,0,1,1
CUST-03989,30,87.54,2615.2,3,9.2,2,7.5,One year,Bank transfer,DSL,No,1,1,0,0
CUST-03990,35,83.76,3243.91,4,-3.5,1,9.3,One year,Credit card,Fiber optic,Yes,0,0,0,0
CUST-03991,55,103.22,5804.0,4,5.7,0,5.9,Two year,Bank transfer,None,No,0,1,0,0
CUST-03992,55,108.6,5941.12,2,2.9,0,5.8,One year,Credit card,Fiber optic,Yes,0,1,1,0
CUST-03993,11,99.94,1296.26,2,16.3,0,9.4,Month-to-month,Credit card,DSL,No,0,0,0,0
CUST-03994,21,117.74,2671.05,1,-9.1,2,8.3,Month-to-month,Electronic check,DSL,No,0,0,0,0
CUST-03995,37,95.04,3634.46,1,5.2,0,9.0,Month-to-month,Mailed check,DSL,Yes,0,1,0,0
CUST-03996,25,82.69,1494.17,0,34.0,1,7.7,Two year,Bank transfer,None,Yes,0,0,0,0
CUST-03997,2,112.7,20.0,1,10.9,1,6.6,Two year,Bank transfer,None,No,0,1,1,1
CUST-03998,61,75.45,4948.48,0,-8.8,0,4.7,Month-to-month,Credit card,DSL,No,1,0,0,0
CUST-03999,53,78.93,3869.3,1,2.6,0,7.3,Month-to-month,Mailed check,Fiber optic,No,0,1,1,0
CUST-04000,38,126.2,5016.22,0,-27.7,0,9.3,One year,Electronic check,DSL,No,0,0,1,0
CUST-04001,23,123.41,3015.04,3,7.1,0,9.3,One year,Electronic check,None,No,0,0,1,0
CUST-04002,61,77.77,4562.53,2,34.4,0,9.0,One year,Credit card,Fiber optic,No,0,1,1,0
CUST-04003,3,65.3,20.0,1,-11.0,0,8.5,Month-to-month,Bank transfer,Fiber optic,Yes,0,0,1,0
CUST-04004,33,118.97,3783.78,3,-15.3,1,10.0,One year,Credit card,DSL,Yes,0,1,1,0
CUST-04005,58,100.41,6343.28,3,-2.5,1,4.3,One year,Bank transfer,DSL,No,0,1,1,0
CUST-04006,69,86.84,5776.14,2,22.7,1,7.5,Month-to-month,Mailed check,Fiber optic,No,0,0,1,0
CUST-04007,19,68.99,1112.25,3,35.3,1,5.4,One year,Electronic check,Fiber optic,No,0,1,1,0
CUST-04008,47,87.29,3853.23,1,15.2,0,9.9,Month-to-month,Mailed check,Fiber optic,Yes,0,1,1,0
CUST-04009,14,77.39,1387.16,0,-12.6,1,6.1,Two year,Credit card,DSL,No,0,0,0,0
CUST-04010,9,59.4,473.87,2,7.6,2,8.9,Two year,Mailed check,Fiber optic,Yes,0,1,0,0
CUST-04011,26,81.61,1965.38,3,36.6,0,6.3,One year,Electronic check,None,No,0,0,1,0
CUST-04012,64,85.43,5820.89,2,3.0,2,7.9,Month-to-month,Bank transfer,DSL,Yes,1,0,0,0
CUST-04013,50,67.49,3519.37,4,10.2,2,6.9,Two year,Electronic check,Fiber optic,No,0,0,1,0
CUST-04014,36,103.31,3489.34,1,11.8,1,7.1,Month-to-month,Credit card,DSL,No,0,1,0,1
CUST-04015,21,114.09,2089.99,2,-16.7,0,7.7,Month-to-month,Electronic check,Fiber optic,No,0,0,1,0
CUST-04016,11,105.16,1446.3,3,24.0,2,8.8,Month-to-month,Bank transfer,DSL,No,0,0,1,1
CUST-04017,20,70.27,1409.6,1,21.7,1,6.9,Month-to-month,Electronic check,None,No,0,1,0,0
CUST-04018,11,99.16,703.49,1,-23.9,0,8.7,Two year,Credit card,DSL,No,0,1,0,0
CUST-04019,14,80.18,676.74,4,-13.3,0,9.0,Month-to-month,Credit card,Fiber optic,No,0,0,1,0
CUST-04020,50,43.4,1890.99,2,-7.5,0,6.3,One year,Electronic check,DSL,Yes,0,1,0,0
CUST-04021,10,96.84,658.53,3,20.0,1,10.0,One year,Credit card,DSL,Yes,1,0,1,0
CUST-04022,4,82.09,20.0,2,-4.0,2,8.4,One year,Electronic check,Fiber optic,No,0,1,0,0
CUST-04023,40,150.62,5749.92,2,14.4,0,6.3,Month-to-month,Mailed check,DSL,No,0,0,0,1
CUST-04024,21,118.8,2265.03,1,5.1,1,8.2,Month-to-month,Mailed check,Fiber optic,No,0,0,0,1
CUST-04025,33,97.91,3115.36,2,9.1,1,9.0,Two year,Electronic check,DSL,No,0,0,1,0
CUST-04026,11,84.98,1358.01,2,15.9,1,8.2,Month-to-month,Bank transfer,Fiber optic,Yes,0,0,1,1
CUST-04027,16,82.58,1254.57,2,12.4,5,7.5,Month-to-month,Credit card,DSL,Yes,0,0,1,1
CUST-04028,32,49.9,1554.91,0,7.7,0,1.0,One year,Credit card,Fiber optic,No,0,1,1,0
CUST-04029,50,29.31,1592.81,3,13.2,1,5.4,One year,Mailed check,Fiber optic,Yes,0,1,0,0
CUST-04030,30,53.57,1547.77,2,11.5,0,8.3,One year,Bank transfer,Fiber optic,Yes,1,0,1,0
CUST-04031,40,76.66,3166.44,1,4.6,0,5.3,Month-to-month,Bank transfer,DSL,No,1,1,0,1
CUST-04032,38,20.0,830.15,1,1.1,1,8.0,Month-to-month,Electronic check,None,No,1,1,1,0
CUST-04033,20,62.76,1285.85,1,38.1,1,8.7,Month-to-month,Bank transfer,Fiber optic,Yes,1,0,0,0
CUST-04034,21,71.07,2184.09,2,0.9,1,6.9,One year,Mailed check,None,Yes,0,0,0,0
CUST-04035,31,71.97,2458.85,0,29.9,1,3.9,Two year,Mailed check,Fiber optic,Yes,0,0,1,0
CUST-04036,3,59.47,20.0,2,-3.0,2,5.8,One year,Bank transfer,None,No,0,0,1,0
CUST-04037,50,68.44,3514.56,0,21.0,0,8.3,One year,Electronic check,Fiber optic,No,0,0,1,0
CUST-04038,45,126.27,5484.22,2,36.5,1,9.4,One year,Bank transfer,DSL,Yes,1,0,0,1
CUST-04039,23,96.54,2331.98,2,2.6,2,3.4,One year,Bank transfer,DSL,No,0,1,1,0
CUST-04040,27,62.31,1338.57,3,-2.7,1,7.2,Month-to-month,Credit card,Fiber optic,No,0,1,0,0
CUST-04041,24,76.09,1549.22,0,1.1,1,4.5,Two year,Credit card,None,No,1,0,0,0
CUST-04042,47,77.21,3714.85,3,7.7,1,7.3,One year,Credit card,None,No,0,1,0,0
CUST-04043,55,56.5,3356.92,1,13.1,1,6.8,Month-to-month,Bank transfer,Fiber optic,No,0,0,1,0
CUST-04044,8,56.46,577.34,2,7.4,3,10.0,One year,Credit card,Fiber optic,No,0,1,0,0
CUST-04045,30,106.29,3402.23,2,1.3,0,6.1,Month-to-month,Credit card,Fiber optic,Yes,0,0,1,0
CUST-04046,1,66.25,159.7,2,39.3,1,9.0,Month-to-month,Credit card,Fiber optic,No,0,0,1,0
CUST-04047,33,47.35,1605.67,2,4.8,1,8.9,Two year,Credit card,DSL,No,0,1,1,0
CUST-04048,18,76.79,1256.3,1,-1.9,1,6.7,One year,Mailed check,Fiber optic,Yes,0,0,0,0
CUST-04049,25,81.3,2235.75,0,21.3,0,7.3,Month-to-month,Electronic check,DSL,No,0,0,1,0
CUST-04050,33,22.76,1007.3,2,21.5,0,7.1,One year,Electronic check,Fiber optic,No,0,0,1,0
CUST-04051,24,76.86,1828.86,1,30.6,1,5.8,Month-to-month,Electronic check,DSL,No,0,0,1,1
CUST-04052,29,102.3,2937.47,5,38.8,3,5.6,One year,Credit card,Fiber optic,Yes,0,0,1,0
CUST-04053,56,90.63,5473.13,2,13.5,1,6.4,Month-to-month,Electronic check,DSL,Yes,0,1,0,0
CUST-04054,59,140.43,8280.26,2,3.4,1,5.1,One year,Bank transfer,DSL,Yes,0,0,0,1
CUST-04055,1,113.03,131.95,2,-22.4,0,6.2,Two year,Electronic check,Fiber optic,No,0,1,0,0
CUST-04056,28,118.57,3441.02,1,-7.0,0,6.7,Month-to-month,Mailed check,DSL,Yes,0,0,0,0
CUST-04057,61,156.4,9515.95,1,11.3,1,7.4,One year,Credit card,Fiber optic,No,0,0,0,0
CUST-04058,39,99.23,3664.88,0,-10.9,0,7.9,One year,Electronic check,DSL,No,0,0,0,1
CUST-04059,15,82.57,1333.04,1,-17.4,1,6.7,One year,Bank transfer,Fiber optic,Yes,0,1,0,0
CUST-04060,43,105.26,4516.49,3,9.1,0,5.7,Two year,Electronic check,Fiber optic,No,0,0,1,0
CUST-04061,11,62.34,1146.3,0,20.4,3,7.9,Month-to-month,Mailed check,None,No,1,0,0,0
CUST-04062,2,81.02,359.15,3,4.1,1,8.5,Month-to-month,Mailed check,Fiber optic,No,0,0,0,1
CUST-04063,46,59.86,2604.69,1,22.3,1,6.2,One year,Credit card,Fiber optic,Yes,1,0,0,0
CUST-04064,38,89.14,3569.59,1,17.9,0,5.3,Month-to-month,Bank transfer,Fiber optic,Yes,0,0,0,0
CUST-04065,55,59.75,3363.22,1,26.4,0,6.3,Two year,Mailed check,DSL,No,0,0,1,0
CUST-04066,25,58.77,1796.61,1,42.8,2,6.8,One year,Electronic check,DSL,No,0,0,0,0
CUST-04067,62,89.58,5422.85,2,49.8,0,9.2,One year,Credit card,Fiber optic,No,0,1,0,0
CUST-04068,31,74.14,2345.51,3,19.7,1,8.3,Month-to-month,Bank transfer,DSL,Yes,0,0,0,0
CUST-04069,54,24.03,1272.85,3,0.6,1,7.1,Month-to-month,Bank transfer,DSL,No,0,0,1,0
CUST-04070,8,37.24,312.54,2,9.0,1,10.0,Two year,Electronic check,DSL,No,0,0,0,0
CUST-04071,7,45.88,99.86,1,33.2,0,7.0,Month-to-month,Electronic check,DSL,No,0,1,0,0
CUST-04072,57,53.28,3180.94,1,-6.3,0,9.6,One year,Credit card,Fiber optic,Yes,0,0,0,0
CUST-04073,61,89.6,5570.09,3,31.2,0,9.3,One year,Credit card,Fiber optic,No,0,0,1,0
CUST-04074,68,84.13,6042.15,1,5.3,0,9.2,Month-to-month,Mailed check,DSL,No,0,1,0,0
CUST-04075,24,107.83,2585.41,2,11.6,1,7.7,One year,Credit card,DSL,No,1,0,0,0
CUST-04076,2,99.08,95.2,1,-4.9,1,7.3,Month-to-month,Electronic check,DSL,No,1,1,0,0
CUST-04077,71,108.01,7866.03,2,-13.2,0,7.1,Two year,Electronic check,None,Yes,0,0,1,0
CUST-04078,44,95.04,3983.21,2,3.5,1,8.6,One year,Credit card,DSL,No,0,1,0,0
CUST-04079,18,83.87,1780.91,2,28.8,0,5.7,Month-to-month,Electronic check,DSL,No,0,0,0,0
CUST-04080,55,108.78,6253.61,1,-3.2,2,6.6,One year,Electronic check,DSL,Yes,0,1,1,0
CUST-04081,66,103.74,7161.16,1,33.8,0,10.0,Two year,Bank transfer,Fiber optic,Yes,0,0,0,0
CUST-04082,21,88.53,1953.29,1,-1.2,0,8.2,Month-to-month,Credit card,DSL,No,0,0,0,1
CUST-04083,56,113.59,6239.42,4,-9.1,1,8.8,Month-to-month,Credit card,Fiber optic,No,0,0,1,0
CUST-04084,57,20.0,1167.3,1,12.1,0,4.9,Month-to-month,Electronic check,DSL,No,0,1,1,0
CUST-04085,37,69.87,2680.21,0,18.9,2,6.3,One year,Mailed check,DSL,No,0,0,1,0
CUST-04086,46,69.44,3054.2,3,11.0,0,7.7,Month-to-month,Mailed check,None,No,0,0,0,0
CUST-04087,20,110.28,2538.88,2,10.4,1,7.0,One year,Credit card,DSL,No,0,1,0,0
CUST-04088,67,122.0,8319.02,5,33.6,0,4.9,Month-to-month,Electronic check,Fiber optic,Yes,0,0,0,1
CUST-04089,71,37.39,2431.63,0,9.5,0,8.5,Two year,Credit card,Fiber optic,Yes,0,0,1,0
CUST-04090,71,117.51,8813.93,3,0.5,2,9.0,Two year,Bank transfer,None,No,1,0,1,0
CUST-04091,54,45.2,2465.15,0,-10.1,3,6.6,Month-to-month,Electronic check,Fiber optic,No,0,0,0,0
CUST-04092,4,46.05,20.0,3,28.4,0,8.5,One year,Credit card,Fiber optic,No,1,0,0,0
CUST-04093,27,71.44,1721.32,1,1.2,1,10.0,Month-to-month,Mailed check,Fiber optic,No,0,0,0,0
CUST-04094,33,69.09,2651.92,2,2.8,0,9.8,Month-to-month,Bank transfer,DSL,No,0,0,0,0
CUST-04095,70,34.36,2861.45,1,24.8,1,6.7,Month-to-month,Electronic check,Fiber optic,No,0,0,0,0
CUST-04096,40,96.2,4100.37,2,40.9,0,5.1,One year,Electronic check,Fiber optic,No,1,0,1,1
CUST-04097,39,97.02,4113.61,1,12.0,0,7.5,Two year,Bank transfer,DSL,Yes,0,0,0,0
CUST-04098,11,107.51,1486.76,5,5.8,1,10.0,Month-to-month,Credit card,DSL,No,0,0,0,1
CUST-04099,58,65.86,3959.11,1,7.9,0,9.5,Month-to-month,Electronic check,DSL,No,0,0,1,0
CUST-04100,25,76.89,2004.51,1,0.7,0,7.1,One year,Electronic check,Fiber optic,No,0,0,0,0
CUST-04101,7,77.15,675.02,2,2.3,0,9.9,Two year,Mailed check,Fiber optic,No,0,0,1,0
CUST-04102,72,125.26,9202.72,1,2.4,2,9.2,One year,Mailed check,Fiber optic,No,0,1,0,0
CUST-04103,14,20.0,94.6,3,22.6,1,3.7,Month-to-month,Mailed check,None,Yes,0,1,0,0
CUST-04104,2,51.21,285.41,1,6.6,0,9.0,Two year,Electronic check,Fiber optic,Yes,1,1,0,0
CUST-04105,6,78.16,833.61,1,29.7,0,7.3,Month-to-month,Mailed check,Fiber optic,No,0,0,0,0
CUST-04106,33,47.6,1519.21,2,6.1,0,5.5,Month-to-month,Electronic check,Fiber optic,Yes,0,0,0,0
CUST-04107,8,70.77,487.85,2,2.1,0,7.3,Month-to-month,Bank transfer,DSL,No,0,0,0,0
CUST-04108,61,74.47,4661.81,3,28.4,0,7.8,Month-to-month,Bank transfer,Fiber optic,No,0,1,0,0
CUST-04109,37,59.58,2042.05,2,8.3,2,5.7,One year,Mailed check,DSL,No,1,0,0,0
CUST-04110,24,79.81,1586.24,2,6.0,2,6.9,Two year,Electronic check,None,Yes,0,1,0,0
CUST-04111,1,95.59,382.52,5,8.5,0,6.5,One year,Mailed check,DSL,No,0,1,0,0
CUST-04112,35,71.38,2385.56,2,31.5,1,8.5,Two year,Mailed check,DSL,No,0,0,0,0
CUST-04113,11,65.31,723.02,2,12.9,0,6.6,Month-to-month,Mailed check,Fiber optic,No,0,0,0,0
CUST-04114,71,73.36,5056.03,0,28.0,1,4.0,One year,Bank transfer,Fiber optic,No,1,1,1,0
CUST-04115,21,77.79,1952.78,2,4.2,0,6.3,One year,Bank transfer,Fiber optic,No,0,1,0,0
CUST-04116,35,29.27,1237.74,3,25.4,2,5.4,Month-to-month,Electronic check,Fiber optic,No,0,0,0,0
CUST-04117,2,90.92,121.66,1,11.8,0,4.8,Month-to-month,Bank transfer,Fiber optic,Yes,0,0,0,1
CUST-04118,10,65.37,358.73,1,22.1,2,9.2,Two year,Electronic check,DSL,No,0,0,0,0
CUST-04119,15,113.32,1613.07,1,23.5,0,8.5,Month-to-month,Credit card,DSL,Yes,0,0,0,0
CUST-04120,4,94.55,520.74,3,-7.1,1,5.4,Two year,Mailed check,None,Yes,0,0,0,0
CUST-04121,53,110.76,5917.44,1,9.2,1,4.8,Two year,Mailed check,Fiber optic,No,1,0,0,0
CUST-04122,69,49.69,3455.88,1,23.3,0,6.9,Month-to-month,Bank transfer,DSL,No,0,0,0,0
CUST-04123,71,67.6,4852.52,4,25.9,1,4.7,Month-to-month,Bank transfer,DSL,No,1,0,0,0
CUST-04124,20,43.21,1053.9,2,28.1,1,6.7,One year,Bank transfer,Fiber optic,Yes,0,0,0,0
CUST-04125,57,58.25,3309.79,1,9.7,0,7.2,Month-to-month,Mailed check,DSL,No,0,0,1,0
CUST-04126,37,113.06,4295.72,0,32.6,1,7.6,One year,Electronic check,DSL,No,0,0,1,0
CUST-04127,4,119.65,231.87,1,-2.5,1,7.7,Month-to-month,Electronic check,Fiber optic,No,0,0,0,0
CUST-04128,7,45.85,959.41,5,-15.9,2,5.7,Two year,Electronic check,DSL,Yes,0,0,1,0
CUST-04129,40,65.17,2535.84,4,3.6,0,7.2,Month-to-month,Credit card,DSL,No,0,0,0,0
CUST-04130,31,75.87,2402.87,2,27.1,1,9.4,One year,Bank transfer,Fiber optic,No,0,0,1,0
CUST-04131,1,94.4,236.02,2,-9.4,0,3.3,Two year,Mailed check,None,Yes,0,0,1,0
CUST-04132,67,28.73,1822.21,2,-15.5,1,7.7,One year,Mailed check,Fiber optic,No,1,1,0,0
CUST-04133,53,33.12,1757.32,3,-19.5,0,5.0,One year,Mailed check,None,No,0,0,0,0
CUST-04134,37,91.71,3392.19,2,19.8,1,9.6,Two year,Bank transfer,DSL,Yes,0,1,1,0
CUST-04135,72,23.43,1458.45,2,-15.2,1,8.6,Two year,Mailed check,Fiber optic,Yes,0,0,1,0
CUST-04136,70,65.49,4693.95,4,16.8,2,8.5,Two year,Bank transfer,Fiber optic,No,0,0,0,1
CUST-04137,71,82.54,5448.03,2,2.8,2,5.6,Two year,Bank transfer,DSL,No,0,0,0,0
CUST-04138,19,89.64,2141.34,3,-4.3,0,7.6,Month-to-month,Bank transfer,Fiber optic,No,0,1,1,0
CUST-04139,64,74.03,4936.16,2,-8.0,0,7.8,Two year,Credit card,Fiber optic,No,0,0,1,0
CUST-04140,37,67.76,2666.9,3,11.3,1,2.8,Two year,Electronic check,DSL,Yes,0,0,1,0
CUST-04141,53,101.65,4953.29,3,-4.1,0,7.4,One year,Bank transfer,None,No,1,0,0,0
CUST-04142,62,85.99,5133.25,3,7.9,2,8.2,One year,Mailed check,Fiber optic,No,0,1,0,0
CUST-04143,12,59.88,1065.9,1,14.4,1,4.6,One year,Electronic check,Fiber optic,No,0,1,0,0
CUST-04144,33,79.06,3646.79,0,17.8,1,8.2,Month-to-month,Electronic check,DSL,No,0,0,0,0
CUST-04145,10,88.73,1185.97,3,22.9,0,7.3,Month-to-month,Mailed check,DSL,No,0,0,0,0
CUST-04146,21,126.11,2907.55,1,10.6,0,9.6,One year,Credit card,Fiber optic,Yes,0,1,1,0
CUST-04147,30,100.02,3131.84,0,-8.8,0,6.4,Month-to-month,Electronic check,DSL,Yes,0,1,0,0
CUST-04148,62,112.01,6732.75,1,15.5,0,7.4,Month-to-month,Bank transfer,DSL,Yes,0,0,1,0
CUST-04149,63,60.9,4085.49,0,18.5,1,7.7,Two year,Electronic check,Fiber optic,No,0,0,0,0
CUST-04150,29,63.32,1560.98,1,5.1,2,2.0,Month-to-month,Electronic check,Fiber optic,No,0,1,0,0
CUST-04151,24,71.41,1411.19,2,3.4,1,6.5,Two year,Electronic check,DSL,Yes,0,1,0,0
CUST-04152,39,73.98,2566.84,3,47.6,2,7.3,One year,Electronic check,Fiber optic,No,1,0,0,0
CUST-04153,66,49.78,3529.41,2,-12.7,0,2.9,Two year,Credit card,DSL,No,0,0,0,0
CUST-04154,71,113.45,8040.6,0,15.9,1,8.3,Month-to-month,Electronic check,DSL,No,0,0,0,0
CUST-04155,17,102.73,1771.62,1,24.7,1,7.3,Month-to-month,Electronic check,Fiber optic,No,0,1,0,1
CUST-04156,14,69.44,968.31,0,2.5,1,7.2,One year,Electronic check,None,Yes,0,1,1,0
CUST-04157,51,95.97,4613.04,3,5.3,0,8.4,Month-to-month,Electronic check,DSL,Yes,0,0,1,0
CUST-04158,22,84.24,1685.6,0,1.6,1,6.4,One year,Credit card,DSL,Yes,0,0,0,0
CUST-04159,15,98.16,1317.29,3,8.0,0,7.2,One year,Credit card,DSL,No,0,0,0,0
CUST-04160,3,40.36,20.0,0,22.4,0,8.7,Month-to-month,Mailed check,DSL,No,0,0,1,0
CUST-04161,30,73.92,2091.55,2,4.8,0,7.2,Two year,Electronic check,Fiber optic,No,0,1,1,0
CUST-04162,29,76.37,1944.4,1,57.8,0,3.8,Month-to-month,Electronic check,DSL,No,0,0,0,0
CUST-04163,41,95.46,4058.28,4,0.8,0,7.2,Month-to-month,Credit card,Fiber optic,No,0,0,1,1
CUST-04164,15,60.4,1071.24,4,30.0,0,7.2,Two year,Electronic check,None,No,0,1,0,0
CUST-04165,52,20.0,716.59,4,16.7,2,8.7,Month-to-month,Bank transfer,Fiber optic,No,0,0,1,0
CUST-04166,49,47.71,2263.63,2,9.7,3,6.5,One year,Credit card,DSL,No,0,1,0,0
CUST-04167,34,76.29,3057.87,1,31.5,0,5.3,One year,Bank transfer,Fiber optic,Yes,1,1,0,0
CUST-04168,14,79.79,871.87,3,-17.6,0,5.3,Month-to-month,Bank transfer,DSL,No,0,0,0,0
CUST-04169,37,125.14,4736.84,1,14.8,2,9.7,Month-to-month,Bank transfer,Fiber optic,Yes,0,0,0,0
CUST-04170,49,94.32,4648.06,0,-3.5,0,7.6,Month-to-month,Bank transfer,Fiber optic,No,0,0,0,0
CUST-04171,27,80.28,2440.78,2,1.0,0,9.6,Month-to-month,Electronic check,DSL,No,0,1,0,0
CUST-04172,19,77.09,1538.58,1,0.3,1,9.9,Month-to-month,Electronic check,DSL,No,0,0,1,0
CUST-04173,37,108.92,3922.22,1,-7.4,0,5.8,Month-to-month,Credit card,Fiber optic,Yes,1,0,0,0
CUST-04174,26,61.48,1615.17,0,-18.4,2,5.6,Two year,Electronic check,Fiber optic,No,0,0,0,0
CUST-04175,29,74.07,2168.37,3,14.2,1,6.9,Two year,Electronic check,DSL,No,0,0,1,0
CUST-04176,26,47.5,1212.08,5,6.9,0,8.2,Month-to-month,Bank transfer,Fiber optic,Yes,0,0,1,0
CUST-04177,22,117.73,2260.28,1,3.2,1,4.6,One year,Bank transfer,DSL,Yes,0,0,0,0
CUST-04178,52,88.99,4938.25,6,20.1,1,7.9,Month-to-month,Electronic check,DSL,No,0,0,1,1
CUST-04179,34,58.19,2245.07,1,15.2,1,7.8,Month-to-month,Mailed check,DSL,Yes,0,1,1,0
CUST-04180,34,74.8,2282.15,0,3.7,3,5.1,Month-to-month,Electronic check,None,No,0,1,0,0
CUST-04181,48,92.27,4353.78,1,56.8,0,5.1,One year,Mailed check,Fiber optic,No,0,0,1,0
CUST-04182,27,70.98,1860.19,3,24.3,2,7.9,Month-to-month,Mailed check,DSL,No,0,0,1,0
CUST-04183,8,63.03,215.11,3,47.1,0,10.0,Two year,Electronic check,DSL,No,0,0,0,0
CUST-04184,62,59.68,3233.46,4,1.4,0,6.6,One year,Electronic check,DSL,No,1,0,0,0
CUST-04185,5,87.49,269.8,2,12.0,0,7.7,One year,Electronic check,DSL,No,0,0,1,0
CUST-04186,42,67.97,2765.64,1,-11.8,0,6.0,Two year,Credit card,None,No,0,0,1,0
CUST-04187,20,65.29,945.49,2,2.7,1,7.5,Month-to-month,Mailed check,DSL,Yes,0,0,1,0
CUST-04188,16,40.59,693.68,1,-1.3,1,6.0,One year,Credit card,DSL,Yes,0,0,1,0
CUST-04189,4,80.17,611.39,1,55.9,1,6.6,Month-to-month,Mailed check,DSL,No,0,0,0,1
CUST-04190,65,72.93,4950.98,2,-3.1,0,10.0,Month-to-month,Credit card,DSL,Yes,0,0,1,0
CUST-04191,31,68.99,2107.02,2,4.3,2,7.3,Month-to-month,Bank transfer,Fiber optic,Yes,0,0,0,0
CUST-04192,25,83.57,1629.15,1,-15.3,0,4.3,Month-to-month,Mailed check,Fiber optic,Yes,0,0,1,0
CUST-04193,54,98.94,5521.69,4,16.5,0,8.3,One year,Bank transfer,None,Yes,0,0,0,0
CUST-04194,3,97.64,329.52,2,-6.4,1,9.1,Month-to-month,Bank transfer,DSL,Yes,0,0,0,0
CUST-04195,41,93.48,3938.77,5,22.7,1,8.3,Month-to-month,Credit card,DSL,No,0,0,0,1
CUST-04196,36,71.26,3049.39,4,-20.6,1,6.8,Two year,Credit card,DSL,Yes,0,1,1,0
CUST-04197,40,62.12,2278.6,1,6.1,1,5.4,Month-to-month,Bank transfer,Fiber optic,Yes,0,0,0,0
CUST-04198,9,48.77,20.0,4,-21.5,0,5.5,Month-to-month,Bank transfer,Fiber optic,No,0,0,0,0
CUST-04199,69,61.39,3972.55,1,0.2,0,6.8,Month-to-month,Electronic check,Fiber optic,No,0,0,0,0
CUST-04200,18,78.55,1535.41,3,3.4,0,6.4,Month-to-month,Electronic check,None,No,0,1,1,1
CUST-04201,49,55.98,2749.75,3,-1.6,0,6.1,Two year,Bank transfer,Fiber optic,No,0,1,1,0
CUST-04202,54,80.69,4053.35,2,-0.0,0,9.3,Two year,Bank transfer,Fiber optic,No,0,0,0,0
CUST-04203,25,50.97,919.32,2,23.5,3,8.8,One year,Electronic check,DSL,Yes,0,0,1,0
CUST-04204,10,31.49,226.25,2,42.8,1,9.4,Month-to-month,Electronic check,DSL,No,0,0,0,1
CUST-04205,22,100.94,1909.16,1,13.4,1,5.7,Two year,Electronic check,DSL,No,1,1,1,0
CUST-04206,59,64.72,3948.64,3,-5.8,1,5.4,One year,Mailed check,Fiber optic,Yes,0,1,0,0
CUST-04207,66,54.56,3498.1,0,9.0,0,7.2,Two year,Credit card,Fiber optic,No,0,0,1,0
CUST-04208,68,47.37,3064.38,1,2.3,0,7.8,Month-to-month,Electronic check,DSL,Yes,0,0,0,0
CUST-04209,17,89.85,1337.88,2,22.2,0,7.2,One year,Credit card,DSL,Yes,0,0,1,0
CUST-04210,44,116.5,5191.78,0,12.6,4,7.7,Month-to-month,Bank transfer,None,No,0,0,1,1
CUST-04211,11,66.71,744.46,2,-17.2,2,10.0,Month-to-month,Bank transfer,DSL,Yes,0,0,1,0
CUST-04212,52,71.96,3792.41,1,25.6,0,6.7,Two year,Credit card,DSL,Yes,0,1,0,0
CUST-04213,30,108.01,3285.33,2,23.5,0,8.6,One year,Bank transfer,None,No,0,0,1,0
CUST-04214,52,27.31,1402.07,2,31.9,1,8.0,One year,Electronic check,Fiber optic,Yes,0,0,1,0
CUST-04215,50,133.07,6395.22,2,-0.3,0,7.3,Month-to-month,Credit card,Fiber optic,No,0,0,0,0
CUST-04216,72,146.43,10360.36,2,12.8,2,8.5,Month-to-month,Electronic check,Fiber optic,Yes,0,1,0,1
CUST-04217,36,20.0,621.33,0,-11.0,2,5.7,Two year,Mailed check,None,Yes,0,0,1,0
CUST-04218,25,75.27,2398.05,1,7.2,0,5.4,Month-to-month,Mailed check,Fiber optic,No,0,0,0,0
CUST-04219,38,57.87,1861.85,2,14.4,1,7.9,Month-to-month,Bank transfer,DSL,Yes,0,1,1,0
CUST-04220,12,70.59,742.34,0,-2.2,0,4.2,Month-to-month,Credit card,DSL,No,0,0,1,0
CUST-04221,9,66.29,621.18,4,13.5,1,8.0,One year,Mailed check,DSL,No,0,0,0,0
CUST-04222,38,100.73,3751.91,0,10.7,0,5.1,Month-to-month,Mailed check,Fiber optic,Yes,0,1,1,0
CUST-04223,60,74.85,4759.49,0,0.8,2,9.8,Month-to-month,Electronic check,Fiber optic,No,1,0,0,0
CUST-04224,39,52.49,1969.99,1,30.4,0,6.4,One year,Electronic check,Fiber optic,Yes,0,1,1,0
CUST-04225,57,73.18,4112.62,0,4.2,0,9.7,One year,Bank transfer,DSL,No,1,0,0,0
CUST-04226,13,92.41,1404.99,5,10.1,0,6.7,One year,Bank transfer,Fiber optic,No,1,1,1,0
CUST-04227,33,44.86,1933.06,2,-15.5,1,6.6,Month-to-month,Bank transfer,Fiber optic,Yes,0,1,1,0
CUST-04228,45,31.91,1787.82,0,16.3,0,8.7,Month-to-month,Electronic check,Fiber optic,No,0,0,1,0
CUST-04229,26,133.8,3444.64,2,0.4,2,7.6,Month-to-month,Bank transfer,Fiber optic,Yes,0,1,1,1
CUST-04230,2,60.01,107.64,2,23.3,0,7.0,Month-to-month,Electronic check,None,No,0,0,0,0
CUST-04231,6,74.15,456.58,1,-13.0,0,6.4,Month-to-month,Bank transfer,Fiber optic,Yes,0,0,0,0
CUST-04232,67,66.86,4516.37,1,14.9,3,6.4,Two year,Electronic check,Fiber optic,Yes,1,0,0,0
CUST-04233,44,93.35,3895.56,0,-26.9,2,10.0,Two year,Bank transfer,Fiber optic,No,0,0,1,0
CUST-04234,20,127.64,2786.95,2,17.9,0,4.1,Month-to-month,Credit card,Fiber optic,No,0,0,1,1
CUST-04235,19,94.24,1842.21,2,5.2,0,4.9,One year,Bank transfer,DSL,Yes,1,0,0,0
CUST-04236,3,35.49,95.26,1,14.4,1,9.2,Month-to-month,Electronic check,None,No,0,0,1,0
CUST-04237,69,39.24,2389.77,1,-1.6,0,9.1,Month-to-month,Bank transfer,Fiber optic,No,0,1,1,0
CUST-04238,8,66.83,550.21,1,-7.2,1,5.4,One year,Electronic check,DSL,No,0,0,0,0
CUST-04239,55,70.49,3403.65,0,1.0,0,3.9,Month-to-month,Electronic check,DSL,No,1,0,0,0
CUST-04240,18,29.79,390.81,2,11.1,1,9.4,Month-to-month,Credit card,DSL,No,0,1,1,0
CUST-04241,25,100.94,2382.73,0,17.2,1,5.2,Month-to-month,Credit card,DSL,No,0,0,0,0
CUST-04242,20,47.58,1023.35,4,12.9,1,6.2,One year,Electronic check,Fiber optic,No,0,0,0,0
CUST-04243,60,119.81,7658.56,0,-7.0,2,7.3,One year,Mailed check,Fiber optic,No,0,1,1,0
CUST-04244,3,128.98,529.92,2,37.4,2,5.2,Month-to-month,Credit card,DSL,Yes,0,0,0,1
CUST-04245,26,71.05,2209.4,1,13.3,1,8.8,Month-to-month,Mailed check,DSL,No,0,1,0,0
CUST-04246,21,90.29,2057.39,2,-2.0,1,7.1,Month-to-month,Bank transfer,Fiber optic,No,0,0,1,0
CUST-04247,20,43.51,1151.46,2,14.8,0,5.5,Month-to-month,Bank transfer,None,Yes,0,0,1,0
CUST-04248,14,95.46,1800.72,5,12.1,2,5.7,Month-to-month,Credit card,Fiber optic,No,1,1,1,1
CUST-04249,66,64.05,4044.34,5,5.2,1,9.4,One year,Credit card,None,No,0,1,0,0
CUST-04250,28,47.56,1132.4,1,3.3,1,6.6,One year,Credit card,Fiber optic,No,0,0,0,0
CUST-04251,31,69.9,2334.1,2,23.8,1,8.2,One year,Bank transfer,DSL,Yes,0,0,0,0
CUST-04252,28,64.96,1817.96,1,35.6,1,7.1,Month-to-month,Electronic check,Fiber optic,No,0,0,0,0
CUST-04253,71,68.9,4946.99,2,-24.6,2,3.9,One year,Credit card,DSL,No,0,0,0,0
CUST-04254,25,104.59,2552.58,0,27.7,0,8.4,Two year,Bank transfer,DSL,No,0,0,1,0
CUST-04255,25,56.01,1251.19,4,8.3,1,9.0,Month-to-month,Credit card,DSL,No,0,0,1,0
CUST-04256,24,126.58,3443.11,0,11.8,0,10.0,Month-to-month,Bank transfer,None,No,0,0,1,0
CUST-04257,24,40.9,706.63,0,29.6,0,3.7,Two year,Bank transfer,DSL,No,0,1,0,0
CUST-04258,7,123.23,1034.21,1,-34.5,0,1.4,One year,Credit card,Fiber optic,No,1,1,1,1
CUST-04259,44,49.54,2310.82,4,21.0,3,8.3,Month-to-month,Bank transfer,DSL,No,1,0,1,0
CUST-04260,2,77.97,20.0,3,28.5,0,6.0,One year,Electronic check,DSL,No,0,1,0,0
CUST-04261,17,64.27,884.89,3,-3.0,0,4.5,Month-to-month,Electronic check,DSL,No,1,0,0,0
CUST-04262,15,68.38,860.03,0,-14.3,1,7.3,Month-to-month,Electronic check,Fiber optic,No,0,1,0,0
CUST-04263,21,100.44,2250.39,0,34.2,1,6.3,One year,Bank transfer,DSL,No,1,1,1,0
CUST-04264,55,120.0,6508.24,1,-20.1,0,4.8,One year,Bank transfer,DSL,No,0,0,1,0
CUST-04265,44,111.33,4877.12,2,14.7,1,7.0,Month-to-month,Electronic check,None,No,0,1,1,0
CUST-04266,72,66.66,4435.11,2,24.4,0,8.1,Month-to-month,Electronic check,Fiber optic,No,0,0,0,0
CUST-04267,26,83.16,2743.64,3,14.3,0,7.4,Two year,Credit card,Fiber optic,No,0,1,1,0
CUST-04268,67,56.1,3776.5,1,17.0,0,7.4,One year,Electronic check,DSL,No,0,0,0,0
CUST-04269,4,50.24,325.71,1,3.8,0,7.9,Month-to-month,Bank transfer,DSL,No,0,0,0,0
CUST-04270,37,45.9,1563.14,5,15.4,0,4.1,Month-to-month,Bank transfer,DSL,Yes,0,0,1,0
CUST-04271,58,65.75,3650.34,3,-3.3,2,7.0,One year,Bank transfer,DSL,No,0,0,0,0
CUST-04272,39,84.99,3792.78,1,-1.3,0,7.5,Month-to-month,Electronic check,None,No,1,0,1,0
CUST-04273,68,24.47,1184.78,1,8.6,3,6.4,Month-to-month,Credit card,None,Yes,0,1,0,0
CUST-04274,23,76.7,1833.76,1,-16.6,2,5.6,Two year,Electronic check,Fiber optic,Yes,0,0,1,0
CUST-04275,3,120.45,58.47,1,17.2,0,5.8,One year,Credit card,Fiber optic,No,0,0,0,1
CUST-04276,56,109.41,6025.71,3,-31.7,2,6.6,Two year,Bank transfer,Fiber optic,No,1,0,1,0
CUST-04277,5,61.61,148.53,0,13.8,1,8.7,Month-to-month,Bank transfer,None,No,1,0,1,0
CUST-04278,56,38.89,1931.35,2,15.3,1,9.8,Month-to-month,Bank transfer,DSL,Yes,0,0,0,0
CUST-04279,53,90.88,4825.5,1,-4.7,0,9.5,Two year,Mailed check,Fiber optic,No,1,0,1,0
CUST-04280,61,20.0,577.99,1,-11.7,0,4.3,Two year,Bank transfer,Fiber optic,No,0,1,0,0
CUST-04281,35,109.08,3738.93,1,1.5,0,5.4,One year,Electronic check,None,No,0,0,0,1
CUST-04282,65,72.02,4658.73,2,18.2,2,8.3,Month-to-month,Bank transfer,Fiber optic,No,1,0,1,0
CUST-04283,13,129.28,1340.82,1,13.5,0,9.4,One year,Bank transfer,DSL,No,0,1,0,0
CUST-04284,32,29.64,1326.78,2,-9.8,0,5.4,Month-to-month,Electronic check,DSL,No,0,1,0,0
CUST-04285,9,103.71,784.78,1,9.7,0,7.4,Two year,Mailed check,Fiber optic,Yes,0,0,1,0
CUST-04286,56,75.19,4151.27,2,12.2,1,5.1,One year,Electronic check,Fiber optic,No,1,1,1,0
CUST-04287,52,68.73,3425.91,0,11.5,0,7.6,Month-to-month,Mailed check,None,No,0,1,1,0
CUST-04288,59,39.64,2318.37,2,-7.8,2,5.9,Month-to-month,Bank transfer,Fiber optic,No,0,0,0,0
CUST-04289,56,94.68,5629.12,1,10.5,1,7.4,Month-to-month,Bank transfer,DSL,No,0,0,1,0
CUST-04290,23,96.93,2847.64,1,22.7,1,4.9,One year,Credit card,None,No,0,0,1,0
CUST-04291,5,127.98,826.31,2,16.6,0,4.2,Month-to-month,Electronic check,Fiber optic,No,0,1,1,1
CUST-04292,67,106.23,7389.41,3,14.6,0,10.0,Month-to-month,Bank transfer,Fiber optic,No,0,1,1,0
CUST-04293,36,61.37,2638.43,1,34.3,2,7.2,Month-to-month,Electronic check,DSL,No,1,0,1,0
CUST-04294,7,49.89,411.45,0,10.7,3,10.0,Month-to-month,Electronic check,Fiber optic,Yes,0,0,1,0
CUST-04295,67,39.68,3051.12,0,-5.5,0,9.8,One year,Credit card,Fiber optic,No,0,0,1,0
CUST-04296,72,119.25,8784.1,1,-5.4,2,4.2,Month-to-month,Electronic check,Fiber optic,Yes,0,1,1,0
CUST-04297,33,56.21,1890.93,2,10.8,2,7.8,Month-to-month,Credit card,None,Yes,0,0,0,0
CUST-04298,56,119.45,6776.79,2,-15.0,2,4.8,Month-to-month,Bank transfer,DSL,No,0,0,0,0
CUST-04299,3,92.7,20.0,2,3.0,1,6.6,Two year,Mailed check,Fiber optic,No,0,0,0,0
CUST-04300,7,87.24,683.71,2,15.4,1,3.7,Month-to-month,Mailed check,Fiber optic,Yes,0,0,1,0
CUST-04301,20,69.41,1002.26,4,26.7,1,4.3,Month-to-month,Electronic check,None,No,0,0,0,0
CUST-04302,48,96.5,4225.68,3,-16.7,0,5.6,Month-to-month,Credit card,DSL,No,1,1,0,0
CUST-04303,10,77.57,823.92,1,9.6,0,6.1,Month-to-month,Electronic check,Fiber optic,No,0,0,0,0
CUST-04304,3,67.66,20.0,0,6.9,0,7.2,One year,Bank transfer,DSL,No,1,1,1,0
CUST-04305,49,97.49,4775.23,1,8.6,1,5.2,Month-to-month,Credit card,Fiber optic,No,0,0,1,1
CUST-04306,56,73.97,4176.93,2,10.3,1,7.4,Two year,Electronic check,Fiber optic,No,0,0,0,0
CUST-04307,54,55.65,3050.86,2,7.5,0,9.1,One year,Credit card,None,Yes,0,1,0,0
CUST-04308,58,94.8,5272.37,1,30.3,2,7.6,One year,Electronic check,DSL,No,0,0,0,0
CUST-04309,58,76.21,4644.85,3,27.9,0,7.0,Month-to-month,Mailed check,Fiber optic,No,0,0,1,0
CUST-04310,44,91.69,4012.05,1,42.3,1,7.7,Month-to-month,Bank transfer,DSL,No,0,0,1,0
CUST-04311,38,65.29,2591.29,2,7.8,1,4.5,Month-to-month,Electronic check,DSL,No,0,0,1,0
CUST-04312,62,44.14,2437.57,3,1.4,4,8.8,Two year,Electronic check,None,No,0,1,1,0
CUST-04313,26,126.58,3246.5,0,-7.5,1,4.9,Two year,Credit card,Fiber optic,Yes,0,1,0,1
CUST-04314,8,121.31,1244.8,2,-0.3,1,9.9,Month-to-month,Credit card,DSL,Yes,0,1,1,0
CUST-04315,55,102.75,5893.79,1,19.4,3,8.5,Two year,Credit card,DSL,Yes,0,0,0,0
CUST-04316,20,67.14,1143.48,2,21.9,3,8.1,One year,Bank transfer,DSL,No,0,0,0,0
CUST-04317,71,69.59,4804.5,2,18.8,0,8.2,One year,Bank transfer,DSL,No,0,0,0,0
CUST-04318,30,116.71,3254.13,1,-2.6,0,7.1,Two year,Credit card,DSL,Yes,0,0,0,0
CUST-04319,62,68.09,4057.48,2,-2.5,0,5.7,Two year,Electronic check,Fiber optic,No,0,1,0,0
CUST-04320,4,60.29,20.0,1,39.3,0,5.4,One year,Electronic check,Fiber optic,No,0,0,0,0
CUST-04321,48,130.42,6225.62,3,-5.3,0,10.0,Month-to-month,Electronic check,None,No,0,0,1,0
CUST-04322,33,76.67,2688.39,1,30.7,1,7.3,One year,Credit card,Fiber optic,No,0,0,1,0
CUST-04323,34,127.52,4139.42,2,14.5,0,5.1,Month-to-month,Bank transfer,Fiber optic,No,1,0,1,1
CUST-04324,20,38.85,754.35,1,-3.7,1,8.0,Month-to-month,Electronic check,Fiber optic,No,0,0,1,0
CUST-04325,70,92.51,6420.58,4,-11.0,0,7.7,Two year,Mailed check,Fiber optic,Yes,0,0,1,0
CUST-04326,29,135.99,4207.49,1,-3.0,1,6.5,Month-to-month,Bank transfer,Fiber optic,Yes,0,0,0,1
CUST-04327,62,78.83,4734.56,2,14.7,0,5.5,Month-to-month,Electronic check,Fiber optic,No,0,1,0,0
CUST-04328,31,70.61,2045.11,3,-6.6,1,8.4,Month-to-month,Bank transfer,Fiber optic,Yes,0,0,1,0
CUST-04329,4,45.3,20.0,0,32.9,0,8.8,One year,Mailed check,DSL,No,0,0,1,0
CUST-04330,64,108.31,6647.46,1,4.7,0,7.7,Month-to-month,Credit card,None,Yes,0,0,0,0
CUST-04331,14,56.44,922.46,1,19.2,0,7.2,Two year,Credit card,DSL,Yes,0,1,0,0
CUST-04332,20,75.35,1473.22,4,17.9,2,5.7,One year,Credit card,None,No,0,1,0,0
CUST-04333,62,43.43,2706.36,2,34.0,2,8.0,Month-to-month,Bank transfer,Fiber optic,Yes,0,0,0,0
CUST-04334,65,121.59,8222.01,5,1.0,1,6.0,Month-to-month,Credit card,Fiber optic,No,0,0,1,0
CUST-04335,67,110.34,7725.8,2,9.7,0,4.8,Month-to-month,Credit card,Fiber optic,No,0,0,1,0
CUST-04336,31,77.12,1979.16,0,-14.4,2,9.1,Month-to-month,Electronic check,DSL,No,0,0,0,0
CUST-04337,55,45.68,2674.36,1,9.7,0,5.2,Month-to-month,Bank transfer,None,No,0,1,0,0
CUST-04338,24,121.01,2960.65,3,26.2,1,3.7,Month-to-month,Electronic check,Fiber optic,No,0,0,0,1
CUST-04339,54,67.75,3543.1,0,11.5,0,9.5,Month-to-month,Credit card,DSL,Yes,0,0,0,0
CUST-04340,37,47.05,1822.77,3,45.0,1,4.0,Month-to-month,Electronic check,DSL,No,1,0,1,0
CUST-04341,4,28.66,20.0,0,16.3,2,6.4,Month-to-month,Bank transfer,Fiber optic,No,0,0,1,0
CUST-04342,31,59.91,2222.87,0,-0.6,1,5.1,Two year,Mailed check,Fiber optic,No,0,0,0,0
CUST-04343,34,37.27,1395.92,1,15.3,1,5.8,Two year,Bank transfer,Fiber optic,No,0,0,1,0
CUST-04344,19,60.56,934.34,2,-15.4,1,10.0,Month-to-month,Electronic check,Fiber optic,No,0,0,0,0
CUST-04345,27,98.84,2522.33,1,-4.8,0,6.9,One year,Electronic check,DSL,No,0,0,0,0
CUST-04346,37,67.49,2071.34,2,-11.5,0,7.7,Month-to-month,Mailed check,Fiber optic,No,0,1,1,0
CUST-04347,4,87.96,273.35,2,8.3,0,8.5,One year,Credit card,None,No,0,1,0,0
CUST-04348,11,57.75,514.57,1,7.0,1,5.9,Two year,Credit card,DSL,No,0,0,1,0
CUST-04349,56,79.82,4138.64,1,27.3,1,9.0,One year,Bank transfer,Fiber optic,Yes,0,0,0,0
CUST-04350,26,131.79,3620.72,0,6.4,1,7.8,One year,Bank transfer,Fiber optic,No,0,0,1,0
CUST-04351,44,68.24,3321.76,0,-8.0,1,8.5,Two year,Bank transfer,DSL,Yes,0,0,0,0
CUST-04352,41,88.76,3632.32,1,32.9,0,5.8,Month-to-month,Credit card,DSL,Yes,0,0,0,0
CUST-04353,40,34.17,1290.39,2,-35.0,1,7.9,One year,Bank transfer,DSL,No,0,1,1,0
CUST-04354,30,120.56,3725.55,1,8.6,2,7.1,Month-to-month,Electronic check,Fiber optic,No,0,0,0,1
CUST-04355,35,64.64,2257.49,0,11.5,0,9.1,Month-to-month,Bank transfer,None,Yes,0,0,1,0
CUST-04356,60,107.41,6174.06,2,7.8,0,6.1,One year,Credit card,Fiber optic,No,0,0,0,0
CUST-04357,70,74.55,5055.33,6,16.0,1,10.0,Month-to-month,Electronic check,DSL,Yes,0,1,1,0
CUST-04358,19,95.12,1733.17,2,9.8,0,7.7,Month-to-month,Bank transfer,Fiber optic,Yes,1,0,0,0
CUST-04359,49,96.79,4804.76,0,16.0,0,6.9,Month-to-month,Bank transfer,DSL,No,0,0,0,0
CUST-04360,70,65.33,4575.43,1,-1.6,1,6.7,Two year,Mailed check,Fiber optic,No,1,0,0,0
CUST-04361,1,108.57,161.16,0,-15.3,0,7.1,Month-to-month,Bank transfer,Fiber optic,Yes,0,1,1,0
CUST-04362,57,56.75,2853.54,2,7.3,0,6.0,Month-to-month,Credit card,Fiber optic,No,0,1,1,0
CUST-04363,36,99.78,3758.38,2,-8.4,2,8.3,Month-to-month,Bank transfer,None,Yes,1,1,0,0
CUST-04364,70,67.07,4695.75,3,-3.7,1,7.1,Two year,Credit card,Fiber optic,No,0,0,0,0
CUST-04365,42,87.79,4325.36,2,26.6,1,10.0,Month-to-month,Mailed check,Fiber optic,No,0,0,0,0
CUST-04366,61,65.06,3871.75,1,32.9,0,6.3,Month-to-month,Electronic check,DSL,No,0,0,0,0
CUST-04367,12,79.4,1033.66,4,26.3,1,6.9,Month-to-month,Electronic check,Fiber optic,No,0,0,0,0
CUST-04368,11,47.91,1234.31,3,23.3,1,6.3,One year,Credit card,None,Yes,0,0,0,0
CUST-04369,67,84.93,5738.83,2,9.0,0,10.0,Two year,Credit card,Fiber optic,Yes,0,0,1,0
CUST-04370,38,79.24,2994.21,3,24.2,1,4.5,Month-to-month,Bank transfer,None,No,0,1,1,0
CUST-04371,41,62.88,2331.35,3,13.7,0,7.3,Month-to-month,Bank transfer,Fiber optic,No,0,1,1,0
CUST-04372,13,76.46,1376.05,3,39.2,0,7.7,Month-to-month,Credit card,Fiber optic,Yes,0,0,0,1
CUST-04373,17,81.75,1099.97,2,-6.7,0,5.1,Month-to-month,Credit card,DSL,No,0,0,0,0
CUST-04374,59,60.74,3690.44,0,18.8,4,10.0,Two year,Bank transfer,Fiber optic,No,0,1,1,0
CUST-04375,22,74.39,1518.19,3,-12.2,2,5.4,Month-to-month,Electronic check,DSL,No,0,1,1,0
CUST-04376,43,49.84,2095.79,1,18.9,1,7.2,Two year,Mailed check,DSL,Yes,0,0,0,0
CUST-04377,23,143.68,2948.66,2,-19.5,0,10.0,Month-to-month,Bank transfer,DSL,Yes,0,1,1,0
CUST-04378,19,107.66,2381.32,5,-11.4,0,6.4,Month-to-month,Electronic check,Fiber optic,No,1,0,0,0
CUST-04379,12,85.65,958.35,1,-12.5,0,7.4,One year,Mailed check,Fiber optic,No,0,1,0,0
CUST-04380,67,110.82,7121.17,3,12.0,0,6.5,One year,Credit card,DSL,No,0,0,0,0
CUST-04381,68,22.58,1848.61,0,13.7,1,7.0,Month-to-month,Bank transfer,Fiber optic,No,0,0,0,0
CUST-04382,9,20.0,53.97,1,47.2,0,9.0,Two year,Credit card,Fiber optic,Yes,0,0,0,0
CUST-04383,26,66.82,1820.97,0,6.5,0,6.3,Month-to-month,Electronic check,Fiber optic,No,0,0,0,0
CUST-04384,41,39.4,1825.75,2,20.4,2,2.3,Two year,Bank transfer,Fiber optic,No,0,0,1,0
CUST-04385,28,71.38,2117.15,1,10.6,3,7.0,Month-to-month,Electronic check,Fiber optic,No,0,0,1,0
CUST-04386,52,83.76,3806.36,3,19.0,0,7.2,Month-to-month,Mailed check,Fiber optic,No,0,0,1,1
CUST-04387,19,103.77,2145.47,4,10.3,0,7.5,Two year,Electronic check,Fiber optic,No,0,0,0,1
CUST-04388,5,46.13,205.5,0,25.6,2,6.8,Month-to-month,Electronic check,DSL,No,1,0,1,0
CUST-04389,25,89.19,2147.49,1,-8.8,1,5.5,Month-to-month,Electronic check,DSL,No,0,0,0,0
CUST-04390,44,78.4,3422.33,2,-31.2,0,6.7,Two year,Bank transfer,None,No,0,0,1,0
CUST-04391,14,87.73,825.71,3,14.7,1,10.0,Month-to-month,Electronic check,DSL,No,1,0,0,1
CUST-04392,59,63.45,3791.59,0,-20.9,0,7.0,One year,Bank transfer,Fiber optic,No,0,0,1,0
CUST-04393,1,116.73,20.0,0,29.0,0,8.3,Month-to-month,Credit card,Fiber optic,Yes,1,0,0,0
CUST-04394,5,75.1,304.04,2,-0.8,0,5.2,Month-to-month,Electronic check,DSL,No,0,0,1,0
CUST-04395,37,127.68,4763.23,0,-8.6,1,6.6,Month-to-month,Mailed check,Fiber optic,Yes,1,0,0,1
CUST-04396,37,55.87,2335.7,1,51.2,0,5.3,Month-to-month,Credit card,DSL,No,0,1,0,0
CUST-04397,22,98.8,1968.7,3,7.7,0,9.4,Month-to-month,Electronic check,Fiber optic,No,0,0,0,0
CUST-04398,19,76.33,1813.17,2,4.6,1,4.3,Month-to-month,Electronic check,DSL,Yes,0,0,0,0
CUST-04399,6,68.82,649.63,0,20.0,0,7.8,One year,Bank transfer,DSL,No,0,1,0,1
CUST-04400,48,95.7,4486.25,3,21.0,1,7.7,Month-to-month,Electronic check,Fiber optic,Yes,0,0,0,0
CUST-04401,28,69.62,1672.17,0,26.2,1,7.6,Month-to-month,Bank transfer,DSL,Yes,0,0,0,0
CUST-04402,9,20.0,20.0,2,-13.3,0,2.9,Two year,Bank transfer,Fiber optic,Yes,0,0,1,0
CUST-04403,29,20.0,647.94,1,16.6,0,3.5,Month-to-month,Credit card,Fiber optic,Yes,0,1,0,0
CUST-04404,68,113.63,7542.52,2,3.3,0,7.3,Two year,Credit card,Fiber optic,No,0,0,0,0
CUST-04405,19,112.45,2436.39,1,-6.7,1,5.4,One year,Credit card,Fiber optic,No,0,0,1,0
CUST-04406,65,130.85,8335.37,1,8.8,2,5.9,Two year,Credit card,Fiber optic,Yes,0,0,1,0
CUST-04407,19,77.51,1247.52,0,-21.0,2,6.3,Two year,Electronic check,DSL,Yes,0,1,1,0
CUST-04408,14,41.81,643.75,2,22.8,1,5.2,Month-to-month,Electronic check,DSL,No,0,0,0,0
CUST-04409,19,66.25,1087.24,1,3.3,0,4.9,One year,Credit card,DSL,Yes,0,1,1,0
CUST-04410,24,78.32,1881.82,2,0.4,0,7.1,Month-to-month,Credit card,None,No,0,1,1,0
CUST-04411,9,49.8,694.7,0,5.8,0,3.7,Month-to-month,Credit card,DSL,No,0,1,0,0
CUST-04412,43,124.16,5368.19,4,5.3,0,6.2,Month-to-month,Bank transfer,DSL,No,0,0,1,0
CUST-04413,25,140.71,3547.99,2,26.3,0,5.9,Month-to-month,Credit card,DSL,Yes,0,0,0,1
CUST-04414,52,91.39,4803.57,1,-9.5,0,7.1,Month-to-month,Mailed check,DSL,Yes,0,0,0,0
CUST-04415,36,77.7,2373.93,1,1.9,1,10.0,Two year,Bank transfer,DSL,Yes,0,0,0,0
CUST-04416,32,41.74,1433.64,3,4.5,2,5.3,Month-to-month,Electronic check,DSL,No,0,0,0,0
CUST-04417,34,121.3,4164.18,2,-9.0,0,7.8,One year,Mailed check,Fiber optic,No,0,1,0,1
CUST-04418,12,80.14,1184.9,1,10.5,0,7.5,Two year,Mailed check,DSL,No,1,0,1,0
CUST-04419,52,69.9,3786.25,1,-3.6,0,8.1,Month-to-month,Electronic check,DSL,No,0,1,1,0
CUST-04420,8,91.47,681.27,4,-14.5,0,6.7,Month-to-month,Bank transfer,Fiber optic,No,0,0,1,1
CUST-04421,52,61.6,3461.3,2,16.4,1,9.7,One year,Credit card,DSL,No,0,1,0,0
CUST-04422,72,82.11,5838.76,1,32.8,1,8.3,Two year,Electronic check,Fiber optic,Yes,0,1,1,0
CUST-04423,56,37.61,2167.95,1,8.8,2,8.4,Two year,Electronic check,DSL,No,0,0,0,0
CUST-04424,33,108.44,3500.73,1,6.3,0,4.6,Month-to-month,Electronic check,DSL,No,0,0,0,0
CUST-04425,23,75.08,1842.28,1,6.0,4,7.3,Two year,Bank transfer,DSL,Yes,0,0,0,0
CUST-04426,63,110.45,6864.23,4,-0.3,1,6.2,Month-to-month,Electronic check,DSL,Yes,0,0,1,0
CUST-04427,19,72.37,1786.92,0,26.7,2,5.5,Month-to-month,Electronic check,Fiber optic,Yes,0,0,1,0
CUST-04428,35,74.19,3100.99,3,9.5,1,6.0,Month-to-month,Electronic check,DSL,No,0,1,1,0
CUST-04429,56,44.06,2685.84,3,-26.9,0,7.0,One year,Credit card,None,No,0,1,1,0
CUST-04430,67,99.27,7036.41,5,27.2,1,7.9,Month-to-month,Credit card,Fiber optic,No,0,1,1,0
CUST-04431,67,53.48,3198.36,3,23.3,0,8.9,One year,Credit card,DSL,No,0,1,0,0
CUST-04432,7,64.38,95.32,1,17.6,0,8.8,Month-to-month,Electronic check,Fiber optic,Yes,0,0,0,0
CUST-04433,65,78.03,4991.56,2,-35.0,0,7.6,Month-to-month,Mailed check,DSL,No,1,1,1,0
CUST-04434,9,81.39,742.82,1,8.0,0,7.2,Two year,Mailed check,Fiber optic,No,0,1,1,0
CUST-04435,43,30.23,1250.34,1,22.3,0,6.5,One year,Electronic check,DSL,Yes,0,0,0,0
CUST-04436,67,71.54,4382.65,1,14.1,1,6.7,Month-to-month,Mailed check,Fiber optic,No,0,1,1,0
CUST-04437,48,100.27,5100.86,1,11.3,1,5.7,One year,Bank transfer,DSL,No,0,1,0,0
CUST-04438,69,67.41,5189.84,0,22.3,1,6.3,Month-to-month,Electronic check,Fiber optic,No,1,1,1,0
CUST-04439,25,71.71,2113.0,4,10.2,1,7.7,Month-to-month,Bank transfer,Fiber optic,No,0,1,0,0
CUST-04440,23,82.55,2170.03,4,27.3,1,9.9,Month-to-month,Bank transfer,None,Yes,1,0,0,0
CUST-04441,24,74.47,1843.81,1,10.6,1,6.8,Two year,Credit card,Fiber optic,Yes,0,0,0,0
CUST-04442,26,49.15,1067.15,3,9.3,1,5.6,Month-to-month,Bank transfer,Fiber optic,No,0,0,1,0
CUST-04443,50,76.98,3867.13,2,22.3,0,8.8,Month-to-month,Credit card,Fiber optic,No,1,0,0,0
CUST-04444,33,105.83,4018.79,1,1.6,1,3.5,One year,Credit card,Fiber optic,No,0,1,0,0
CUST-04445,54,48.57,2534.78,1,-9.6,1,9.0,Month-to-month,Electronic check,DSL,No,0,0,0,0
CUST-04446,30,67.51,1911.56,0,8.1,1,4.5,Month-to-month,Credit card,Fiber optic,No,0,0,1,0
CUST-04447,23,39.31,1180.96,3,17.4,1,8.3,Month-to-month,Bank transfer,DSL,Yes,0,0,0,0
CUST-04448,14,104.36,1754.46,2,22.8,1,6.2,Two year,Electronic check,Fiber optic,Yes,0,0,0,0
CUST-04449,40,75.41,2804.42,0,22.9,1,7.7,Month-to-month,Bank transfer,DSL,No,0,1,0,0
CUST-04450,65,54.19,3456.98,0,6.9,1,10.0,Month-to-month,Credit card,Fiber optic,Yes,0,1,0,0
CUST-04451,62,80.58,4870.48,1,5.3,0,5.6,Month-to-month,Credit card,Fiber optic,No,0,0,1,0
CUST-04452,19,44.3,859.12,2,-1.5,1,5.3,Month-to-month,Credit card,DSL,Yes,0,0,1,0
CUST-04453,35,49.06,1993.02,1,12.0,3,7.2,Month-to-month,Electronic check,Fiber optic,No,0,0,0,0
CUST-04454,51,37.12,1692.11,0,-18.3,1,9.8,One year,Credit card,DSL,No,0,0,1,0
CUST-04455,45,48.13,2438.27,0,8.4,0,7.4,One year,Credit card,DSL,Yes,0,0,0,0
CUST-04456,5,116.01,605.46,4,53.6,2,7.2,One year,Mailed check,None,Yes,0,0,0,1
CUST-04457,43,57.47,3052.76,3,-16.1,2,7.4,Month-to-month,Credit card,Fiber optic,Yes,0,0,0,0
CUST-04458,3,91.05,352.86,0,10.5,0,5.3,Month-to-month,Electronic check,DSL,No,0,1,1,0
CUST-04459,9,54.58,466.99,2,14.0,1,7.4,Month-to-month,Mailed check,DSL,Yes,0,0,1,0
CUST-04460,48,99.27,4908.64,0,16.1,0,6.4,Two year,Credit card,None,No,0,0,0,0
CUST-04461,8,49.27,309.87,0,-7.5,1,9.5,One year,Electronic check,DSL,No,1,0,1,0
CUST-04462,25,79.1,1528.68,2,16.2,2,8.5,Month-to-month,Credit card,Fiber optic,Yes,0,0,0,0
CUST-04463,43,79.48,3357.51,0,-0.6,1,4.7,One year,Electronic check,None,Yes,0,1,1,0
CUST-04464,48,143.18,6808.57,2,-14.8,0,6.6,Month-to-month,Credit card,Fiber optic,Yes,0,0,1,0
CUST-04465,33,95.65,2758.37,3,23.2,0,8.1,Two year,Electronic check,Fiber optic,No,1,0,1,1
CUST-04466,7,61.4,411.54,2,18.6,0,5.3,One year,Credit card,Fiber optic,No,1,0,1,0
CUST-04467,58,97.18,5119.66,3,-7.5,0,5.2,Month-to-month,Electronic check,DSL,No,0,0,0,1
CUST-04468,69,137.87,9426.11,2,-0.7,0,6.3,Month-to-month,Credit card,Fiber optic,No,0,1,0,1
CUST-04469,64,32.37,2132.58,0,-1.3,0,7.7,Month-to-month,Electronic check,Fiber optic,No,0,1,0,0
CUST-04470,54,54.41,2962.39,4,-18.3,0,9.0,Month-to-month,Electronic check,DSL,No,1,1,0,0
CUST-04471,29,71.37,1966.96,1,20.2,1,7.5,Month-to-month,Electronic check,DSL,No,0,0,0,0
CUST-04472,64,66.32,4223.1,3,20.8,0,10.0,Month-to-month,Bank transfer,DSL,Yes,0,1,0,0
CUST-04473,36,68.68,2276.46,5,2.7,2,5.9,One year,Credit card,DSL,No,0,0,0,0
CUST-04474,10,41.48,417.5,0,7.5,0,8.4,Month-to-month,Bank transfer,None,Yes,0,0,1,0
CUST-04475,62,117.31,7287.74,0,9.8,1,5.1,Month-to-month,Bank transfer,Fiber optic,Yes,0,0,1,0
CUST-04476,24,38.17,691.02,0,11.9,0,10.0,Month-to-month,Mailed check,Fiber optic,No,0,1,0,0
CUST-04477,68,72.39,4989.44,2,-13.6,0,9.5,Month-to-month,Bank transfer,None,No,1,0,1,0
CUST-04478,27,107.28,2961.92,0,15.8,0,8.4,Month-to-month,Bank transfer,DSL,Yes,0,0,1,0
CUST-04479,63,77.15,4818.9,5,-10.8,0,4.0,One year,Bank transfer,Fiber optic,Yes,1,0,0,0
CUST-04480,39,50.58,2577.88,3,18.9,0,8.4,Month-to-month,Mailed check,Fiber optic,Yes,0,0,1,0
CUST-04481,34,40.24,1332.98,2,-9.0,0,5.6,Month-to-month,Electronic check,None,Yes,0,0,1,0
CUST-04482,22,71.56,1504.51,7,-12.8,1,7.9,Two year,Electronic check,DSL,No,0,1,0,0
CUST-04483,61,56.8,3359.2,0,7.6,2,4.5,Month-to-month,Bank transfer,DSL,No,0,0,0,0
CUST-04484,5,83.75,176.02,3,7.2,1,7.6,Month-to-month,Credit card,DSL,No,0,0,0,0
CUST-04485,34,38.76,1489.31,0,9.7,2,6.5,Month-to-month,Electronic check,Fiber optic,No,0,0,0,0
CUST-04486,27,100.77,2549.23,3,-6.3,1,5.7,Month-to-month,Credit card,DSL,Yes,0,0,1,0
CUST-04487,40,81.24,3107.61,3,11.2,1,8.2,One year,Electronic check,Fiber optic,Yes,0,0,1,0
CUST-04488,19,83.32,1448.52,0,12.8,0,7.0,One year,Credit card,DSL,No,0,0,1,0
CUST-04489,48,118.35,5434.56,0,26.7,1,6.7,Month-to-month,Electronic check,DSL,No,1,1,0,0
CUST-04490,28,65.74,1402.95,3,11.0,0,8.4,Month-to-month,Mailed check,None,Yes,0,0,0,0
CUST-04491,14,57.68,691.79,0,-1.6,2,10.0,Month-to-month,Bank transfer,DSL,No,0,1,1,0
CUST-04492,15,62.66,1158.23,0,-13.6,1,7.6,Month-to-month,Electronic check,Fiber optic,No,0,0,0,0
CUST-04493,51,72.61,3752.35,7,-16.5,2,3.8,Two year,Electronic check,DSL,Yes,0,0,1,0
CUST-04494,19,75.45,1823.69,0,13.2,0,4.3,Month-to-month,Electronic check,DSL,No,0,0,0,0
CUST-04495,23,54.74,1446.76,2,20.7,1,7.2,Two year,Bank transfer,DSL,No,0,0,1,0
CUST-04496,46,21.35,1113.09,2,-6.2,1,8.9,Month-to-month,Electronic check,DSL,No,0,1,0,0
CUST-04497,24,62.29,1965.62,3,12.1,0,7.3,One year,Bank transfer,Fiber optic,No,0,0,0,0
CUST-04498,28,88.08,2441.95,2,5.2,1,8.0,Month-to-month,Bank transfer,Fiber optic,Yes,1,0,0,1
CUST-04499,18,81.82,1488.53,1,19.5,1,7.0,Two year,Bank transfer,Fiber optic,Yes,0,0,0,0
CUST-04500,25,111.59,2786.88,4,21.9,1,8.8,One year,Electronic check,None,No,0,0,0,0
CUST-04501,50,132.75,7023.45,2,-28.3,2,8.2,One year,Bank transfer,DSL,No,1,0,1,1
CUST-04502,39,99.26,3871.77,4,24.5,0,5.3,Month-to-month,Mailed check,DSL,No,0,0,1,0
CUST-04503,72,116.71,8241.05,0,12.0,2,7.9,Month-to-month,Bank transfer,DSL,No,0,0,1,0
CUST-04504,56,99.47,5717.24,1,-0.5,3,4.3,One year,Credit card,Fiber optic,No,0,0,1,0
CUST-04505,2,125.88,47.7,0,-0.1,1,7.9,Month-to-month,Electronic check,DSL,No,0,0,1,1
CUST-04506,28,129.82,3768.33,0,8.5,1,6.6,One year,Electronic check,None,No,0,0,0,0
CUST-04507,21,104.63,2300.69,3,-0.1,1,7.4,Month-to-month,Mailed check,DSL,No,0,0,1,0
CUST-04508,43,97.78,4157.19,0,-7.0,0,7.7,One year,Credit card,DSL,No,1,1,0,0
CUST-04509,20,72.25,1586.45,2,-3.3,1,7.6,Month-to-month,Credit card,Fiber optic,No,0,0,1,0
CUST-04510,70,76.84,5006.85,2,-8.6,0,9.7,One year,Bank transfer,Fiber optic,Yes,0,0,1,0
CUST-04511,22,68.54,1548.62,1,29.5,0,7.2,Month-to-month,Credit card,Fiber optic,Yes,0,1,1,0
CUST-04512,38,95.4,3509.51,2,8.9,0,7.4,Month-to-month,Mailed check,Fiber optic,Yes,0,1,0,0
CUST-04513,9,57.83,1236.04,2,44.0,1,9.5,Two year,Electronic check,DSL,No,0,0,0,0
CUST-04514,66,72.65,4833.86,5,13.9,0,10.0,Month-to-month,Electronic check,None,No,0,0,1,0
CUST-04515,66,20.0,1170.9,0,17.4,0,7.1,Two year,Mailed check,Fiber optic,Yes,0,0,1,0
CUST-04516,58,126.25,6977.92,1,-9.0,1,6.2,Two year,Electronic check,DSL,No,0,0,1,0
CUST-04517,26,71.83,2193.93,2,4.5,3,6.3,Month-to-month,Bank transfer,Fiber optic,No,1,0,0,0
CUST-04518,5,90.76,366.29,1,9.2,2,7.9,Month-to-month,Electronic check,DSL,No,0,1,0,1
CUST-04519,52,118.82,5980.8,2,-2.2,1,6.7,One year,Bank transfer,DSL,Yes,0,1,0,0
CUST-04520,31,86.41,2762.78,0,0.6,1,4.0,Two year,Bank transfer,Fiber optic,Yes,0,0,0,0
CUST-04521,72,118.44,8690.11,4,14.7,3,9.1,Month-to-month,Electronic check,Fiber optic,No,0,1,0,1
CUST-04522,51,43.23,2363.22,3,15.0,2,8.6,Two year,Electronic check,Fiber optic,No,0,0,0,0
CUST-04523,39,145.13,5665.01,2,-13.4,0,9.2,Month-to-month,Bank transfer,Fiber optic,No,0,0,1,0
CUST-04524,72,108.44,7847.48,2,12.5,0,9.5,Month-to-month,Bank transfer,None,No,0,1,0,0
CUST-04525,58,83.86,4921.89,3,16.8,0,7.4,Two year,Credit card,Fiber optic,Yes,0,0,0,0
CUST-04526,34,117.9,4092.7,3,-1.4,1,7.6,Month-to-month,Credit card,Fiber optic,No,0,0,0,1
CUST-04527,2,45.28,196.78,7,-3.1,0,8.9,One year,Electronic check,DSL,No,0,0,1,0
CUST-04528,7,69.92,763.05,3,15.1,1,4.9,Month-to-month,Bank transfer,Fiber optic,No,0,0,0,0
CUST-04529,32,118.44,3804.18,2,-33.2,1,6.5,Month-to-month,Credit card,Fiber optic,No,0,1,1,0
CUST-04530,41,25.72,850.32,2,8.0,1,7.0,Two year,Credit card,Fiber optic,No,0,0,0,0
CUST-04531,3,93.69,245.0,1,34.2,0,8.8,Month-to-month,Credit card,None,Yes,0,0,0,0
CUST-04532,10,92.9,1117.45,1,-33.5,0,6.1,One year,Mailed check,None,No,0,1,1,0
CUST-04533,51,133.14,6343.51,1,21.2,1,5.8,Two year,Electronic check,None,No,0,0,0,1
CUST-04534,55,33.68,1407.21,1,16.7,2,6.3,One year,Electronic check,Fiber optic,No,0,1,1,0
CUST-04535,3,123.07,598.78,3,-15.0,3,7.9,Two year,Electronic check,Fiber optic,No,0,0,0,1
CUST-04536,37,62.33,2686.24,1,16.3,1,7.0,Two year,Electronic check,DSL,No,0,0,0,0
CUST-04537,6,65.48,76.58,1,24.0,1,4.5,Month-to-month,Credit card,DSL,Yes,0,1,0,1
CUST-04538,53,43.78,2345.45,1,-10.8,1,4.8,One year,Electronic check,Fiber optic,No,0,1,0,0
CUST-04539,61,47.54,2800.05,2,-3.3,0,7.3,Month-to-month,Mailed check,DSL,No,0,0,0,0
CUST-04540,63,89.3,5560.69,2,8.4,2,7.4,One year,Credit card,Fiber optic,No,0,0,1,0
CUST-04541,44,46.85,2137.78,1,23.6,1,7.1,One year,Mailed check,Fiber optic,Yes,0,0,0,0
CUST-04542,46,98.73,4218.36,0,-0.7,1,6.3,Month-to-month,Bank transfer,Fiber optic,No,0,0,0,0
CUST-04543,67,59.44,3705.68,1,7.3,1,8.5,One year,Electronic check,None,No,0,0,0,0
CUST-04544,45,44.04,1906.49,0,-2.6,0,7.8,Month-to-month,Electronic check,DSL,No,1,0,1,0
CUST-04545,33,63.22,2049.92,2,8.4,1,7.7,One year,Credit card,Fiber optic,No,0,0,1,0
CUST-04546,55,87.43,4527.16,2,24.7,0,7.8,Month-to-month,Electronic check,Fiber optic,No,0,1,0,0
CUST-04547,43,70.23,3217.3,1,9.7,0,10.0,Month-to-month,Mailed check,Fiber optic,Yes,1,0,1,0
CUST-04548,61,78.96,4712.17,1,2.3,0,5.3,One year,Electronic check,Fiber optic,No,0,0,1,0
CUST-04549,38,97.49,3599.17,3,7.5,0,6.3,Month-to-month,Credit card,Fiber optic,Yes,1,1,1,0
CUST-04550,63,108.31,6894.19,3,-4.8,1,6.5,Two year,Bank transfer,Fiber optic,No,0,0,0,0
CUST-04551,4,69.32,245.05,2,-7.9,1,9.4,One year,Credit card,None,No,0,0,1,0
CUST-04552,3,48.76,355.65,1,27.3,3,6.4,Two year,Credit card,DSL,No,0,0,0,0
CUST-04553,8,80.13,407.68,0,34.2,1,5.7,One year,Electronic check,None,No,1,0,0,0
CUST-04554,41,91.18,3389.03,2,-20.7,0,6.9,Two year,Mailed check,DSL,No,0,0,0,0
CUST-04555,52,37.1,1851.75,0,17.3,1,7.3,Month-to-month,Credit card,DSL,No,0,1,0,0
CUST-04556,16,53.06,864.02,0,21.7,0,9.3,One year,Bank transfer,DSL,No,0,1,1,0
CUST-04557,12,57.86,384.13,0,-11.4,1,6.4,Month-to-month,Mailed check,DSL,No,0,0,0,0
CUST-04558,62,72.18,4128.22,1,0.5,0,5.9,Month-to-month,Credit card,Fiber optic,No,0,1,0,0
CUST-04559,55,56.69,3163.52,0,-1.2,1,5.5,Two year,Electronic check,Fiber optic,No,0,1,0,0
CUST-04560,47,97.8,4407.15,2,38.4,3,6.5,One year,Electronic check,DSL,No,0,0,1,0
CUST-04561,36,33.06,827.03,3,34.4,2,10.0,One year,Mailed check,DSL,No,0,1,1,0
CUST-04562,31,33.77,1288.21,0,-6.7,1,7.8,One year,Credit card,Fiber optic,No,0,0,0,0
CUST-04563,2,68.65,20.0,0,-15.3,0,8.2,Month-to-month,Bank transfer,DSL,No,0,1,0,0
CUST-04564,14,73.08,1310.57,5,20.4,1,7.1,Two year,Electronic check,None,No,1,0,0,0
CUST-04565,65,37.27,2429.67,2,16.7,1,7.3,Month-to-month,Bank transfer,Fiber optic,Yes,0,0,0,0
CUST-04566,25,61.01,1598.94,3,27.9,0,8.5,Month-to-month,Electronic check,Fiber optic,No,0,0,0,0
CUST-04567,51,66.77,3352.4,3,-8.9,0,8.1,Month-to-month,Electronic check,None,No,0,0,1,0
CUST-04568,51,66.99,2752.7,1,19.6,0,7.7,Two year,Bank transfer,Fiber optic,Yes,0,0,1,0
CUST-04569,23,82.25,1607.55,3,-3.7,0,7.1,Month-to-month,Electronic check,Fiber optic,No,0,1,0,0
CUST-04570,15,59.48,860.77,0,18.0,5,6.5,Month-to-month,Credit card,DSL,No,0,0,0,0
CUST-04571,50,119.38,6060.18,3,7.4,0,7.9,Month-to-month,Credit card,None,No,0,0,0,0
CUST-04572,7,91.67,194.27,0,38.4,0,7.3,Month-to-month,Credit card,Fiber optic,Yes,1,0,0,0
CUST-04573,36,55.4,1981.0,2,15.2,2,10.0,Month-to-month,Electronic check,Fiber optic,No,0,0,1,0
CUST-04574,64,80.65,4881.03,1,3.0,1,9.0,Month-to-month,Electronic check,Fiber optic,Yes,1,0,1,0
CUST-04575,52,81.47,4295.1,0,10.2,0,5.9,Month-to-month,Credit card,DSL,No,0,0,0,0
CUST-04576,56,112.01,6267.71,0,6.4,1,5.0,Month-to-month,Bank transfer,DSL,Yes,0,1,0,0
CUST-04577,6,61.19,553.02,2,-10.5,0,6.4,Month-to-month,Electronic check,None,No,0,0,0,0
CUST-04578,15,99.49,1759.06,2,38.8,1,5.2,Month-to-month,Credit card,DSL,Yes,0,0,1,1
CUST-04579,20,79.17,1698.15,3,33.6,0,6.3,Month-to-month,Bank transfer,Fiber optic,Yes,0,1,0,0
CUST-04580,22,119.76,2849.82,1,5.2,1,5.4,Two year,Electronic check,DSL,No,1,0,0,0
CUST-04581,14,114.14,1510.37,3,19.2,1,6.5,Month-to-month,Credit card,DSL,Yes,0,1,0,1
CUST-04582,70,83.52,6552.18,1,40.8,0,6.5,Month-to-month,Bank transfer,DSL,No,0,0,0,0
CUST-04583,12,70.66,543.22,1,27.8,0,7.4,Month-to-month,Bank transfer,DSL,Yes,0,1,1,0
CUST-04584,51,92.18,4569.24,0,3.1,1,6.7,Two year,Mailed check,Fiber optic,No,0,0,0,0
CUST-04585,43,72.95,3362.19,2,6.6,1,5.5,Two year,Electronic check,DSL,Yes,0,1,0,0
CUST-04586,44,125.05,5690.38,1,-19.5,2,9.3,Month-to-month,Bank transfer,DSL,No,0,1,1,0
CUST-04587,16,80.2,1405.05,0,20.4,1,7.8,Month-to-month,Electronic check,Fiber optic,Yes,0,0,0,1
CUST-04588,23,66.64,1701.55,1,27.9,2,6.1,Month-to-month,Mailed check,DSL,No,0,0,0,0
CUST-04589,44,65.13,2344.83,1,28.0,2,5.5,Month-to-month,Electronic check,Fiber optic,No,0,0,0,0
CUST-04590,22,44.04,1366.2,2,19.2,1,4.5,Month-to-month,Mailed check,Fiber optic,No,0,1,1,0
CUST-04591,50,93.58,4628.03,1,13.6,0,4.3,Month-to-month,Bank transfer,Fiber optic,Yes,0,0,1,0
CUST-04592,3,55.04,476.59,2,-8.0,0,9.0,Month-to-month,Credit card,None,No,0,1,1,0
CUST-04593,6,108.75,144.12,0,13.1,1,8.8,Month-to-month,Credit card,Fiber optic,No,0,0,0,1
CUST-04594,53,41.8,2279.54,2,-2.1,0,6.0,Month-to-month,Electronic check,DSL,No,0,0,0,0
CUST-04595,45,81.56,3529.32,5,16.4,3,9.6,Month-to-month,Credit card,Fiber optic,Yes,0,0,0,1
CUST-04596,4,110.21,583.87,1,-4.2,1,8.2,Month-to-month,Electronic check,Fiber optic,No,0,0,1,1
CUST-04597,65,20.0,1379.27,2,16.3,0,7.5,Two year,Electronic check,Fiber optic,No,0,0,1,0
CUST-04598,1,134.51,226.02,2,29.2,1,8.7,Month-to-month,Electronic check,Fiber optic,Yes,0,0,1,1
CUST-04599,69,66.09,4295.47,3,14.0,0,8.2,Month-to-month,Credit card,DSL,Yes,0,0,1,0
CUST-04600,53,81.95,4329.11,0,13.3,1,7.4,Two year,Electronic check,DSL,No,0,0,0,0
CUST-04601,72,94.0,6722.96,0,22.6,0,6.7,Month-to-month,Credit card,DSL,Yes,0,0,0,0
CUST-04602,69,98.33,6908.6,5,36.3,3,6.9,Month-to-month,Credit card,DSL,No,0,1,1,0
CUST-04603,23,85.67,2217.73,3,6.3,2,4.2,One year,Electronic check,Fiber optic,No,0,1,0,0
CUST-04604,55,105.93,5863.77,5,16.3,0,5.7,Month-to-month,Electronic check,DSL,No,1,0,1,0
CUST-04605,16,92.53,1161.44,6,32.2,0,10.0,Month-to-month,Credit card,Fiber optic,Yes,0,0,0,1
CUST-04606,34,127.3,4355.09,1,18.7,0,5.6,One year,Electronic check,DSL,No,0,0,1,0
CUST-04607,18,92.63,2320.11,1,-24.0,0,3.8,One year,Electronic check,DSL,No,0,1,0,1
CUST-04608,35,133.01,5066.85,1,-3.4,1,8.7,Two year,Electronic check,DSL,No,0,0,1,0
CUST-04609,63,103.23,5759.89,0,20.0,0,7.5,Month-to-month,Electronic check,Fiber optic,No,1,0,0,0
CUST-04610,32,27.44,893.92,2,1.6,1,7.6,Month-to-month,Credit card,DSL,No,0,0,1,0
CUST-04611,7,151.11,1290.8,1,31.0,0,6.8,Month-to-month,Electronic check,DSL,No,0,0,1,1
CUST-04612,24,61.92,1440.5,5,37.7,1,8.7,Month-to-month,Mailed check,Fiber optic,Yes,0,1,1,0
CUST-04613,57,119.88,6718.14,1,-1.4,1,9.9,One year,Credit card,Fiber optic,No,0,0,1,0
CUST-04614,38,78.75,2925.76,3,-8.5,0,6.2,One year,Mailed check,DSL,No,1,0,0,0
CUST-04615,41,107.71,4554.16,2,2.2,1,8.2,Month-to-month,Credit card,DSL,No,0,0,1,0
CUST-04616,32,58.72,1591.92,2,1.3,0,9.1,Two year,Electronic check,DSL,No,0,1,0,0
CUST-04617,22,95.52,2398.61,3,32.6,1,6.1,Month-to-month,Electronic check,DSL,Yes,0,1,1,1
CUST-04618,44,70.91,3106.04,2,-8.6,2,9.8,Two year,Electronic check,DSL,No,0,1,1,0
CUST-04619,46,122.21,5387.9,0,19.9,0,9.1,Month-to-month,Credit card,DSL,Yes,0,1,0,0
CUST-04620,65,90.28,6149.29,1,30.2,1,4.9,One year,Credit card,Fiber optic,No,1,1,1,0
CUST-04621,45,104.21,4303.17,1,21.1,1,10.0,One year,Electronic check,Fiber optic,No,0,0,1,0
CUST-04622,72,20.0,1301.2,5,15.0,2,5.0,One year,Credit card,DSL,No,0,0,1,0
CUST-04623,60,75.6,4393.08,3,5.4,0,5.9,One year,Electronic check,DSL,Yes,0,0,0,0
CUST-04624,6,89.5,1072.99,1,37.6,1,8.3,One year,Credit card,Fiber optic,No,0,0,0,0
CUST-04625,29,84.26,2272.28,2,4.1,0,9.0,One year,Electronic check,DSL,No,0,0,1,0
CUST-04626,28,104.91,2398.74,3,23.2,0,7.3,Two year,Electronic check,Fiber optic,Yes,0,0,0,0
CUST-04627,1,67.75,20.0,1,5.5,0,6.0,Month-to-month,Bank transfer,DSL,No,0,0,1,0
CUST-04628,14,79.37,1225.07,2,-21.5,0,6.6,Month-to-month,Mailed check,DSL,No,0,1,1,0
CUST-04629,55,111.07,6304.87,3,3.7,0,6.4,One year,Credit card,Fiber optic,No,0,1,0,0
CUST-04630,26,20.0,1089.13,2,5.5,0,8.6,Month-to-month,Bank transfer,DSL,No,0,1,0,0
CUST-04631,11,94.5,1391.22,2,5.7,1,6.4,Month-to-month,Bank transfer,DSL,No,0,0,1,0
CUST-04632,21,68.65,1488.63,2,-2.6,2,5.9,Month-to-month,Bank transfer,Fiber optic,Yes,0,1,1,0
CUST-04633,20,52.46,826.35,3,18.0,1,4.4,Month-to-month,Electronic check,Fiber optic,No,0,0,0,0
CUST-04634,13,87.42,1542.47,2,19.8,0,6.0,One year,Credit card,DSL,No,0,0,0,1
CUST-04635,8,112.37,806.82,1,3.1,1,6.9,One year,Electronic check,None,No,0,1,0,0
CUST-04636,56,107.1,5833.06,0,3.0,0,5.1,Month-to-month,Bank transfer,DSL,Yes,0,0,0,0
CUST-04637,60,74.22,4348.93,3,-8.8,2,4.0,Month-to-month,Electronic check,Fiber optic,Yes,0,1,0,0
CUST-04638,36,102.52,3377.65,3,12.1,0,8.9,Month-to-month,Credit card,Fiber optic,No,0,1,0,0
CUST-04639,45,102.31,4487.69,2,30.0,1,5.3,Two year,Electronic check,Fiber optic,No,1,0,0,0
CUST-04640,67,75.55,5003.57,3,30.1,0,4.7,One year,Electronic check,DSL,No,1,0,0,0
CUST-04641,61,58.59,3756.65,2,-1.6,1,9.9,Month-to-month,Bank transfer,DSL,No,1,1,1,0
CUST-04642,3,60.21,83.61,1,39.9,0,8.6,Month-to-month,Credit card,DSL,No,0,1,1,0
CUST-04643,69,101.46,6683.88,4,2.2,1,8.9,Two year,Mailed check,None,No,0,0,0,0
CUST-04644,5,76.82,20.0,0,-8.3,0,8.0,One year,Electronic check,Fiber optic,Yes,0,0,0,0
CUST-04645,2,48.71,149.81,2,-13.8,2,9.5,Month-to-month,Electronic check,Fiber optic,No,0,0,0,0
CUST-04646,30,30.82,942.76,2,-9.2,0,8.7,One year,Credit card,Fiber optic,No,0,1,0,0
CUST-04647,54,101.29,5331.08,0,13.3,1,6.5,Month-to-month,Electronic check,DSL,Yes,1,1,1,0
CUST-04648,6,62.69,259.28,0,3.9,1,5.2,Two year,Electronic check,DSL,No,0,0,0,0
CUST-04649,22,87.25,2016.62,0,-2.1,0,4.8,Two year,Electronic check,None,No,0,0,1,0
CUST-04650,19,112.71,2489.13,1,-5.6,0,6.8,Month-to-month,Electronic check,Fiber optic,No,0,0,0,1
CUST-04651,29,41.35,1004.11,3,-9.4,1,5.1,One year,Bank transfer,DSL,Yes,0,0,0,0
CUST-04652,71,76.74,5470.77,1,-6.2,2,5.7,Two year,Bank transfer,DSL,Yes,0,0,1,0
CUST-04653,24,73.22,1996.85,1,24.2,3,6.8,Month-to-month,Electronic check,Fiber optic,No,0,1,1,0
CUST-04654,16,88.63,1224.05,3,36.9,1,9.6,Two year,Electronic check,DSL,No,1,1,1,0
CUST-04655,9,112.7,1010.39,1,37.8,1,4.4,Month-to-month,Electronic check,Fiber optic,No,1,0,0,1
CUST-04656,15,40.78,602.2,2,19.0,1,7.2,Month-to-month,Mailed check,DSL,No,0,1,0,0
CUST-04657,10,93.95,611.68,1,0.1,1,4.8,Two year,Bank transfer,DSL,Yes,0,0,0,0
CUST-04658,42,106.88,4531.08,2,-2.7,0,6.1,One year,Credit card,DSL,No,1,0,0,0
CUST-04659,31,72.78,2264.07,2,20.1,1,8.8,Month-to-month,Mailed check,DSL,Yes,1,0,1,0
CUST-04660,36,74.15,2808.17,2,4.1,1,5.6,Month-to-month,Bank transfer,None,No,0,0,1,0
CUST-04661,60,89.72,5086.48,0,14.6,0,6.6,One year,Mailed check,DSL,No,0,1,1,0
CUST-04662,42,87.65,3683.79,3,38.9,0,7.4,One year,Electronic check,Fiber optic,No,1,0,0,0
CUST-04663,12,94.31,1477.15,3,11.5,0,8.4,Month-to-month,Electronic check,None,No,0,0,0,0
CUST-04664,28,93.72,3143.53,0,44.4,1,6.1,One year,Credit card,Fiber optic,Yes,0,0,1,0
CUST-04665,23,50.5,1481.53,4,-10.0,0,9.4,Two year,Electronic check,DSL,No,0,0,0,0
CUST-04666,60,105.73,6049.53,4,15.2,3,6.3,Two year,Credit card,DSL,Yes,0,0,0,0
CUST-04667,23,110.67,2658.17,0,13.0,3,8.0,Month-to-month,Mailed check,Fiber optic,Yes,0,0,0,0
CUST-04668,10,83.21,711.31,4,-7.7,2,6.8,Two year,Mailed check,Fiber optic,Yes,0,0,0,0
CUST-04669,53,36.16,1987.46,5,20.8,1,8.4,Month-to-month,Bank transfer,None,No,0,0,0,0
CUST-04670,31,74.79,2125.44,2,32.5,1,10.0,One year,Credit card,Fiber optic,No,1,0,0,0
CUST-04671,7,83.44,155.71,2,43.2,0,6.6,Month-to-month,Credit card,DSL,No,0,0,1,0
CUST-04672,50,45.95,2211.37,0,14.6,0,7.1,Two year,Bank transfer,Fiber optic,No,0,0,1,0
CUST-04673,16,67.92,1267.37,3,-22.4,0,6.3,Two year,Bank transfer,Fiber optic,No,0,0,0,0
CUST-04674,63,38.54,2500.02,2,15.6,1,6.0,Two year,Credit card,DSL,Yes,0,0,0,0
CUST-04675,60,95.0,5800.74,2,19.9,2,5.8,Month-to-month,Bank transfer,None,No,0,0,0,0
CUST-04676,27,82.65,2285.64,2,4.2,0,7.1,One year,Credit card,DSL,Yes,0,1,0,0
CUST-04677,41,31.92,1409.85,0,11.4,0,5.7,Month-to-month,Electronic check,Fiber optic,Yes,0,1,1,0
CUST-04678,41,87.84,3733.82,0,0.3,1,5.8,Month-to-month,Credit card,Fiber optic,No,0,0,0,1
CUST-04679,48,76.42,3599.49,5,5.9,0,1.4,Two year,Bank transfer,Fiber optic,No,0,0,0,0
CUST-04680,5,92.46,483.02,2,24.3,0,9.6,One year,Electronic check,DSL,No,1,1,1,0
CUST-04681,24,67.04,2044.77,2,30.2,0,10.0,One year,Credit card,DSL,No,0,1,0,0
CUST-04682,13,55.56,757.79,3,-12.3,2,8.3,Month-to-month,Bank transfer,Fiber optic,No,0,1,1,0
CUST-04683,51,56.42,2888.06,2,-0.2,0,5.5,Month-to-month,Credit card,Fiber optic,No,0,0,1,0
CUST-04684,5,62.93,340.37,4,-17.4,2,4.8,Month-to-month,Electronic check,DSL,No,0,0,0,1
CUST-04685,38,78.53,2929.66,3,37.4,2,4.3,Month-to-month,Electronic check,DSL,Yes,0,1,1,0
CUST-04686,53,82.14,4244.58,0,21.9,0,8.3,Two year,Mailed check,DSL,Yes,0,0,0,0
CUST-04687,69,72.66,5065.71,1,-24.0,1,9.4,One year,Bank transfer,DSL,No,0,0,1,0
CUST-04688,21,66.15,1262.72,2,7.0,0,7.4,Month-to-month,Electronic check,DSL,No,0,0,0,0
CUST-04689,1,68.16,31.78,3,3.5,1,8.6,Month-to-month,Bank transfer,Fiber optic,No,1,0,0,0
CUST-04690,53,148.22,7658.03,4,-4.1,0,7.9,Month-to-month,Bank transfer,DSL,No,0,0,1,1
CUST-04691,1,56.42,83.42,1,24.6,1,5.7,Month-to-month,Mailed check,Fiber optic,No,1,0,0,0
CUST-04692,5,62.38,457.95,2,24.2,0,8.9,Two year,Electronic check,Fiber optic,No,1,0,1,0
CUST-04693,72,170.23,12203.58,2,12.3,0,8.8,Month-to-month,Bank transfer,Fiber optic,No,0,0,1,0
CUST-04694,63,89.79,5154.68,4,-2.3,0,5.3,Month-to-month,Electronic check,DSL,No,0,1,1,0
CUST-04695,51,39.36,2154.95,2,-2.1,1,8.6,Month-to-month,Electronic check,None,No,0,0,0,0
CUST-04696,61,101.6,6227.65,2,8.7,2,6.8,One year,Credit card,Fiber optic,No,0,0,0,0
CUST-04697,6,52.52,66.81,5,0.7,0,6.6,Month-to-month,Electronic check,DSL,Yes,0,0,1,0
CUST-04698,7,103.45,917.47,3,7.9,1,7.8,Month-to-month,Electronic check,None,Yes,0,0,0,1
CUST-04699,22,72.09,1236.37,2,16.9,0,7.7,Two year,Bank transfer,DSL,No,0,0,1,0
CUST-04700,2,65.69,392.73,2,-16.5,0,8.7,One year,Bank transfer,Fiber optic,Yes,0,1,1,0
CUST-04701,64,123.06,7861.5,1,-4.1,2,5.6,Month-to-month,Mailed check,DSL,Yes,0,0,1,0
CUST-04702,5,93.86,20.0,1,7.5,0,8.1,Two year,Credit card,Fiber optic,Yes,0,0,1,0
CUST-04703,40,105.24,4254.18,5,33.0,1,5.0,Month-to-month,Electronic check,DSL,No,0,1,1,1
CUST-04704,62,90.18,5489.61,0,21.5,2,6.8,Two year,Electronic check,DSL,No,1,0,1,0
CUST-04705,53,65.56,3335.47,1,7.9,0,6.9,Month-to-month,Credit card,DSL,No,0,0,1,0
CUST-04706,17,95.12,1432.61,2,14.4,0,8.8,Month-to-month,Electronic check,Fiber optic,No,0,0,0,1
CUST-04707,34,111.86,3771.44,3,6.4,2,7.1,Month-to-month,Electronic check,Fiber optic,Yes,0,0,0,0
CUST-04708,40,81.77,3149.5,0,25.2,0,6.6,Month-to-month,Mailed check,Fiber optic,No,1,0,1,0
CUST-04709,56,128.45,6729.03,1,14.9,1,9.7,Month-to-month,Credit card,Fiber optic,Yes,0,0,1,0
CUST-04710,31,101.81,3474.13,0,28.5,3,6.3,Month-to-month,Electronic check,None,No,0,0,1,0
CUST-04711,21,83.94,1701.65,1,-13.7,1,6.3,Month-to-month,Electronic check,Fiber optic,No,0,0,1,0
CUST-04712,58,85.04,4749.34,0,-4.9,0,3.7,Month-to-month,Credit card,Fiber optic,Yes,0,0,0,0
CUST-04713,64,81.84,4955.65,3,12.4,0,6.7,Month-to-month,Bank transfer,DSL,No,1,1,1,0
CUST-04714,36,42.97,1739.6,3,15.9,0,5.4,Month-to-month,Electronic check,Fiber optic,No,0,1,0,0
CUST-04715,3,75.48,20.0,2,46.4,2,6.6,One year,Bank transfer,Fiber optic,No,0,0,0,1
CUST-04716,37,84.19,3148.53,0,-20.9,1,7.5,Two year,Mailed check,Fiber optic,No,0,0,0,0
CUST-04717,65,66.35,4166.84,2,7.5,0,5.1,Two year,Electronic check,None,Yes,0,0,1,0
CUST-04718,72,87.45,6165.05,1,6.8,0,5.6,Month-to-month,Credit card,None,No,0,0,1,0
CUST-04719,29,78.6,2003.51,1,11.8,1,4.2,Month-to-month,Mailed check,Fiber optic,No,0,1,0,0
CUST-04720,11,99.66,941.18,3,35.7,0,6.2,Month-to-month,Bank transfer,Fiber optic,No,0,0,1,1
CUST-04721,42,96.57,4058.14,3,22.0,2,5.4,One year,Mailed check,DSL,Yes,0,0,1,0
CUST-04722,60,82.68,5019.63,0,-17.7,0,10.0,Month-to-month,Electronic check,DSL,No,0,1,0,0
CUST-04723,69,39.72,2544.28,3,32.5,1,9.8,Two year,Credit card,Fiber optic,No,0,0,1,0
CUST-04724,4,128.14,489.83,4,32.1,0,9.5,Two year,Bank transfer,DSL,Yes,0,0,0,1
CUST-04725,21,74.03,1776.74,2,12.2,1,4.8,Month-to-month,Bank transfer,Fiber optic,Yes,1,0,1,0
CUST-04726,35,75.74,2235.24,1,-17.9,0,6.8,Month-to-month,Credit card,Fiber optic,No,0,0,0,0
CUST-04727,8,68.41,545.71,0,5.6,0,4.9,Month-to-month,Credit card,DSL,No,0,0,0,0
CUST-04728,64,64.32,3878.78,6,15.5,0,10.0,One year,Bank transfer,Fiber optic,Yes,0,0,0,0
CUST-04729,9,121.23,827.9,2,23.9,1,8.6,One year,Bank transfer,DSL,No,0,0,0,1
CUST-04730,48,116.81,5672.13,4,-20.3,1,5.2,Month-to-month,Bank transfer,Fiber optic,No,0,0,1,0
CUST-04731,67,90.44,5923.17,4,-4.3,0,7.8,Month-to-month,Mailed check,Fiber optic,No,0,1,1,0
CUST-04732,50,74.99,3445.3,0,25.6,0,4.4,One year,Credit card,Fiber optic,Yes,0,0,0,0
CUST-04733,55,95.34,5574.77,1,32.0,2,6.9,Month-to-month,Bank transfer,Fiber optic,No,0,1,1,0
CUST-04734,19,80.07,1751.35,1,14.9,0,6.8,One year,Bank transfer,DSL,No,0,0,1,0
CUST-04735,60,72.67,3877.12,2,26.4,0,8.4,Month-to-month,Mailed check,Fiber optic,Yes,0,0,1,0
CUST-04736,31,87.47,2342.96,2,15.3,0,8.9,Month-to-month,Credit card,DSL,Yes,0,1,0,0
CUST-04737,5,65.65,476.61,2,23.4,0,7.1,Month-to-month,Credit card,DSL,No,0,0,1,0
CUST-04738,27,85.06,2225.4,3,10.3,1,6.7,One year,Credit card,None,Yes,0,0,0,0
CUST-04739,26,83.72,2551.86,3,15.7,0,1.3,Month-to-month,Electronic check,None,No,0,1,1,0
CUST-04740,38,94.88,3759.52,2,-11.5,0,9.9,Month-to-month,Electronic check,Fiber optic,No,0,0,0,0
CUST-04741,20,60.66,1288.07,1,19.6,0,5.9,Month-to-month,Electronic check,None,No,0,1,0,0
CUST-04742,34,97.88,3072.45,0,-12.0,0,7.3,Two year,Bank transfer,None,No,1,0,1,0
CUST-04743,31,52.62,1754.08,1,19.5,0,10.0,Month-to-month,Credit card,Fiber optic,No,0,0,1,0
CUST-04744,24,61.97,1168.34,2,1.0,1,5.0,Two year,Credit card,Fiber optic,No,1,1,0,0
CUST-04745,51,63.19,3549.0,1,13.9,1,7.1,Two year,Mailed check,Fiber optic,Yes,0,0,1,0
CUST-04746,22,47.98,1161.09,2,-7.2,0,8.0,Month-to-month,Electronic check,DSL,No,0,0,0,0
CUST-04747,56,106.44,5754.43,2,-0.1,0,9.1,Two year,Credit card,DSL,No,0,0,0,0
CUST-04748,19,50.87,1167.7,1,13.9,1,7.1,Month-to-month,Mailed check,Fiber optic,Yes,0,0,0,0
CUST-04749,63,58.43,4241.47,2,20.1,0,9.2,One year,Electronic check,DSL,No,1,1,0,0
CUST-04750,27,113.15,3000.65,3,25.5,0,6.4,Month-to-month,Electronic check,DSL,No,0,0,1,1
CUST-04751,3,62.02,323.66,1,-10.4,1,8.1,One year,Mailed check,DSL,No,0,1,1,0
CUST-04752,11,72.73,692.07,3,-16.0,1,7.8,One year,Electronic check,Fiber optic,No,0,0,0,0
CUST-04753,59,49.66,2951.28,2,-7.6,0,6.9,Month-to-month,Credit card,Fiber optic,No,0,0,1,0
CUST-04754,63,101.32,6006.35,1,-9.0,2,7.7,Month-to-month,Bank transfer,DSL,Yes,1,1,1,0
CUST-04755,16,101.71,1627.23,1,33.1,1,5.5,Month-to-month,Bank transfer,DSL,No,0,0,0,1
CUST-04756,44,98.69,4353.25,3,29.4,0,6.6,Month-to-month,Mailed check,DSL,Yes,0,0,0,0
CUST-04757,42,93.05,4357.85,2,-7.9,0,4.8,One year,Bank transfer,DSL,No,0,1,0,0
CUST-04758,10,80.06,351.85,1,35.4,0,6.3,One year,Bank transfer,Fiber optic,Yes,0,0,1,0
CUST-04759,33,63.32,2019.34,2,28.5,0,9.1,Month-to-month,Electronic check,DSL,No,0,0,0,0
CUST-04760,50,55.18,3081.03,2,-18.1,1,7.9,Month-to-month,Electronic check,Fiber optic,No,1,1,1,0
CUST-04761,70,114.12,7927.96,3,-8.5,1,7.7,Two year,Bank transfer,None,Yes,0,0,0,0
CUST-04762,62,99.41,6120.58,1,-18.5,0,4.2,Month-to-month,Credit card,Fiber optic,Yes,0,0,0,0
CUST-04763,8,58.59,260.41,0,6.6,1,7.7,One year,Electronic check,Fiber optic,No,1,1,0,0
CUST-04764,18,79.12,1191.01,1,8.3,1,7.0,Month-to-month,Bank transfer,Fiber optic,Yes,1,1,0,0
CUST-04765,32,69.6,1770.74,1,8.2,0,8.1,One year,Bank transfer,None,Yes,0,1,0,0
CUST-04766,11,46.41,353.21,2,-24.4,1,9.6,One year,Credit card,None,No,0,0,1,0
CUST-04767,42,82.97,3237.4,1,-14.8,0,6.4,Month-to-month,Electronic check,DSL,No,0,0,0,0
CUST-04768,1,66.37,95.88,1,12.2,0,6.5,Month-to-month,Mailed check,DSL,Yes,0,1,1,0
CUST-04769,9,51.33,265.05,4,18.0,0,8.8,Month-to-month,Mailed check,DSL,Yes,0,1,0,0
CUST-04770,4,36.58,26.42,2,-24.3,0,6.0,Month-to-month,Electronic check,DSL,No,0,0,0,0
CUST-04771,22,34.21,639.57,0,-12.5,2,7.3,One year,Bank transfer,Fiber optic,No,0,0,1,0
CUST-04772,55,67.6,3705.96,0,24.4,0,3.5,One year,Credit card,Fiber optic,Yes,0,1,0,0
CUST-04773,13,75.62,850.93,2,-11.6,0,6.5,One year,Electronic check,Fiber optic,No,0,0,1,0
CUST-04774,72,53.49,3585.83,2,7.8,0,9.4,Month-to-month,Credit card,Fiber optic,Yes,0,0,1,0
CUST-04775,20,96.22,1945.84,1,-13.1,1,7.7,Month-to-month,Mailed check,DSL,Yes,0,0,1,0
CUST-04776,4,76.16,571.51,1,21.3,3,8.7,Month-to-month,Credit card,Fiber optic,No,0,1,0,1
CUST-04777,25,94.15,2385.87,3,-24.3,0,8.8,Month-to-month,Electronic check,DSL,No,0,0,1,0
CUST-04778,54,72.88,3783.06,2,3.1,2,9.5,Month-to-month,Electronic check,DSL,No,1,1,1,0
CUST-04779,8,55.96,416.89,3,23.0,0,6.5,Month-to-month,Bank transfer,None,No,0,0,1,0
CUST-04780,6,81.2,20.0,3,17.8,0,8.8,Two year,Electronic check,Fiber optic,No,1,0,1,0
CUST-04781,62,42.65,2609.45,1,0.6,0,10.0,Month-to-month,Credit card,Fiber optic,Yes,0,0,0,0
CUST-04782,43,93.1,3903.21,0,-3.2,0,7.1,Month-to-month,Bank transfer,Fiber optic,No,0,0,0,0
CUST-04783,25,51.76,1060.63,1,4.3,1,4.7,Month-to-month,Credit card,DSL,No,0,0,1,0
CUST-04784,55,103.71,5516.03,4,-12.6,1,6.0,One year,Credit card,Fiber optic,No,0,1,1,0
CUST-04785,61,68.52,4077.16,1,6.4,1,7.9,One year,Electronic check,DSL,No,0,0,0,0
CUST-04786,26,107.75,3049.61,2,6.7,0,4.1,One year,Credit card,DSL,Yes,1,0,0,1
CUST-04787,41,46.57,2182.39,0,1.3,1,5.7,Month-to-month,Credit card,DSL,No,0,0,1,0
CUST-04788,1,59.02,20.0,0,24.0,1,6.5,Month-to-month,Bank transfer,Fiber optic,No,1,1,1,0
CUST-04789,23,88.67,1909.89,1,-9.1,1,7.3,Two year,Credit card,Fiber optic,No,0,0,0,0
CUST-04790,43,110.77,4639.96,1,-19.3,0,10.0,Two year,Electronic check,DSL,No,0,0,1,0
CUST-04791,15,124.67,2072.44,0,-0.4,0,8.3,Two year,Credit card,DSL,Yes,0,0,0,0
CUST-04792,72,79.16,5735.9,2,10.0,0,5.1,Two year,Mailed check,Fiber optic,No,0,0,0,0
CUST-04793,70,129.46,9085.4,1,6.3,1,10.0,Month-to-month,Credit card,DSL,No,0,0,0,0
CUST-04794,19,69.89,1461.98,3,5.6,0,7.1,Month-to-month,Electronic check,Fiber optic,No,0,1,0,0
CUST-04795,29,108.77,3005.23,1,-10.0,1,4.1,One year,Electronic check,DSL,No,1,0,1,0
CUST-04796,14,51.62,1063.65,0,-7.7,1,5.2,One year,Mailed check,DSL,No,0,0,1,0
CUST-04797,37,89.77,3321.05,2,0.2,0,5.2,Month-to-month,Credit card,None,Yes,0,0,1,0
CUST-04798,9,20.0,20.0,7,-1.1,0,4.7,One year,Electronic check,DSL,No,1,0,0,0
CUST-04799,29,46.6,1293.99,4,25.6,3,8.0,Two year,Credit card,Fiber optic,Yes,0,0,1,0
CUST-04800,40,91.07,3950.78,3,12.2,0,2.3,Month-to-month,Electronic check,DSL,Yes,0,0,1,1
CUST-04801,45,41.25,1749.96,1,-0.5,0,8.9,Month-to-month,Mailed check,DSL,No,1,0,1,0
CUST-04802,43,89.95,4105.24,2,25.5,1,8.6,Month-to-month,Bank transfer,Fiber optic,No,0,0,0,0
CUST-04803,16,103.38,1497.74,0,15.1,2,6.3,Month-to-month,Electronic check,DSL,No,0,0,1,0
CUST-04804,58,63.96,3518.26,1,-13.7,1,8.7,One year,Electronic check,Fiber optic,No,0,0,0,0
CUST-04805,50,50.87,2708.4,2,-35.0,0,5.1,One year,Electronic check,DSL,No,0,0,1,0
CUST-04806,55,64.72,3341.11,2,-13.2,0,5.6,Month-to-month,Credit card,Fiber optic,Yes,0,1,0,0
CUST-04807,34,50.96,1938.28,3,17.5,1,8.1,Two year,Credit card,Fiber optic,No,0,1,1,0
CUST-04808,65,75.17,4973.96,3,22.3,0,6.7,Month-to-month,Credit card,Fiber optic,No,0,0,1,0
CUST-04809,29,80.86,2126.54,1,-18.6,0,6.0,One year,Electronic check,Fiber optic,Yes,0,0,0,0
CUST-04810,59,69.43,4078.51,2,18.5,0,6.9,One year,Credit card,None,No,0,1,0,0
CUST-04811,15,124.88,1736.01,4,17.9,1,9.5,Two year,Credit card,DSL,No,0,0,0,0
CUST-04812,18,57.86,1128.72,3,30.3,1,9.4,Month-to-month,Credit card,Fiber optic,Yes,0,0,1,0
CUST-04813,38,116.96,4916.43,5,23.2,1,7.9,One year,Credit card,Fiber optic,No,0,0,0,0
CUST-04814,41,48.85,1910.17,1,29.6,0,6.5,One year,Electronic check,None,Yes,0,0,0,0
CUST-04815,54,80.04,4455.6,1,15.8,1,8.0,Two year,Credit card,DSL,No,0,1,1,0
CUST-04816,22,111.13,2450.97,2,15.3,2,5.5,One year,Electronic check,DSL,Yes,0,1,1,1
CUST-04817,63,109.68,6915.85,2,2.6,1,9.2,Two year,Credit card,DSL,Yes,0,0,0,0
CUST-04818,24,66.23,1548.22,2,21.1,1,8.8,Month-to-month,Bank transfer,Fiber optic,No,0,1,1,0
CUST-04819,39,93.54,3433.71,1,-13.3,2,10.0,Month-to-month,Electronic check,Fiber optic,Yes,0,0,0,0
CUST-04820,68,89.79,6189.5,2,5.8,0,5.7,Month-to-month,Electronic check,Fiber optic,No,0,1,0,0
CUST-04821,39,62.88,2380.13,4,16.6,0,5.4,Month-to-month,Mailed check,DSL,No,1,0,1,0
CUST-04822,50,95.25,4536.3,1,30.5,0,8.1,Two year,Bank transfer,Fiber optic,No,0,1,0,0
CUST-04823,66,130.15,8843.44,1,0.4,0,6.6,Month-to-month,Bank transfer,Fiber optic,No,0,1,1,1
CUST-04824,71,91.21,6500.66,0,23.5,0,8.9,Month-to-month,Mailed check,None,Yes,0,0,1,0
CUST-04825,36,93.86,3321.94,1,4.8,0,9.5,One year,Bank transfer,Fiber optic,No,0,0,0,0
CUST-04826,31,96.82,3336.43,1,23.8,1,10.0,Month-to-month,Credit card,Fiber optic,Yes,0,0,1,0
CUST-04827,15,37.09,97.33,2,-4.8,2,7.2,Month-to-month,Credit card,Fiber optic,No,0,0,1,0
CUST-04828,39,90.89,3862.92,0,19.6,0,8.7,One year,Credit card,Fiber optic,No,0,1,0,0
CUST-04829,67,49.53,3098.46,3,6.5,1,6.2,Two year,Electronic check,DSL,No,0,0,0,0
CUST-04830,36,61.48,2266.16,2,-11.0,0,7.5,Month-to-month,Mailed check,DSL,No,0,0,1,0
CUST-04831,26,138.53,3454.76,4,5.5,0,7.0,One year,Credit card,Fiber optic,No,0,0,0,0
CUST-04832,8,70.91,336.53,2,29.1,1,6.9,Month-to-month,Bank transfer,Fiber optic,Yes,0,0,0,0
CUST-04833,29,57.28,1989.59,5,-8.3,0,10.0,Month-to-month,Credit card,DSL,Yes,1,0,0,0
CUST-04834,18,110.27,2448.91,0,-15.7,1,4.7,Month-to-month,Electronic check,DSL,Yes,0,0,0,1
CUST-04835,71,51.47,3599.06,1,14.4,1,7.1,Month-to-month,Electronic check,Fiber optic,No,0,1,0,0
CUST-04836,38,65.47,2571.73,2,-18.8,1,7.2,Two year,Credit card,DSL,No,0,0,0,0
CUST-04837,10,112.97,1143.95,0,33.0,0,8.3,One year,Credit card,None,Yes,0,1,1,0
CUST-04838,5,79.2,828.63,1,32.6,0,5.1,Month-to-month,Bank transfer,Fiber optic,No,0,0,1,1
CUST-04839,62,34.28,1597.07,2,24.6,0,6.6,Month-to-month,Credit card,DSL,Yes,0,0,0,0
CUST-04840,68,93.23,6433.92,1,7.8,0,6.0,Month-to-month,Mailed check,DSL,No,0,0,1,0
CUST-04841,55,66.9,3497.72,2,34.6,1,3.0,Two year,Electronic check,Fiber optic,Yes,0,0,1,0
CUST-04842,9,121.12,501.09,2,29.5,0,9.2,Two year,Bank transfer,None,No,0,1,1,0
CUST-04843,8,61.03,398.11,0,-0.5,0,4.5,Two year,Electronic check,DSL,Yes,0,0,0,1
CUST-04844,15,107.43,2073.46,1,31.0,0,4.2,Month-to-month,Mailed check,Fiber optic,No,1,0,0,1
CUST-04845,55,127.72,6860.59,0,-6.6,1,8.8,Two year,Electronic check,DSL,Yes,0,1,0,0
CUST-04846,56,54.17,3231.21,1,4.8,1,6.5,One year,Bank transfer,Fiber optic,No,1,0,1,0
CUST-04847,61,72.59,4727.66,3,-20.7,0,6.6,Month-to-month,Mailed check,Fiber optic,Yes,1,0,0,0
CUST-04848,7,88.88,618.99,2,10.3,0,6.6,Month-to-month,Credit card,None,Yes,0,0,0,0
CUST-04849,12,53.99,677.99,1,3.3,0,9.0,Month-to-month,Electronic check,DSL,No,1,0,0,0
CUST-04850,65,85.57,5132.98,3,0.8,1,6.1,Month-to-month,Mailed check,Fiber optic,No,0,0,1,0
CUST-04851,67,71.7,4624.86,0,5.3,2,8.2,Month-to-month,Electronic check,DSL,No,0,0,1,0
CUST-04852,53,71.14,3997.17,2,-1.3,1,5.0,Month-to-month,Bank transfer,Fiber optic,No,0,0,0,0
CUST-04853,8,79.37,650.13,1,8.7,1,7.7,One year,Electronic check,Fiber optic,Yes,0,0,0,0
CUST-04854,5,80.0,491.84,2,28.5,1,8.7,Month-to-month,Credit card,Fiber optic,No,0,0,0,0
CUST-04855,5,82.59,446.24,2,-9.0,1,9.6,Month-to-month,Electronic check,None,Yes,0,1,0,0
CUST-04856,50,61.23,3609.5,5,21.8,2,4.3,One year,Credit card,Fiber optic,No,0,0,0,0
CUST-04857,61,62.46,3702.43,3,11.4,2,6.6,Month-to-month,Bank transfer,Fiber optic,No,0,0,0,0
CUST-04858,46,74.68,3836.63,3,14.0,0,10.0,Month-to-month,Electronic check,DSL,No,1,0,1,0
CUST-04859,19,76.75,1491.63,3,7.5,2,8.8,Two year,Mailed check,DSL,No,0,0,0,0
CUST-04860,55,65.71,4037.6,1,-3.5,4,6.7,Month-to-month,Credit card,Fiber optic,Yes,0,0,1,0
CUST-04861,5,87.07,129.11,0,15.1,0,7.1,Month-to-month,Bank transfer,None,Yes,0,0,1,0
CUST-04862,60,27.19,1677.56,1,16.3,2,7.6,Month-to-month,Bank transfer,Fiber optic,Yes,1,1,0,0
CUST-04863,65,57.55,3642.33,2,-4.8,0,6.4,Month-to-month,Bank transfer,Fiber optic,No,0,0,0,0
CUST-04864,52,70.16,3683.19,2,-13.4,0,8.1,Month-to-month,Bank transfer,None,No,0,0,0,0
CUST-04865,64,54.03,3763.51,2,9.4,2,8.0,Two year,Credit card,Fiber optic,No,0,0,0,0
CUST-04866,43,123.62,5410.36,1,20.1,0,5.1,Two year,Electronic check,None,Yes,1,0,1,0
CUST-04867,34,78.53,2975.12,2,24.1,0,6.2,Month-to-month,Bank transfer,DSL,Yes,0,0,1,0
CUST-04868,24,82.95,1823.24,1,27.3,0,6.3,Month-to-month,Credit card,DSL,Yes,0,0,1,0
CUST-04869,67,64.47,4113.78,0,13.9,3,6.6,Month-to-month,Mailed check,Fiber optic,No,0,1,0,0
CUST-04870,51,77.56,3959.59,1,3.8,1,7.6,One year,Electronic check,Fiber optic,Yes,0,0,0,0
CUST-04871,14,43.97,605.92,3,8.0,2,7.4,Two year,Electronic check,Fiber optic,No,0,0,1,1
CUST-04872,69,73.25,5007.79,4,-11.9,1,5.8,Month-to-month,Credit card,Fiber optic,No,0,0,0,0
CUST-04873,5,51.76,20.0,1,-2.9,3,9.5,Two year,Mailed check,DSL,No,0,0,0,0
CUST-04874,43,70.23,3319.55,7,7.1,1,7.1,Month-to-month,Credit card,Fiber optic,Yes,0,1,0,1
CUST-04875,14,20.0,189.29,5,3.7,2,9.7,One year,Bank transfer,Fiber optic,No,1,0,0,0
CUST-04876,48,46.42,2584.68,5,9.5,1,9.7,Month-to-month,Electronic check,Fiber optic,Yes,0,1,0,0
CUST-04877,30,118.99,3572.89,3,-14.0,1,5.2,One year,Mailed check,DSL,No,0,1,0,0
CUST-04878,32,101.25,3402.11,3,-10.4,3,6.2,One year,Credit card,Fiber optic,Yes,0,0,1,0
CUST-04879,49,114.93,5771.0,3,20.4,1,6.3,One year,Credit card,DSL,Yes,0,1,1,0
CUST-04880,55,116.86,6221.23,2,-5.3,1,7.7,One year,Mailed check,Fiber optic,No,1,1,0,0
CUST-04881,28,96.84,2803.32,1,-2.8,0,8.4,Month-to-month,Mailed check,DSL,No,0,0,0,0
CUST-04882,72,65.32,5185.12,0,9.5,0,7.4,Month-to-month,Electronic check,DSL,No,0,1,0,0
CUST-04883,36,48.96,1825.46,2,-6.9,1,6.1,One year,Electronic check,DSL,No,1,0,0,0
CUST-04884,12,110.11,1546.64,3,25.7,1,10.0,One year,Electronic check,None,No,0,0,1,1
CUST-04885,1,79.81,253.13,2,-12.1,0,6.3,Two year,Mailed check,DSL,No,0,0,0,1
CUST-04886,15,147.83,2294.21,4,8.0,0,8.4,One year,Bank transfer,Fiber optic,No,0,1,0,0
CUST-04887,50,67.78,3435.62,0,-4.0,1,7.0,Month-to-month,Credit card,Fiber optic,Yes,0,0,1,0
CUST-04888,39,133.24,5333.19,2,10.5,1,7.0,Month-to-month,Bank transfer,DSL,No,0,0,0,1
CUST-04889,25,73.61,2031.07,1,0.0,1,8.3,One year,Bank transfer,DSL,Yes,0,0,0,0
CUST-04890,35,115.41,3701.31,1,7.6,0,9.9,Month-to-month,Electronic check,None,Yes,0,1,0,0
CUST-04891,61,125.51,7717.94,1,27.5,0,7.6,Month-to-month,Mailed check,Fiber optic,Yes,0,1,0,0
CUST-04892,42,49.36,2027.1,4,-3.0,0,6.2,Month-to-month,Bank transfer,None,Yes,0,0,0,0
CUST-04893,5,64.42,224.22,2,-3.1,0,9.8,Month-to-month,Credit card,None,Yes,0,1,1,0
CUST-04894,4,49.08,520.31,1,2.9,2,8.0,Two year,Electronic check,Fiber optic,No,0,0,0,0
CUST-04895,35,43.56,1341.31,2,31.6,1,7.4,Month-to-month,Electronic check,Fiber optic,No,0,1,0,0
CUST-04896,30,96.68,2551.71,3,6.6,1,8.9,Two year,Electronic check,Fiber optic,Yes,0,0,1,0
CUST-04897,62,72.49,4693.31,5,27.7,0,7.7,Two year,Electronic check,Fiber optic,No,0,0,1,0
CUST-04898,42,79.47,2982.64,1,5.2,1,10.0,Two year,Credit card,Fiber optic,No,0,0,0,0
CUST-04899,55,93.57,4664.36,2,27.0,0,7.1,One year,Electronic check,Fiber optic,No,0,0,0,1
CUST-04900,43,25.99,1344.64,3,14.5,2,9.2,Month-to-month,Bank transfer,DSL,No,0,0,0,0
CUST-04901,25,114.03,2890.43,4,16.9,1,7.9,Month-to-month,Electronic check,Fiber optic,No,0,0,1,1
CUST-04902,48,68.23,3393.22,1,-15.0,2,7.9,One year,Mailed check,None,No,1,1,0,0
CUST-04903,45,92.91,4070.34,0,-17.3,0,6.4,Month-to-month,Electronic check,Fiber optic,No,0,0,0,0
CUST-04904,52,95.38,4613.66,2,25.1,2,6.5,Month-to-month,Credit card,DSL,No,0,0,0,0
CUST-04905,14,116.38,1332.87,0,24.9,1,8.0,Two year,Mailed check,Fiber optic,No,0,1,0,0
CUST-04906,47,75.06,3459.77,0,46.7,0,5.5,One year,Mailed check,Fiber optic,No,0,0,1,0
CUST-04907,21,20.0,101.9,1,-15.8,1,6.1,Month-to-month,Credit card,DSL,No,0,0,1,0
CUST-04908,57,79.6,4613.96,8,15.8,0,7.1,One year,Credit card,Fiber optic,No,0,0,1,0
CUST-04909,58,83.62,4734.35,1,-8.4,1,9.3,One year,Bank transfer,Fiber optic,No,0,0,1,0
CUST-04910,45,49.04,2253.06,3,-3.8,3,7.2,Two year,Credit card,Fiber optic,No,0,0,1,0
CUST-04911,69,82.13,5705.76,4,-0.0,2,7.2,One year,Mailed check,DSL,No,0,1,1,0
CUST-04912,39,67.89,2744.41,2,14.1,0,5.2,Month-to-month,Bank transfer,DSL,No,0,0,1,0
CUST-04913,2,40.4,205.67,3,-2.6,1,10.0,One year,Credit card,Fiber optic,No,0,0,1,0
CUST-04914,44,96.8,4173.22,4,8.5,0,9.1,One year,Mailed check,None,No,0,0,0,0
CUST-04915,56,62.22,3530.31,1,21.3,1,9.3,Month-to-month,Electronic check,Fiber optic,No,0,1,0,0
CUST-04916,8,66.62,591.96,2,26.0,0,4.5,One year,Credit card,DSL,Yes,0,1,1,0
CUST-04917,8,65.05,20.0,2,19.1,1,7.7,Month-to-month,Electronic check,DSL,No,0,0,0,0
CUST-04918,20,112.59,2413.43,2,15.2,3,5.4,Two year,Bank transfer,Fiber optic,No,0,1,0,0
CUST-04919,61,76.85,4725.34,3,5.7,1,8.5,Two year,Credit card,DSL,Yes,0,0,1,0
CUST-04920,38,80.21,3188.99,3,-1.1,1,7.7,Month-to-month,Bank transfer,DSL,Yes,0,0,0,0
CUST-04921,71,65.66,4340.15,1,16.6,0,8.0,Month-to-month,Electronic check,DSL,No,1,0,0,0
CUST-04922,63,90.96,5651.54,2,-8.8,0,5.8,Month-to-month,Credit card,DSL,Yes,0,1,1,0
CUST-04923,40,115.78,4358.32,4,9.9,1,5.2,Month-to-month,Electronic check,DSL,Yes,0,0,0,0
CUST-04924,49,96.14,4897.01,1,-9.2,0,5.9,Month-to-month,Bank transfer,DSL,Yes,0,0,0,0
CUST-04925,24,97.23,1982.24,5,7.3,0,7.7,Month-to-month,Electronic check,Fiber optic,Yes,0,0,0,0
CUST-04926,7,94.97,432.63,1,-8.9,1,6.7,Month-to-month,Mailed check,DSL,Yes,0,0,0,0
CUST-04927,29,39.35,1274.73,1,1.6,0,7.6,One year,Bank transfer,Fiber optic,No,1,1,1,0
CUST-04928,43,53.47,2141.87,0,-2.8,0,5.3,Month-to-month,Credit card,None,No,0,0,1,0
CUST-04929,14,72.26,779.54,2,-4.7,0,7.1,Month-to-month,Bank transfer,DSL,No,0,1,0,0
CUST-04930,16,57.68,1149.56,1,6.6,1,9.6,Month-to-month,Bank transfer,Fiber optic,No,0,0,0,0
CUST-04931,2,48.19,333.31,0,-30.8,2,7.7,Month-to-month,Electronic check,DSL,Yes,0,0,1,0
CUST-04932,53,25.58,1536.26,1,-20.8,2,7.8,Month-to-month,Bank transfer,DSL,No,0,0,0,0
CUST-04933,65,40.3,2831.68,4,20.9,0,7.8,Two year,Mailed check,DSL,No,0,1,1,0
CUST-04934,60,70.82,4191.31,2,10.4,1,6.2,Month-to-month,Credit card,Fiber optic,No,0,0,1,0
CUST-04935,28,76.06,2078.53,0,-3.6,0,10.0,Two year,Electronic check,DSL,Yes,0,0,0,0
CUST-04936,43,55.79,2236.95,1,23.6,0,7.7,Month-to-month,Bank transfer,Fiber optic,No,0,0,0,0
CUST-04937,70,80.21,5656.63,1,-2.2,1,7.4,Month-to-month,Bank transfer,None,No,0,0,0,0
CUST-04938,43,65.85,2699.58,0,-1.3,0,8.3,Two year,Credit card,Fiber optic,No,0,0,0,0
CUST-04939,22,108.54,2279.61,2,-4.5,1,8.8,Month-to-month,Credit card,Fiber optic,No,0,0,1,0
CUST-04940,25,73.47,1986.73,3,38.5,0,4.9,Month-to-month,Bank transfer,DSL,Yes,0,1,0,0
CUST-04941,53,97.5,5463.63,4,11.8,0,7.2,Month-to-month,Mailed check,Fiber optic,No,0,1,0,0
CUST-04942,33,83.69,2861.34,2,11.1,1,10.0,Two year,Credit card,Fiber optic,Yes,0,0,0,0
CUST-04943,61,38.74,2811.72,0,15.5,1,10.0,Month-to-month,Electronic check,DSL,Yes,0,0,1,0
CUST-04944,63,75.46,4577.6,1,-21.6,0,6.9,Month-to-month,Bank transfer,Fiber optic,No,0,0,0,0
CUST-04945,3,43.4,20.0,2,-1.5,0,8.4,Two year,Credit card,Fiber optic,No,0,0,0,0
CUST-04946,53,74.97,4152.07,2,15.3,0,6.5,One year,Electronic check,DSL,No,0,0,1,0
CUST-04947,27,57.14,1349.82,0,7.9,0,7.7,One year,Electronic check,Fiber optic,No,0,0,0,0
CUST-04948,38,88.69,3301.8,1,43.3,0,6.3,Month-to-month,Credit card,Fiber optic,No,0,0,0,0
CUST-04949,20,40.41,365.75,4,-0.6,0,6.2,One year,Bank transfer,Fiber optic,No,0,0,0,0
CUST-04950,27,78.41,1892.27,3,23.1,1,6.0,One year,Electronic check,DSL,Yes,0,1,0,0
CUST-04951,24,94.03,1881.16,0,20.9,1,10.0,Month-to-month,Credit card,DSL,Yes,0,0,1,0
CUST-04952,4,103.41,305.06,1,10.3,0,6.2,One year,Electronic check,DSL,Yes,0,1,0,1
CUST-04953,57,56.6,3127.56,0,13.2,0,9.2,Two year,Credit card,None,No,0,0,0,0
CUST-04954,11,78.5,885.99,1,3.4,1,6.3,Month-to-month,Bank transfer,Fiber optic,Yes,0,0,0,0
CUST-04955,28,83.16,2638.41,3,-23.6,1,6.1,Month-to-month,Credit card,DSL,Yes,0,0,0,0
CUST-04956,14,121.32,1867.71,3,13.6,1,7.8,Month-to-month,Credit card,DSL,No,0,0,0,1
CUST-04957,12,36.52,32.7,3,14.9,0,4.8,One year,Electronic check,DSL,Yes,0,0,0,0
CUST-04958,27,52.49,1569.23,3,17.4,0,8.3,One year,Credit card,DSL,No,0,1,0,0
CUST-04959,67,156.52,10514.78,2,9.0,0,6.9,Month-to-month,Credit card,Fiber optic,No,1,1,0,1
CUST-04960,68,70.35,4759.34,1,23.5,2,6.1,Month-to-month,Credit card,Fiber optic,No,0,0,0,0
CUST-04961,28,25.05,695.73,2,-5.9,0,5.7,Month-to-month,Electronic check,DSL,No,0,0,0,0
CUST-04962,37,61.69,2333.67,5,31.5,0,10.0,Month-to-month,Credit card,Fiber optic,No,0,1,1,0
CUST-04963,71,20.0,1247.03,1,-7.8,0,7.0,One year,Mailed check,Fiber optic,No,0,0,0,0
CUST-04964,17,84.75,1395.16,2,6.3,1,7.0,Month-to-month,Credit card,DSL,No,0,0,0,1
CUST-04965,69,100.67,7242.21,0,18.9,0,8.7,Month-to-month,Mailed check,DSL,Yes,0,0,1,0
CUST-04966,8,52.47,243.78,1,-0.2,1,5.6,Month-to-month,Bank transfer,DSL,No,1,0,1,0
CUST-04967,17,64.82,844.47,2,20.0,0,9.1,Month-to-month,Credit card,DSL,No,0,0,1,0
CUST-04968,25,103.86,2581.07,3,2.5,0,7.0,One year,Bank transfer,DSL,No,0,1,0,0
CUST-04969,3,28.99,20.0,0,9.9,3,4.6,One year,Electronic check,DSL,Yes,1,0,0,0
CUST-04970,59,41.0,1988.3,1,5.1,1,6.1,One year,Credit card,DSL,No,0,0,0,0
CUST-04971,62,71.61,4353.7,4,-1.2,0,5.1,Month-to-month,Bank transfer,Fiber optic,No,0,0,1,0
CUST-04972,28,56.93,1956.2,1,44.0,0,7.2,One year,Mailed check,Fiber optic,No,0,0,1,0
CUST-04973,61,69.77,4246.32,3,-5.4,0,5.7,Month-to-month,Credit card,DSL,No,0,1,0,0
CUST-04974,56,42.61,2430.8,1,-28.6,0,5.5,Month-to-month,Mailed check,DSL,No,1,1,1,0
CUST-04975,58,84.0,4339.46,4,-4.9,3,7.6,One year,Credit card,Fiber optic,Yes,0,0,0,0
CUST-04976,58,73.82,4391.09,1,10.1,0,7.2,Month-to-month,Credit card,DSL,No,0,0,0,0
CUST-04977,42,93.38,3945.3,1,2.0,1,9.3,Month-to-month,Bank transfer,Fiber optic,No,1,0,1,0
CUST-04978,8,83.61,502.65,1,24.3,1,9.2,Month-to-month,Credit card,DSL,Yes,0,1,1,0
CUST-04979,67,83.79,5658.94,3,23.7,1,7.2,One year,Electronic check,Fiber optic,Yes,0,1,1,0
CUST-04980,44,37.5,1692.53,3,2.9,1,8.0,Month-to-month,Credit card,DSL,Yes,0,0,0,0
CUST-04981,65,91.79,5701.48,4,-18.9,0,4.6,Two year,Electronic check,None,No,0,0,0,0
CUST-04982,70,68.74,4894.76,1,-12.5,1,8.4,Month-to-month,Credit card,DSL,Yes,0,1,0,0
CUST-04983,14,73.34,1326.04,3,7.5,0,7.8,Month-to-month,Bank transfer,DSL,No,1,0,0,1
CUST-04984,29,107.35,3056.16,1,-17.0,1,8.8,Month-to-month,Mailed check,Fiber optic,Yes,0,1,0,0
CUST-04985,14,57.86,593.14,1,2.1,0,6.5,One year,Credit card,Fiber optic,No,0,0,0,0
CUST-04986,4,115.83,418.92,3,30.7,0,6.6,One year,Credit card,None,No,0,1,0,0
CUST-04987,70,118.45,8505.15,2,13.5,1,6.6,Month-to-month,Electronic check,DSL,No,0,0,1,0
CUST-04988,67,99.08,6331.78,6,8.7,2,9.7,One year,Credit card,DSL,Yes,0,0,0,0
CUST-04989,68,50.54,3581.36,2,-8.7,1,7.6,Month-to-month,Credit card,None,Yes,0,1,0,0
CUST-04990,64,20.0,1110.5,2,10.9,1,4.4,Two year,Bank transfer,Fiber optic,Yes,0,0,0,0
CUST-04991,47,108.21,5146.39,2,3.9,1,8.3,Month-to-month,Credit card,DSL,No,0,1,1,0
CUST-04992,38,81.12,2941.48,0,11.8,0,6.3,Month-to-month,Mailed check,Fiber optic,Yes,0,0,0,1
CUST-04993,72,57.13,3971.61,3,19.6,0,9.1,One year,Electronic check,DSL,No,0,0,1,0
CUST-04994,40,110.86,4815.17,0,22.4,1,8.1,Month-to-month,Bank transfer,DSL,No,0,0,1,0
CUST-04995,47,53.88,2180.09,3,10.1,1,9.3,One year,Mailed check,DSL,Yes,0,1,0,0
CUST-04996,16,66.12,1179.26,0,16.2,0,9.0,Month-to-month,Bank transfer,Fiber optic,No,0,1,1,0
CUST-04997,54,92.7,5438.63,4,-0.2,0,8.8,Month-to-month,Mailed check,None,No,0,1,0,0
CUST-04998,60,46.82,2980.58,3,26.1,0,9.1,Month-to-month,Bank transfer,DSL,Yes,0,0,1,0
CUST-04999,49,74.93,3338.8,2,-6.2,1,8.6,Month-to-month,Bank transfer,None,Yes,0,0,1,0
CUST-05000,36,108.5,3585.6,1,4.7,0,5.9,Month-to-month,Mailed check,Fiber optic,Yes,1,0,0,1
